Comment ID,Reply to Which Comment,User ID,Comment,Comment Time,Digg Count,Author Digged,Reply Count,Pinned to Top,is_reply,is_emoji
7669319408842081044,Not Reply to Any Comment,6602052900607623174,🥰🥰🥰,"8/2/2026, 12:21:30 PM",1,Yes,0,No,False,emoji
7669319064204641044,Not Reply to Any Comment,6602052900607623174,🥰🥰🥰,"8/2/2026, 12:20:13 PM",1,Yes,0,No,False,emoji
7669318657889272596,Not Reply to Any Comment,6602052900607623174,🥰🥰🥰,"8/2/2026, 12:18:36 PM",1,Yes,0,No,False,emoji
7666354577964712720,Not Reply to Any Comment,7410829670142657542,❤️❤️❤️,"7/25/2026, 12:36:20 PM",1,Yes,0,No,False,emoji
7665424955869905685,Not Reply to Any Comment,6555001822149350400,🙌🙌,"7/23/2026, 12:28:58 AM",1,Yes,1,No,False,emoji
7665989782560555784,7.665424955869906e+18,7588871257367266322,❣️,"7/24/2026, 1:00:48 PM",0,No,0,Not Applicable,True,emoji
7665389735800472327,7.665388520731543e+18,7588871257367266322,❣️,"7/22/2026, 10:12:16 PM",0,No,0,Not Applicable,True,emoji
7665382149832917781,Not Reply to Any Comment,6687364277055161349,mero ni baki xa hoo bro,"7/22/2026, 9:42:58 PM",1,Yes,1,No,False,text
7665389773196870408,7.665382149832918e+18,7588871257367266322,lau lihalnu paryo aba,"7/22/2026, 10:12:27 PM",1,No,0,Not Applicable,True,text
7670103883570381575,Not Reply to Any Comment,6598121486987591686,म बिदेस मा छु येहा बाट लाइसेन्स रीनो गर्न मिल्दैन,"8/4/2026, 3:05:38 PM",0,No,0,No,False,text
7670094021976916756,Not Reply to Any Comment,7043789851683505157,medical paxe kati din lagxa approve garna,"8/4/2026, 2:27:25 PM",0,No,0,No,False,text
7670500447186387730,Not Reply to Any Comment,7255479054580777989,मिलेन हो,"8/5/2026, 4:44:28 PM",0,No,0,No,False,text
7670081747802931986,Not Reply to Any Comment,6673154273373160454,daju license ko number kasari change garne🥰,"8/4/2026, 1:39:37 PM",0,No,0,No,False,text
7670030772732166920,Not Reply to Any Comment,6801281188831380486,phone number change garnu chai milxa ki mildaina ?,"8/4/2026, 10:21:54 AM",0,No,1,No,False,text
7670034874158170898,7.670030772732167e+18,7588871257367266322,milxa aja video aune cha,"8/4/2026, 10:37:50 AM",1,No,0,Not Applicable,True,text
7669690242404025108,Not Reply to Any Comment,6924118101551367174,sir Maya form kholeko X ki nqi,"8/3/2026, 12:20:36 PM",0,No,0,No,False,text
7665398460938552072,Not Reply to Any Comment,6966962058097542149,k KO hunu medical ma Gaya pachi harako harakoi,"7/22/2026, 10:46:11 PM",1,Yes,4,No,False,text
7667092289931445010,7.665398460938552e+18,7588871257367266322,medical ma gayexi dr lai phone garnu hola or office mai gayera pani medical garna sakinxa,"7/27/2026, 12:19:04 PM",0,No,0,Not Applicable,True,text
7667473041442210568,7.665398460938552e+18,7060908934949438470,maile bagmati bata vareko Kun office ma Janey sir aba medical garna?,"7/28/2026, 12:56:36 PM",0,No,0,Not Applicable,True,text
7667475008553878290,7.665398460938552e+18,7588871257367266322,jun office gaye pani hunxa ailey centralized system cha,"7/28/2026, 1:04:15 PM",0,No,0,Not Applicable,True,text
7667458363324564231,7.665398460938552e+18,6966962058097542149,doctor KO number Kata bata pauna,"7/28/2026, 11:59:41 AM",0,No,0,Not Applicable,True,text
7669735235198550785,Not Reply to Any Comment,6783530506702160902,new license ko tax pay garni kasre ho?,"8/3/2026, 3:15:51 PM",0,No,0,No,False,text
7669597044721992464,Not Reply to Any Comment,7432886243430646801,Log in nai Hunna 😏,"8/3/2026, 6:18:56 AM",0,No,0,No,False,text
7669466305360347911,Not Reply to Any Comment,7066352936279933978,License record ani license details pani baninxa yai bata?,"8/2/2026, 9:51:28 PM",0,No,0,No,False,text
7669726546307154706,Not Reply to Any Comment,6898601339547796482,karyalaya ma xaii jada hudaina rw,"8/3/2026, 2:41:16 PM",0,No,0,No,False,text
7669232341742715655,Not Reply to Any Comment,6653044521670459398,Lumbini pardes ko ajhai khuleko xsin🥺,"8/2/2026, 6:43:35 AM",0,No,0,No,False,text
7669071706703840021,Not Reply to Any Comment,6551923695558857743,insurance ko lagi k garnu parxa,"8/1/2026, 8:20:15 PM",0,No,0,No,False,text
7668573954830992149,Not Reply to Any Comment,6960600664029660161,32 gate trial pass vaisake aahile samma rajaswa tirna pako xaina kaseri tirne Rajaswa lisence ko ?,"7/31/2026, 12:08:49 PM",0,No,0,No,False,text
7668916940883051285,Not Reply to Any Comment,6563565776606593029,sir license ma vako mistake correction garnu milxa ki nai?,"8/1/2026, 10:19:42 AM",0,No,0,No,False,text
7668286854559400722,Not Reply to Any Comment,7480220715972133895,category mistake vo k garne?,"7/30/2026, 5:34:35 PM",0,No,0,No,False,text
7668633477013357319,Not Reply to Any Comment,6904397970482955270,re-trial ko kasari bhorne ho tyo pani sikaidinuna plz,"7/31/2026, 3:59:38 PM",0,No,0,No,False,text
7668217817946899201,Not Reply to Any Comment,6879601486914601985,dai rajasawa kasri bujauna ho online bata sikaidenuna,"7/30/2026, 1:06:42 PM",0,No,0,No,False,text
7670087596781224722,Not Reply to Any Comment,7392143647686853650,Date of birth chenj garna milxa sr?,"8/4/2026, 2:02:22 PM",0,No,1,No,False,text
7670196296612283157,7.670087596781225e+18,6987690958654063622,mero ni same Qustion ho milxa ki mildaina ???,"8/4/2026, 9:04:17 PM",0,No,0,Not Applicable,True,text
7666379879197852423,Not Reply to Any Comment,6949018073941869570,Medical ko option ma aaywsi K Garne ho?,"7/25/2026, 2:14:35 PM",2,Yes,8,No,False,text
7666468618254697237,7.666379879197853e+18,7500623349687075846,hajur ko ma yo website chaleko xa form fill up garna milyo biometric ko lagi??,"7/25/2026, 7:58:50 PM",0,No,0,Not Applicable,True,text
7666471316141081352,7.666379879197853e+18,6949018073941869570,Chalnu Tah chalyo but medical option ma pugyo tyaa Bata k garne Dr. Ko Number Deko xa tesma phn lagdaina. K garne ho idea nai vyena.,"7/25/2026, 8:09:19 PM",2,No,0,Not Applicable,True,text
7666472702442390292,7.666379879197853e+18,7500623349687075846,ehh mero tw website nai chaldaina tyo nid card nai chahinxa ho??,"7/25/2026, 8:14:48 PM",0,No,0,Not Applicable,True,text
7666473736036270856,7.666379879197853e+18,6949018073941869570,NID number enter Garne ho tya NID card dekhauxa then auto fill hunxa. Afno category choose garne. New apply ho tpiko?,"7/25/2026, 8:18:48 PM",0,No,0,Not Applicable,True,text
7666474477810828052,7.666379879197853e+18,7500623349687075846,"hajur mailey tyo thyaka yo biometric ko new update hunu Vanda 3,4 days aagdai form fill up gareko thi vayena vanya","7/25/2026, 8:21:37 PM",0,No,0,Not Applicable,True,text
7666476117931016967,7.666379879197853e+18,6949018073941869570,Same here. Biometric ko day nai new update aayo transport office NAI pugeko thiya.Sabai cancelled new update anusaar aafai garnu vnyo.,"7/25/2026, 8:27:56 PM",0,No,0,Not Applicable,True,text
7666477701327749909,7.666379879197853e+18,7500623349687075846,same kk aba yo new form nai fill up vayena ni,"7/25/2026, 8:34:20 PM",0,No,0,Not Applicable,True,text
7666487701059371797,7.666379879197853e+18,6655994650220232710,same problem,"7/25/2026, 9:12:56 PM",0,No,0,Not Applicable,True,text
7669292126434788103,Not Reply to Any Comment,6614145656477024261,मेरो त यस्तो भन्छ सर के गर्नी आब,"8/2/2026, 10:35:38 AM",0,No,1,No,False,text
7667842552151180048,Not Reply to Any Comment,7142781549435077659,license ma vako number navayama chy k garne ?,"7/29/2026, 12:50:35 PM",0,No,1,No,False,text
7668186406519554834,7.66784255215118e+18,7588871257367266322,office ma gayera bujhnu hola citizenship lagera,"7/30/2026, 11:04:56 AM",0,No,0,Not Applicable,True,text
7668203171269935880,Not Reply to Any Comment,7068314356517815322,bike KO lai 17 y leyh hunxa..??,"7/30/2026, 12:09:55 PM",0,No,0,No,False,text
7666696140532171527,Not Reply to Any Comment,6642847867281833989,mero ta chorharule dob nae mistake haleko xa nid samga link nae hudaena tesmathi tyo purano simcard harae sakyo,"7/26/2026, 10:41:47 AM",1,Yes,2,No,False,text
7666784694176793351,7.666696140532172e+18,7588871257367266322,NID ma dob bigreko?,"7/26/2026, 4:25:25 PM",0,No,0,Not Applicable,True,text
7666801802798154504,7.666696140532172e+18,6642847867281833989,hoina driving license ma expire ne vaesakyo license,"7/26/2026, 5:31:47 PM",0,No,0,Not Applicable,True,text
7667919604052001554,Not Reply to Any Comment,7513605503600051207,English ma exam Dina milxa kei Nai !,"7/29/2026, 5:49:23 PM",0,No,1,No,False,text
7668556183771300615,7.667919604052002e+18,7106182951436534811,no,"7/31/2026, 10:59:46 AM",0,No,0,Not Applicable,True,text
7666653905006576404,Not Reply to Any Comment,7664236354703901717,bike license age 16 haina,"7/26/2026, 7:57:59 AM",1,Yes,5,No,False,text
7666663299328787208,7.666653905006577e+18,7588871257367266322,Ho. Age vanda ni citizenship huna parxa.,"7/26/2026, 8:34:21 AM",0,No,0,Not Applicable,True,text
7666663422486037269,7.666653905006577e+18,7664236354703901717,ani form varne Bela kina 18-60 only dekhairako xa sir,"7/26/2026, 8:34:51 AM",0,No,0,Not Applicable,True,text
7666663638607004424,7.666653905006577e+18,7588871257367266322,kun category lai apply gardai hunhunxa? bike 16 four wheeler 18 ho,"7/26/2026, 8:35:50 AM",0,No,0,Not Applicable,True,text
7667417287024116498,7.666653905006577e+18,6882927049943286790,Yo option ta xhaina ta sir?,"7/28/2026, 9:20:14 AM",0,No,0,Not Applicable,True,text
7667042078145053448,7.666653905006577e+18,7588871257367266322,DOB AD ma enter garnu hola BS ma hoina,"7/27/2026, 9:04:19 AM",0,No,0,Not Applicable,True,text
7669441883378270996,Not Reply to Any Comment,7017060111802205190,Good,"8/2/2026, 8:16:40 PM",1,Yes,0,No,False,text
7666685642684138247,Not Reply to Any Comment,6640754150124371974,sir biometric ko form khulyo ki naii date naii dekhako xain form vory Pani kaila jani,"7/26/2026, 10:01:05 AM",5,Yes,12,No,False,text
7666690418330895122,7.666685642684138e+18,7588871257367266322,Naya license or renew?,"7/26/2026, 10:19:32 AM",1,No,0,Not Applicable,True,text
7666690506537403154,7.666685642684138e+18,6640754150124371974,Add license,"7/26/2026, 10:19:58 AM",0,No,0,Not Applicable,True,text
7666690831093744402,7.666685642684138e+18,6640754150124371974,voli Jada biometric hunxa ki naii form 7 Gatey voreyko aahila Banda vayara gako xain voli khulxa ki naii,"7/26/2026, 10:21:18 AM",0,No,0,Not Applicable,True,text
7666706831456518919,7.666685642684138e+18,7588871257367266322,jada hunxa biometric ko lagi,"7/26/2026, 11:23:19 AM",0,No,0,Not Applicable,True,text
7666691207166591752,7.666685642684138e+18,6640754150124371974,Date xain voli Jada HUXNA ?,"7/26/2026, 10:22:42 AM",0,No,0,Not Applicable,True,text
7666706938860782354,7.666685642684138e+18,7588871257367266322,yasari NID number public nagarnu hola misuse huna sakxa 🙏,"7/26/2026, 11:23:45 AM",0,No,0,Not Applicable,True,text
7666692275766559489,7.666685642684138e+18,6689305963251745797,Sir form submit bhayesi medical KO lagi SMS auxa bhaneko cha Aja kati din bhaisako no any messages add category KO ! any update sir response garnu na hai,"7/26/2026, 10:26:54 AM",0,No,0,Not Applicable,True,text
7666707116475892488,7.666685642684138e+18,7588871257367266322,form print garera biometric ko lagi office jada hunxa,"7/26/2026, 11:24:19 AM",0,No,0,Not Applicable,True,text
7666700714513679112,7.666685642684138e+18,6949018073941869570,New license ko laagi medical option ma pugesi k hi option chhaina and Dr. ko number diyako ma call garda lagdaina. Office nai visit garnu parxa ho? please suggest me.,"7/26/2026, 10:59:40 AM",0,No,0,Not Applicable,True,text
7666706653635003154,7.666685642684138e+18,7588871257367266322,medical transport office mai hunxa biometric sangai,"7/26/2026, 11:22:37 AM",0,No,0,Not Applicable,True,text
7666708202218242823,7.666685642684138e+18,6949018073941869570,Voli Jada hunxa? But k hi office ko name nai deko chhaina? Najik ko transport office visit garda hunxa??,"7/26/2026, 11:28:36 AM",0,No,0,Not Applicable,True,text
7666726920600404744,7.666685642684138e+18,7588871257367266322,form vorda select garnu vayeko transport office,"7/26/2026, 12:41:18 PM",0,No,0,Not Applicable,True,text
7665968355988046612,Not Reply to Any Comment,7434056393714467846,Sununa . Mero I'd register vayena . ma phone number mummy ko use garxu . harek thau ma tei number rakheko xu . Ani yeta register garna tyo number namilne rexa . aba k garum?,"7/24/2026, 11:37:44 AM",1,Yes,1,No,False,text
7665989762247049992,7.665968355988047e+18,7588871257367266322,either use another number or transfer sim ownership to your name.,"7/24/2026, 1:00:40 PM",1,No,0,Not Applicable,True,text
7666718497938375431,Not Reply to Any Comment,6746132614639715329,Sir meroo chae add category ma. Mistake vako. Xa. Teslai. Kasari. Sachauna sakinxa,"7/26/2026, 12:08:41 PM",1,Yes,1,No,False,text
7666727077941199624,7.666718497938376e+18,7588871257367266322,tesko lagi transport office nai janu parxa hola,"7/26/2026, 12:41:53 PM",0,No,0,Not Applicable,True,text
7667045027579003655,Not Reply to Any Comment,6695243401078735878,This license does not belong to this Province. vancha k ho yo Vena KO mero लाइसेन्स बागमती प्रदेश को हो भन्दिनु परो plz 😳,"7/27/2026, 9:15:41 AM",1,Yes,4,No,False,text
7667047939860103954,7.667045027579004e+18,7588871257367266322,edlvrs.bagamati.gov.np yas batai garnu vako ho ?,"7/27/2026, 9:26:58 AM",0,No,0,Not Applicable,True,text
7667049653334410002,7.667045027579004e+18,6695243401078735878,hoo sir,"7/27/2026, 9:33:39 AM",0,No,0,Not Applicable,True,text
7667050794890806023,7.667045027579004e+18,7588871257367266322,"ekchoti details verify garnu hola afno. Details thik cha vane, server issue huna sakxa","7/27/2026, 9:38:17 AM",0,No,0,Not Applicable,True,text
7667051111614350098,7.667045027579004e+18,6695243401078735878,verifiy kashari garne ho sir plz,"7/27/2026, 9:39:16 AM",0,No,0,Not Applicable,True,text
7667928320826524436,Not Reply to Any Comment,7653058097460708373,BILLBOOK KO PANE VIDEO PLEASE,"7/29/2026, 6:23:17 PM",2,Yes,2,No,False,text
7668016544483836690,7.667928320826525e+18,7588871257367266322,huss hunxa chadai auxa,"7/30/2026, 12:05:37 AM",1,No,0,Not Applicable,True,text
7668119671665591061,7.667928320826525e+18,7653058097460708373,thanks,"7/30/2026, 6:46:13 AM",1,No,0,Not Applicable,True,text
7665741367209050881,Not Reply to Any Comment,7431407284931527697,ani retrial ko rajaswa?,"7/23/2026, 8:56:41 PM",1,Yes,1,No,False,text
7666690551777493778,7.665741367209051e+18,7588871257367266322,office visit garera pay garnu parxa hola,"7/26/2026, 10:20:06 AM",1,Yes,0,Not Applicable,True,text
7667948455439975188,Not Reply to Any Comment,6584785833328590853,lekhit ni online huna lagya ho ki office janu parxa,"7/29/2026, 7:41:23 PM",0,No,3,No,False,text
7668017051152450322,7.667948455439975e+18,7588871257367266322,likhit lai office nai janu parxa hola. System ma option xaina,"7/30/2026, 12:07:42 AM",1,No,0,Not Applicable,True,text
7668243463326515989,7.667948455439975e+18,7038368059363247110,Nid xa age 2009 milxa ki naii,"7/30/2026, 2:46:17 PM",1,No,0,Not Applicable,True,text
7668021697547944724,7.667948455439975e+18,6584785833328590853,Ea huss kaila khulxa ni form varna lai,"7/30/2026, 12:25:47 AM",0,No,0,Not Applicable,True,text
7667571734120039176,Not Reply to Any Comment,7271201390541882370,nagrita vaye hunna ra license ko form varna ??18 barsha lagna parxa ra ??,"7/28/2026, 7:19:33 PM",0,No,2,No,False,text
7667613257402204935,7.667571734120039e+18,7588871257367266322,NID chayinxa. aba dekhi bike ko 18 gadi ko 21,"7/28/2026, 10:00:39 PM",2,No,0,Not Applicable,True,text
7667739793589175048,7.667571734120039e+18,7271201390541882370,nid pani xa sir 17 barsha ko la paudaina aaba,"7/29/2026, 6:11:47 AM",0,No,0,Not Applicable,True,text
7667825580361073409,Not Reply to Any Comment,7132314339066971141,sir new licence KO Saturday online form vareKo biometric garna Jani date Nai aXaina k hunXa abo,"7/29/2026, 11:45:10 AM",0,No,1,No,False,text
7668017698924364562,7.667825580361074e+18,7588871257367266322,website update vaye paxi milxa,"7/30/2026, 12:10:08 AM",0,No,0,Not Applicable,True,text
7667176497551459080,Not Reply to Any Comment,7545510895380710401,Fee xai kasari tirne ho,"7/27/2026, 5:45:48 PM",2,Yes,3,No,False,text
7667186914336965383,7.667176497551459e+18,7588871257367266322,System update ko kaam sakke paxi online batai garna sakine cha,"7/27/2026, 6:26:22 PM",1,No,0,Not Applicable,True,text
7667187329250034439,7.667176497551459e+18,7545510895380710401,Ajja sake ko xaina,"7/27/2026, 6:27:51 PM",0,No,0,Not Applicable,True,text
7667189577510355730,7.667176497551459e+18,7588871257367266322,xaina hajur,"7/27/2026, 6:36:38 PM",0,No,0,Not Applicable,True,text
7667509799094321927,Not Reply to Any Comment,7023581074648155142,Naya Liscense ko fee kasari varnay ho,"7/28/2026, 3:19:21 PM",0,No,3,No,False,text
7667612877923435271,7.667509799094322e+18,7588871257367266322,online batai milxa,"7/28/2026, 9:59:13 PM",0,No,0,Not Applicable,True,text
7667996994463810311,7.667509799094322e+18,7274247128154457093,Mero trial pass vako 13 din vayesakyo Aile Samma rajaso tirnw pako xainw online bata payment kasari garinxa plz Sir vandinu nw...?,"7/29/2026, 10:49:43 PM",0,No,0,Not Applicable,True,text
7667633796477272850,7.667509799094322e+18,7023581074648155142,How,"7/28/2026, 11:20:21 PM",0,No,0,Not Applicable,True,text
7666698475698275092,Not Reply to Any Comment,6887107518960436229,form khuley ko xa ki nai,"7/26/2026, 10:50:54 AM",1,Yes,4,No,False,text
7666784608315179794,7.666698475698275e+18,7588871257367266322,"khulirako hunxa, date select garna milxa","7/26/2026, 4:25:06 PM",0,No,0,Not Applicable,True,text
7666789487980086037,7.666698475698275e+18,6887107518960436229,"aaja heyray ko sabai NiD details variyo
otp pani aayo .ani continue garda error vano kina","7/26/2026, 4:44:02 PM",0,No,0,Not Applicable,True,text
7666790867014189832,7.666698475698275e+18,7588871257367266322,server issue vayera hola. retry garnu hola,"7/26/2026, 4:49:31 PM",0,No,0,Not Applicable,True,text
7666813647520531220,7.666698475698275e+18,6887107518960436229,medical ma chai k garni ho.teya vako number ma call garni hoki k ma click garnu ho,"7/26/2026, 6:17:51 PM",0,No,0,Not Applicable,True,text
7668302352709272321,Not Reply to Any Comment,6683451857526490118,Mero add garna mila ko xaina Kina hola,"7/30/2026, 6:34:41 PM",0,No,0,No,False,text
7668300311173497620,Not Reply to Any Comment,7392652598950249479,2083 ma bike KO license jikni fix umer vandina paryo,"7/30/2026, 6:26:51 PM",1,No,1,No,False,text
7668555960332469000,7.668300311173498e+18,7106182951436534811,16+ for bike,"7/31/2026, 10:58:56 AM",0,No,0,Not Applicable,True,text
7667422740572324624,Not Reply to Any Comment,7249290610389386246,Rajaswa chai kasari tirnu parxa?,"7/28/2026, 9:42:18 AM",1,Yes,1,No,False,text
7667429225095709448,7.667422740572325e+18,7588871257367266322,application approve vayo vane online bata garna milxa. System update hunjel samma kurnu hola,"7/28/2026, 10:06:33 AM",0,No,0,Not Applicable,True,text
7667759987930743560,Not Reply to Any Comment,6522287339984699394,Ani rajaswa tirna Lai system kaile aaucha,"7/29/2026, 7:30:14 AM",0,No,1,No,False,text
7668016226488091400,7.667759987930744e+18,7588871257367266322,"yasmai payment option cha , update ko kaam sake paxi chalxa","7/30/2026, 12:04:22 AM",0,No,0,Not Applicable,True,text
7666802490214974224,Not Reply to Any Comment,7499116225848673300,New license ko form kasari varnea Ra retrail kasari kasari garnea vandinu pareo,"7/26/2026, 5:34:31 PM",1,Yes,1,No,False,text
7667092142331151112,7.666802490214974e+18,7588871257367266322,edlvrs.bagamati.gov.np ma gayera new license. aru pradesh bata ho vane chai pradesh ko naam change garnu hola,"7/27/2026, 12:18:34 PM",0,No,0,Not Applicable,True,text
7667453437331948295,Not Reply to Any Comment,7064472808534279194,Rajaswo kasri tirne sir,"7/28/2026, 11:40:31 AM",0,No,1,No,False,text
7667613013543289618,7.667453437331949e+18,7588871257367266322,online batai milxa Payment option bata 1 2 din kurnu hola,"7/28/2026, 9:59:41 PM",0,No,0,Not Applicable,True,text
7667734330386563848,Not Reply to Any Comment,6865697642577085446,barga thap kasari garne ho auta video banaidinua na sir,"7/29/2026, 5:50:37 AM",1,Yes,1,No,False,text
7668016259875373831,7.667734330386564e+18,7588871257367266322,huss chadai auxa,"7/30/2026, 12:04:33 AM",0,No,0,Not Applicable,True,text
7667780954601177873,Not Reply to Any Comment,7640429677916341264,server thik vayo ki nai sir,"7/29/2026, 8:51:27 AM",0,No,1,No,False,text
7668016474678608648,7.667780954601178e+18,7588871257367266322,hudai cha sakeko xaina,"7/30/2026, 12:05:23 AM",0,No,0,Not Applicable,True,text
7667636867823665941,Not Reply to Any Comment,7259762774196454402,How to check license print B category?,"7/28/2026, 11:32:29 PM",0,No,1,No,False,text
7668017528564220690,7.667636867823666e+18,7588871257367266322,application tracking option bata garna milxa,"7/30/2026, 12:09:27 AM",0,No,0,Not Applicable,True,text
7666704900269654804,Not Reply to Any Comment,7084561665630979078,Sir mero garda feri aafnai sim ma cha number pani tei pani mobile number must be own vanera aauxa kina hola?,"7/26/2026, 11:15:56 AM",1,Yes,1,No,False,text
7666784526413415175,7.666704900269655e+18,7588871257367266322,ekchoti telecom ma verify garnu hola,"7/26/2026, 4:24:50 PM",0,No,0,Not Applicable,True,text
7666301931857543956,Not Reply to Any Comment,7260306363715437573,Visiting date hunna exam ko hawa service,"7/25/2026, 9:12:07 AM",1,Yes,1,No,False,text
7666663377099686674,7.666301931857544e+18,7588871257367266322,jaile jada ni hunxa application download garera,"7/26/2026, 8:34:42 AM",0,No,0,Not Applicable,True,text
7667485598063854352,Not Reply to Any Comment,6610606680865456130,NID regular ho ra aba,"7/28/2026, 1:45:18 PM",0,No,1,No,False,text
7667612849203577608,7.667485598063855e+18,7588871257367266322,hajur ho,"7/28/2026, 9:59:02 PM",0,No,0,Not Applicable,True,text
7667748666145784593,Not Reply to Any Comment,7496370936120640530,Police report upload garnu parne raicha before you proceed,"7/29/2026, 6:47:15 AM",0,No,1,No,False,text
7668016822676882194,7.667748666145785e+18,7588871257367266322,license ko lagi pardaina sir,"7/30/2026, 12:06:46 AM",0,No,0,Not Applicable,True,text
7666827800212620052,Not Reply to Any Comment,7326110207942296581,Doctor selects ma check up garara selects garnee ho sir ke k ho sir,"7/26/2026, 7:12:43 PM",1,Yes,1,No,False,text
7667052133703631624,7.66682780021262e+18,7588871257367266322,tyaa vako dr lai phone garnu hola or transport office ma gayera ni medical garna milxa,"7/27/2026, 9:43:19 AM",0,No,0,Not Applicable,True,text
7667510967181853460,Not Reply to Any Comment,6865627183835464709,new licence ko rajaswa tirne xaina tw,"7/28/2026, 3:23:46 PM",0,No,1,No,False,text
7667613138178867976,7.667510967181854e+18,7588871257367266322,system update ko kaam sakke paxi online batai milxa,"7/28/2026, 10:00:09 PM",0,No,0,Not Applicable,True,text
7667952605801317140,Not Reply to Any Comment,6937904852434174982,Doctor select garnai mildaina khai k vako 🤦,"7/29/2026, 7:57:39 PM",0,No,1,No,False,text
7668016128031523591,7.667952605801317e+18,7588871257367266322,list update ko kaam sakke paxi milxa,"7/30/2026, 12:04:01 AM",0,No,0,Not Applicable,True,text
7668360832291488530,Not Reply to Any Comment,7066382499199370245,Sir payment chai kasari garna ho?,"7/30/2026, 10:21:35 PM",0,No,0,No,False,text
7667833100835439368,Not Reply to Any Comment,7627439101340091409,license renew गर्नुपर्ने तर blood group mistake छ पुरानो license मा अब के गर्ने? server बनेको छैन भन्छ कल गर्दा,"7/29/2026, 12:13:45 PM",0,No,1,No,False,text
7668017198456079111,7.66783310083544e+18,7588871257367266322,server ko kaam sakke paxi correction lai apply garnu hola,"7/30/2026, 12:08:15 AM",0,No,0,Not Applicable,True,text
7667951464026800917,Not Reply to Any Comment,6831884982429058049,सर हामी ट्रायल दिएर बसेकोले पनि अब राजस्व तिर्न मिल्छ त यसबाट अब नयाँ लाइसेन्स लिनलाई🙏🙏🙏🙏,"7/29/2026, 7:53:04 PM",0,No,1,No,False,text
7668016082657477394,7.667951464026801e+18,7588871257367266322,application tracking ko feature bata milxa system update ko kaam sakepaxi,"7/30/2026, 12:03:50 AM",0,No,0,Not Applicable,True,text
7667830671251768071,Not Reply to Any Comment,7263843869535929345,looks like a vibe coded website,"7/29/2026, 12:04:23 PM",0,No,1,No,False,text
7668016404754891528,7.667830671251768e+18,7588871257367266322,manual coding kaa din gaisake aba,"7/30/2026, 12:05:04 AM",0,No,0,Not Applicable,True,text
7667097995904975637,Not Reply to Any Comment,7555894837406319623,Application id vaneyko kun number hora retrial ko form vorda aauxa,"7/27/2026, 12:41:14 PM",2,Yes,5,No,False,text
7667101732397318920,7.667097995904976e+18,7588871257367266322,download garnu vayeko form ma hunxa,"7/27/2026, 12:55:45 PM",1,No,0,Not Applicable,True,text
7667106390071542548,7.667097995904976e+18,7555894837406319623,Kasari download garni hora,"7/27/2026, 1:13:58 PM",0,No,0,Not Applicable,True,text
7667122962860917512,7.667097995904976e+18,7588871257367266322,trail din jada ko application form/ paper cha ?,"7/27/2026, 2:18:08 PM",0,No,0,Not Applicable,True,text
7667131445961835285,7.667097995904976e+18,7555894837406319623,Xa aaplicant id vane?Tyo haleyko vayena match vayena vanxa,"7/27/2026, 2:51:11 PM",1,No,0,Not Applicable,True,text
7667154486256190215,7.667097995904976e+18,7588871257367266322,ailey system ma issue vayera hola 1 2 din ma try garnu hola,"7/27/2026, 4:20:27 PM",1,No,0,Not Applicable,True,text
7667116285378020114,Not Reply to Any Comment,6913563282826707974,"License renewal ko lagi medical ko lagi call Garda it’s unreachable for days now also tried calling KMC 3, LMC - mahalakhsmi and they are very unaware about these idea nai chaina euta department dikhe arko department ko number deko cha but has no clue","7/27/2026, 1:52:13 PM",1,Yes,1,No,False,text
7667122760401142546,7.66711628537802e+18,7588871257367266322,It's under development and maintainance tei vara hola.,"7/27/2026, 2:17:16 PM",0,No,0,Not Applicable,True,text
7668242554923565845,Not Reply to Any Comment,7198514402734294042,afno thauko doctor nai xain rain🤣🤣,"7/30/2026, 2:42:42 PM",0,No,0,No,False,text
7667871449759712008,Not Reply to Any Comment,6939356098768946177,Yo chuut pauney kura k bo.ke hawa matra ho,"7/29/2026, 2:42:35 PM",0,No,0,No,False,text
7667087078554911506,Not Reply to Any Comment,6996563236486497282,🥰🥰🥰,"7/27/2026, 11:58:48 AM",1,Yes,0,No,False,emoji
7670538580679557908,Not Reply to Any Comment,6733116876525798406,🙏🙏🙏,"8/5/2026, 7:12:34 PM",0,No,0,No,False,emoji
7669714603022418706,Not Reply to Any Comment,7662786461791421460,❤️❤️❤️,"8/3/2026, 1:54:57 PM",0,No,0,No,False,emoji
7667996363216569096,Not Reply to Any Comment,6971588543714231297,💗💗💗,"7/29/2026, 10:47:14 PM",0,No,0,No,False,emoji
7667995222139568916,Not Reply to Any Comment,6686409466919453701,😳😳😳😳😳,"7/29/2026, 10:42:59 PM",1,Yes,0,No,False,emoji
7670112039779697426,Not Reply to Any Comment,6746772471184622598,NID ko slip ley hunxa tw?,"8/4/2026, 3:37:13 PM",0,No,0,No,False,text
7668154939034862344,Not Reply to Any Comment,6941786951918027781,renewko laagi k garne?,"7/30/2026, 9:02:52 AM",1,No,1,No,False,text
7668547221311521554,7.668154939034863e+18,7588871257367266322,renew license option bata garna sakinxa,"7/31/2026, 10:25:00 AM",0,No,0,Not Applicable,True,text
7667910555264811796,Not Reply to Any Comment,7377406307940877313,NID no. Chahinxa rw ki citizenship le hunxa sir ??,"7/29/2026, 5:14:24 PM",0,No,3,No,False,text
7667932032329335559,7.667910555264812e+18,7588871257367266322,NID compulsory,"7/29/2026, 6:37:43 PM",0,No,0,Not Applicable,True,text
7667958629416534791,7.667910555264812e+18,7079733019109016581,Nid banera aako xaina slip xa tesle,"7/29/2026, 8:20:51 PM",0,No,0,Not Applicable,True,text
7667958674526044936,7.667910555264812e+18,7079733019109016581,Hunxa,"7/29/2026, 8:20:59 PM",0,No,0,Not Applicable,True,text
7667930856745042695,Not Reply to Any Comment,6992410957163643910,trial pass vako rajeshor kasari tirne,"7/29/2026, 6:33:11 PM",1,No,1,No,False,text
7667932010304029458,7.667930856745043e+18,7588871257367266322,Payment option bata tirna milxa system update vaye paxi video auxa,"7/29/2026, 6:37:35 PM",1,No,0,Not Applicable,True,text
7667463550377493266,Not Reply to Any Comment,7297184653822346247,aja medical hunxa vaneko thyo yatayat gako aja sama pani update vayako xaina re tait k ho lmoa,"7/28/2026, 12:19:44 PM",0,No,1,No,False,text
7667570248292762384,7.667463550377494e+18,6628766114795339781,Medical ta online batai hunx no need to visit ofc fr medical,"7/28/2026, 7:13:46 PM",0,No,0,Not Applicable,True,text
7667558463161221908,Not Reply to Any Comment,6582186372152688646,tyo from bharda mistake bhaiyo bhana kasari edit garna ho,"7/28/2026, 6:28:02 PM",0,No,1,No,False,text
7667952946977456913,7.667558463161222e+18,7230638889597010949,life damage,"7/29/2026, 7:58:46 PM",0,No,0,Not Applicable,True,text
7668638832237560597,Not Reply to Any Comment,7196318055672284165,Nepal ma national identity number(NID) linu par xa ki nai,"7/31/2026, 4:20:31 PM",0,No,0,No,False,text
7668691958336160530,Not Reply to Any Comment,7586689596848866325,sir new laicens ko rasid patra kasari garne plz full video gardinu na sir🥰,"7/31/2026, 7:46:32 PM",0,No,0,No,False,text
7669313999557411604,Not Reply to Any Comment,7079708883254150171,Doctor le call nai uthaudainan,"8/2/2026, 12:00:29 PM",0,No,0,No,False,text
7668670935823074056,Not Reply to Any Comment,6904527526787515393,Dai trial pass bhaye paxi tax pay kasari garne tyo pani video banaunu na,"7/31/2026, 6:25:05 PM",0,No,3,No,False,text
7668682222132806418,7.668670935823074e+18,7588871257367266322,https://vt.tiktok.com/ZS4MHN2mW/,"7/31/2026, 7:08:49 PM",0,No,0,Not Applicable,True,text
7669755042681340690,7.668670935823074e+18,6904527526787515393,Payment garne option nai xaina ta ?? Kasari garne video banauna Dai,"8/3/2026, 4:31:51 PM",0,No,0,Not Applicable,True,text
7668682312105067282,7.668670935823074e+18,7588871257367266322,naya video check garnu hola,"7/31/2026, 7:09:12 PM",0,No,0,Not Applicable,True,text
7669367980659000071,Not Reply to Any Comment,6571601659074543621,Trial pass vayesi rajashwa tirera garne license application ni yehi ho k ho confused,"8/2/2026, 3:29:53 PM",0,No,0,No,False,text
7667497171265045268,Not Reply to Any Comment,7568861125161698324,pokara ma form varna ko Lage pane nai khuldena tw 🥺,"7/28/2026, 2:30:21 PM",0,No,6,No,False,text
7667497912972149511,7.667497171265046e+18,7588871257367266322,https://edlvrs.gandaki.gov.np/,"7/28/2026, 2:33:01 PM",0,No,0,Not Applicable,True,text
7667554727232832277,7.667497171265046e+18,7568861125161698324,sir 16 Pura vyako ley aailey scooter ko license jikna milxa ke nai ??,"7/28/2026, 6:13:41 PM",0,No,0,Not Applicable,True,text
7667556308173832978,7.667497171265046e+18,7588871257367266322,age 18 pugeko huna parxa,"7/28/2026, 6:19:35 PM",0,No,0,Not Applicable,True,text
7667556500025869076,7.667497171265046e+18,7568861125161698324,aajai tw tyo niyam lagu vaxaina vnxa tw k horw kura kasailey 18 pugna parxa kasailey pardena?,"7/28/2026, 6:20:25 PM",0,No,0,Not Applicable,True,text
7667503724844188432,7.667497171265046e+18,6802155359140283398,pokhara ko doctors ko name number nai dekhaudaina tw kina hola,"7/28/2026, 2:55:43 PM",0,No,0,Not Applicable,True,text
7667500803468968724,7.667497171265046e+18,7568861125161698324,scooter ko license jikna ko Lage Kate age hunu para rw 16 Pura vya hunna rw ?,"7/28/2026, 2:44:27 PM",0,No,0,Not Applicable,True,text
7668018191718204167,Not Reply to Any Comment,7298263386613384197,17 age ma varn milx ki naii bike ko lali,"7/30/2026, 12:12:05 AM",0,No,1,No,False,text
7668063093860057874,7.668018191718204e+18,7157254758141920283,milxa light car dekhi mathi ko lagi xai 18+ hunu parxa,"7/30/2026, 3:06:27 AM",0,No,0,Not Applicable,True,text
7668646893530956551,Not Reply to Any Comment,7124552212793803802,k Vako ho Brother,"7/31/2026, 4:51:42 PM",0,No,0,No,False,text
7669001820652143378,Not Reply to Any Comment,7187375876128277531,retrail ko lagi vandinu,"8/1/2026, 3:49:01 PM",0,No,0,No,False,text
7669055654807847688,Not Reply to Any Comment,7475742217644508178,Dai Sudurpaschim pradesh Kanchanpur ma medical Ko lagi dr xaina ho ?,"8/1/2026, 7:17:50 PM",0,No,0,No,False,text
7669309006481539860,Not Reply to Any Comment,7397378695470908434,hoina hola,"8/2/2026, 11:41:08 AM",0,No,0,No,False,text
7667549577624503041,Not Reply to Any Comment,6873715550007575557,bagmati ko server down xa ho?,"7/28/2026, 5:53:53 PM",0,No,4,No,False,text
7670043597866484501,7.667549577624503e+18,6688619212234130437,Koshi ko ?,"8/4/2026, 11:11:53 AM",0,No,0,Not Applicable,True,text
7667556319084380935,7.667549577624503e+18,7588871257367266322,xaina sir,"7/28/2026, 6:19:46 PM",0,No,0,Not Applicable,True,text
7667561981930914576,7.667549577624503e+18,6873715550007575557,nid not registered bhanxa kina hola?,"7/28/2026, 6:42:01 PM",0,No,0,Not Applicable,True,text
7667631916921864968,7.667549577624503e+18,7457139838133126160,Same problem ?.,"7/28/2026, 11:13:07 PM",0,No,0,Not Applicable,True,text
7668668991631655687,Not Reply to Any Comment,7525135055918138375,18 hunu parxa rey taa,"7/31/2026, 6:17:24 PM",0,No,0,No,False,text
7667545731188065044,Not Reply to Any Comment,7058192149740995610,"Friday trial pass gareko
kahiley Mila?","7/28/2026, 5:38:42 PM",0,No,0,No,False,text
7667507947110646546,Not Reply to Any Comment,6660475615127568389,renew garnu parnii tiyo online system Ako xoina yesm chai,"7/28/2026, 3:11:58 PM",0,No,0,No,False,text
7668993819132461831,Not Reply to Any Comment,7087556858911163398,Nid chaini hora? Form matra varya cha ako chaina?,"8/1/2026, 3:17:59 PM",0,No,0,No,False,text
7668137572039803656,Not Reply to Any Comment,7663874817992688661,sir aba k garne medical checkup vandaixa,"7/30/2026, 7:55:20 AM",0,No,0,No,False,text
7667547266651128584,Not Reply to Any Comment,6970110468644930562,ailey samma akoo xaina online rajaswo tirna milney k new license 😏,"7/28/2026, 5:44:32 PM",0,No,0,No,False,text
7667769345338589970,Not Reply to Any Comment,7416328448593724421,yeutako gareko yesto dekhauxa hudaina,"7/29/2026, 8:06:24 AM",0,No,0,No,False,text
7667809811270927111,Not Reply to Any Comment,7077183216978035713,Dai retrail online form varna milxaki Naii plz reply,"7/29/2026, 10:43:25 AM",0,No,0,No,False,text
7668170240484688658,Not Reply to Any Comment,7493932316209808439,Trail pass vako haru le kasari online rajaswo payment garne?,"7/30/2026, 10:02:09 AM",0,No,2,No,False,text
7668186746479772434,7.668170240484689e+18,7588871257367266322,application tracking ko option bata garna milxa,"7/30/2026, 11:06:09 AM",0,No,0,Not Applicable,True,text
7668680482985280263,7.668170240484689e+18,6887148164795122694,kasari,"7/31/2026, 7:02:04 PM",0,No,0,Not Applicable,True,text
7670003810060288789,Not Reply to Any Comment,7527125161071838209,छेपारो is sad❤️‍🩹❤️‍🩹,"8/4/2026, 8:37:27 AM",1,No,0,No,False,text
7668984600530879233,Not Reply to Any Comment,7071973622474425350,National id nub bhaney ko k ho 😳??,"8/1/2026, 2:42:14 PM",0,No,0,No,False,text
7669474461795533589,Not Reply to Any Comment,6763845577588425733,category K bornu parni A bayaxa how to edit,"8/2/2026, 10:23:13 PM",0,No,0,No,False,text
7669118840483644180,Not Reply to Any Comment,6785335471344288773,already likhit pass vayoo k garni tw,"8/1/2026, 11:23:16 PM",0,No,0,No,False,text
7668934643517375248,Not Reply to Any Comment,7447361149941826580,medical test ko lagi koi xaina khoi ktm ma ka jane ho,"8/1/2026, 11:28:16 AM",0,No,0,No,False,text
7667536181919548181,Not Reply to Any Comment,6917543379665536005,Sir Nid no nai register xainaa vanxa kati patak try garey vayena Sir k garney?,"7/28/2026, 5:01:33 PM",0,No,0,No,False,text
7667907883883004689,Not Reply to Any Comment,6668569977152782341,medical ko process pani bhandinuna...,"7/29/2026, 5:04:27 PM",0,No,1,No,False,text
7667931911675134738,7.667907883883005e+18,7588871257367266322,system update ko kaam sakepaxi video aune cha,"7/29/2026, 6:37:13 PM",0,No,0,Not Applicable,True,text
7668680727055205128,Not Reply to Any Comment,6887148164795122694,trail pass vyekole kasari payment garne,"7/31/2026, 7:02:55 PM",0,No,3,No,False,text
7668682189072810759,7.668680727055205e+18,7588871257367266322,https://vt.tiktok.com/ZS4MHN2mW/,"7/31/2026, 7:08:41 PM",0,No,0,Not Applicable,True,text
7668682289912283911,7.668680727055205e+18,7588871257367266322,naya video check garnu hola,"7/31/2026, 7:09:02 PM",0,No,0,Not Applicable,True,text
7668682887655031559,7.668680727055205e+18,6887148164795122694,auta video banaunu na,"7/31/2026, 7:11:25 PM",0,No,0,Not Applicable,True,text
7667508447734760212,Not Reply to Any Comment,6865627183835464709,new licence ko rajaswa kasari tirne,"7/28/2026, 3:14:00 PM",2,No,0,No,False,text
7668539482744341256,Not Reply to Any Comment,313737157355978752,trail ko lagi pani vandinu na please.,"7/31/2026, 9:54:58 AM",0,No,0,No,False,text
7667605297444520711,Not Reply to Any Comment,6903783613672064005,Medical ma ta doctor lai call gard number milana vanxa ta sir,"7/28/2026, 9:29:47 PM",0,No,0,No,False,text
7667438174785274642,Not Reply to Any Comment,7064472808534279194,Add category. garna mili rako xaina hjur kina hola,"7/28/2026, 10:41:22 AM",0,No,0,No,False,text
7667565969238491924,Not Reply to Any Comment,7546667863936123905,Trail passed राजस्व kasari pay garne ? (Bagmati province),"7/28/2026, 6:57:19 PM",0,No,0,No,False,text
7668196164688937736,Not Reply to Any Comment,6714418505121743878,थप को लागि कसरि भर्ने होनि हजुर,"7/30/2026, 11:42:47 AM",0,No,0,No,False,text
7668750104686723841,Not Reply to Any Comment,6982446392661672987,Bike ko lagi 18 year ma shift bhaisakeko ho?,"7/31/2026, 11:32:50 PM",0,No,0,No,False,text
7667810166444720904,Not Reply to Any Comment,6876624266910073858,edlvrs.bagmati.gov.np,"7/29/2026, 10:44:51 AM",0,No,0,No,False,text
7668676088084579092,Not Reply to Any Comment,7017060111802205190,Good👍️👍️👍️👍️,"7/31/2026, 6:45:02 PM",0,No,0,No,False,text
7668548099120808712,Not Reply to Any Comment,7434098992122692616,retrial ko kasari garne,"7/31/2026, 10:28:35 AM",1,No,1,No,False,text
7668696720243213063,7.668548099120809e+18,7588871257367266322,check new video,"7/31/2026, 8:05:05 PM",0,No,0,Not Applicable,True,text
7668160193322713857,Not Reply to Any Comment,6870891359067915270,Ani from submit vaya paxi ko process ni vandenu na,"7/30/2026, 9:23:03 AM",0,No,0,No,False,text
7668543835873575687,Not Reply to Any Comment,7006924530404869122,Nid khojxha ta??,"7/31/2026, 10:11:44 AM",1,No,2,No,False,text
7668546904497799943,7.668543835873576e+18,7588871257367266322,yes NID chayinxa,"7/31/2026, 10:23:40 AM",0,No,0,Not Applicable,True,text
7668747653593711381,7.668543835873576e+18,7049746920533672986,License nikalna kati age chayeney ho,"7/31/2026, 11:22:45 PM",0,No,0,Not Applicable,True,text
7667445470960763655,Not Reply to Any Comment,6993711085413631003,"nid खोज्छ त मैले बनाएको छैन के गर्ने
नागरिक एप पनि नागरिकता नम्बर मिलेन भन्छ बनाउन मिलेकै छैन
NID अनिवार्य गरिएको छैन भन्थे त अस्ति त के हो कुरा","7/28/2026, 11:09:38 AM",0,No,3,No,False,text
7667446429414114066,7.667445470960764e+18,7588871257367266322,NID details chayinxa,"7/28/2026, 11:13:25 AM",0,No,0,Not Applicable,True,text
7667462705133404944,7.667445470960764e+18,6610606680865456130,Nid nai xaina k garny hola nid banaunu parny ho paila,"7/28/2026, 12:16:27 PM",0,No,0,Not Applicable,True,text
7667470361096667922,7.667445470960764e+18,7588871257367266322,hoo,"7/28/2026, 12:46:06 PM",0,No,0,Not Applicable,True,text
7667555324858401544,Not Reply to Any Comment,6858931844176856070,Dr KO report kasari line sir,"7/28/2026, 6:15:56 PM",0,No,0,No,False,text
7667563285566849793,Not Reply to Any Comment,7409757804519277585,trial pass vako k garne ?,"7/28/2026, 6:46:43 PM",0,No,0,No,False,text
7667561112037147399,Not Reply to Any Comment,7316946821564580866,tyo ta thik xa ..yo ev ko Lagi ho ni ...Aru ko Lagi kasri gar ne ? no ev,"7/28/2026, 6:38:18 PM",0,No,0,No,False,text
7668215663643640577,Not Reply to Any Comment,7409257863414137874,Medical ko lagi k garne ho appointment line ho call garera,"7/30/2026, 12:58:24 PM",1,No,1,No,False,text
7668547150934311688,7.668215663643641e+18,7588871257367266322,hajur dr lai call garera janu hola,"7/31/2026, 10:24:40 AM",0,No,0,Not Applicable,True,text
7667456928376881940,Not Reply to Any Comment,6651029666004598789,Date aako nai xoina?,"7/28/2026, 11:54:03 AM",0,No,0,No,False,text
7668213981412885269,Not Reply to Any Comment,7250083626599171078,Ani yatti garesi sidhai written dine ho dai,"7/30/2026, 12:51:53 PM",0,No,1,No,False,text
7668547107904799496,7.668213981412886e+18,7588871257367266322,office apporval paxi written ko paisa tirnu paxi nai written exam lai notification auxa,"7/31/2026, 10:24:30 AM",0,No,0,Not Applicable,True,text
7667571699903546130,Not Reply to Any Comment,7537338335426741266,Retiral ko rajeswo tirna ni online ho .??,"7/28/2026, 7:19:29 PM",0,No,0,No,False,text
7668340889282265863,Not Reply to Any Comment,6616948080665706501,biometric ko date Hala xa ki nai sir koilay samma halxa sir,"7/30/2026, 9:04:13 PM",0,No,0,No,False,text
7667595990212805393,Not Reply to Any Comment,7542472568701076501,bagamati ma 15 gattey samma server down xa sir,"7/28/2026, 8:53:38 PM",0,No,0,No,False,text
7667556548386685717,Not Reply to Any Comment,7568861125161698324,nagarik app baa ksri scan grni sabai bataidinu n,"7/28/2026, 6:20:46 PM",0,No,2,No,False,text
7667932818644779783,7.667556548386686e+18,7588871257367266322,nagarik App ma scan garne option cha tala bich ma niloo wala,"7/29/2026, 6:40:45 PM",0,No,0,Not Applicable,True,text
7667959307711791892,7.667556548386686e+18,7568861125161698324,vyana ne,"7/29/2026, 8:23:38 PM",0,No,0,Not Applicable,True,text
7668330243735814928,Not Reply to Any Comment,7529120322340111368,likhit kahile khulxa pkr ma,"7/30/2026, 8:23:17 PM",0,No,0,No,False,text
7667609605140742930,Not Reply to Any Comment,7059942509292700678,maile garey aj medical success ab aru baki cha,"7/28/2026, 9:46:33 PM",0,No,0,No,False,text
7668149267744637704,Not Reply to Any Comment,7038010011134624794,server naii down xa Kailey samma khulxa hola ?bagmati provience ma .,"7/30/2026, 8:40:45 AM",0,No,0,No,False,text
7667573614937375508,Not Reply to Any Comment,7621169011666289685,licence ma haleko phone number harayo aba B category thapna k garnu parxa hola??,"7/28/2026, 7:26:51 PM",0,No,0,No,False,text
7668000490793370376,Not Reply to Any Comment,6629625064512831494,NID ??,"7/29/2026, 11:03:18 PM",0,No,0,No,False,text
7667489095567917841,Not Reply to Any Comment,7584323350349349905,Re trail ko chae kasari garni ne sir,"7/28/2026, 1:59:18 PM",1,No,2,No,False,text
7667931773795418888,7.667489095567918e+18,7588871257367266322,system update vaye paxi video aune cha,"7/29/2026, 6:36:41 PM",0,No,0,Not Applicable,True,text
7667926847598052114,7.667489095567918e+18,6744908526718764038,Tapai ley thaha paunu bho bhane pls malai ni bhannus la mero pano retrial Kasari garne thaha nai bhayena,"7/29/2026, 6:17:32 PM",0,No,0,Not Applicable,True,text
7667445526682190609,Not Reply to Any Comment,7612581233965122561,Ani what about re trail ko laghi chai ??,"7/28/2026, 11:10:19 AM",1,No,3,No,False,text
7667446703662662418,7.667445526682191e+18,7588871257367266322,electronic driving license ma gayera retrail ko option cha,"7/28/2026, 11:14:19 AM",0,No,0,Not Applicable,True,text
7667509884761473800,7.667445526682191e+18,7420072587352835080,Not found vanxa ta,"7/28/2026, 3:19:31 PM",0,No,0,Not Applicable,True,text
7667528055287726865,7.667445526682191e+18,7612581233965122561,Same . Maybe server down vayera hola,"7/28/2026, 4:30:38 PM",0,No,0,Not Applicable,True,text
7667428533329691410,Not Reply to Any Comment,6522287339984699394,Ani rajaswa ki lagiii kaile kya,"7/28/2026, 10:04:01 AM",0,No,4,No,False,text
7667430548105528072,7.667428533329692e+18,7588871257367266322,system update vaye paxi sabai online batai hunxa,"7/28/2026, 10:11:44 AM",0,No,0,Not Applicable,True,text
7667430805472264968,7.667428533329692e+18,6522287339984699394,Ani 8 gate bhanthyo feri 11 Ani aaja 12 aaba kaile bhanneho,"7/28/2026, 10:12:43 AM",0,No,0,Not Applicable,True,text
7667431843424469768,7.667428533329692e+18,7588871257367266322,ho hapta samma hunxa hola,"7/28/2026, 10:16:49 AM",0,No,0,Not Applicable,True,text
7667431316202160903,7.667428533329692e+18,6522287339984699394,yo hapta hola taa,"7/28/2026, 10:14:49 AM",0,No,0,Not Applicable,True,text
7667579112470872852,Not Reply to Any Comment,7108291065727157275,Scooter ko license xa abo bike ko nikalnu lai feri lekhit dinu parxa ke nai,"7/28/2026, 7:48:12 PM",0,No,1,No,False,text
7667932884896482055,7.667579112470873e+18,7588871257367266322,pardaina,"7/29/2026, 6:40:55 PM",0,No,0,Not Applicable,True,text
7668693462283780885,Not Reply to Any Comment,7499785828219651080,retrail ko lagi vayana k😳,"7/31/2026, 7:52:28 PM",0,No,1,No,False,text
7668696647606092562,7.668693462283781e+18,7588871257367266322,naya video check garnu hola,"7/31/2026, 8:04:46 PM",0,No,0,Not Applicable,True,text
7668019916855575313,Not Reply to Any Comment,6603880977914707973,ani epb number use garera esewa khalti bata payment Kasari garni ho,"7/30/2026, 12:19:23 AM",0,No,0,No,False,text
7668191574492775188,Not Reply to Any Comment,7097568486466569242,"rajeswo tireko 2 hapta bhaisakyo,aba kasari herne office ma smart card aayo ki aakoxaina bhanera?","7/30/2026, 11:24:59 AM",0,No,0,No,False,text
7667457188017439508,Not Reply to Any Comment,7501950525321053192,Form varya var matrai ho medical garnai milya xaina,"7/28/2026, 11:55:08 AM",0,No,1,No,False,text
7667788385814283015,7.66745718801744e+18,7588871257367266322,system update ko kaam sakke paxi milxa sabai,"7/29/2026, 9:20:29 AM",0,No,0,Not Applicable,True,text
7667758233804768021,Not Reply to Any Comment,7576580257679950856,trial date fix garne bela date click nai hudain🤔,"7/29/2026, 7:23:23 AM",0,No,2,No,False,text
7667932117020656402,7.667758233804768e+18,7588871257367266322,"retry garnu hola, interent slow vayera ni hunxa or system ko issue hola","7/29/2026, 6:38:05 PM",0,No,0,Not Applicable,True,text
7667935446647898901,7.667758233804768e+18,7576580257679950856,date select vairako xain,"7/29/2026, 6:51:00 PM",0,No,0,Not Applicable,True,text
7667497924410557201,Not Reply to Any Comment,7499116225848673300,Car ko retrial ko process vandinuna 😔🙏,"7/28/2026, 2:33:09 PM",0,No,1,No,False,text
7668696813847216914,7.667497924410557e+18,7588871257367266322,check new video,"7/31/2026, 8:05:23 PM",0,No,0,Not Applicable,True,text
7667843511877747463,Not Reply to Any Comment,6824480389684855810,Now national id compulsory for license?,"7/29/2026, 12:54:09 PM",10,No,4,No,False,text
7667941918501241620,7.667843511877748e+18,6864549757046735877,Nope nagirta baye pugxa,"7/29/2026, 7:16:07 PM",1,No,0,Not Applicable,True,text
7667945940276609799,7.667843511877748e+18,6824480389684855810,Apparently it’s compulsory now,"7/29/2026, 7:31:40 PM",1,No,0,Not Applicable,True,text
7667946238590976789,7.667843511877748e+18,6864549757046735877,Haina hola tyo optional hola btw timley ni dina lako ho server chalexa timro,"7/29/2026, 7:32:48 PM",1,No,0,Not Applicable,True,text
7667948079664677640,7.667843511877748e+18,6824480389684855810,Chalirako xa nid ko website xai ho main crash bhairako 😭,"7/29/2026, 7:39:55 PM",0,No,0,Not Applicable,True,text
7668160069695275793,Not Reply to Any Comment,6870891359067915270,Ani blood group haru ko option nai Xaina Ahila tw,"7/30/2026, 9:22:36 AM",0,No,4,No,False,text
7668186714271499026,7.668160069695276e+18,7588871257367266322,medical gare paxi dr le entry garnu hunxa,"7/30/2026, 11:05:58 AM",0,No,0,Not Applicable,True,text
7668246774851846932,7.668160069695276e+18,7198514402734294042,afno area ko doctor nai xain options ma🤣,"7/30/2026, 2:59:13 PM",0,No,0,Not Applicable,True,text
7668197176258347792,7.668160069695276e+18,6870891359067915270,Hamley form varya paxi dr sanga Kura garni ani medical garna Jane ho?,"7/30/2026, 11:46:37 AM",0,No,0,Not Applicable,True,text
7668202681533612818,7.668160069695276e+18,7588871257367266322,ho ani dr le system ma update gare paxi application office apporval lai forward hunxa,"7/30/2026, 12:07:57 PM",0,No,0,Not Applicable,True,text
7667403259493368597,Not Reply to Any Comment,6887107518960436229,khulay ko xina tw dai form varda kheri mildiana tw,"7/28/2026, 8:25:58 AM",1,Yes,1,No,False,text
7667407506038014727,7.667403259493369e+18,7588871257367266322,system update and data migration hudai cha vanera notice aako cha,"7/28/2026, 8:42:22 AM",0,No,0,Not Applicable,True,text
7667776150739026696,Not Reply to Any Comment,6588308048498016261,"यातायात Jada naya system lagu vaisakeko xaina vanxan, medical dina gako thie","7/29/2026, 8:32:50 AM",0,No,1,No,False,text
7667788325277451016,7.667776150739027e+18,7588871257367266322,"update ko process ma cha, kaam sakke paxi suru hunxa","7/29/2026, 9:20:03 AM",0,No,0,Not Applicable,True,text
7667449538622784263,Not Reply to Any Comment,7466083556843062289,Ani Medical KO lagi k garnu parla. bidesh nai Jana lako jastai medical nii garnu parne raixa tw. ani Medical garna hospital nai visit garnu parne ho ki kaso purai bujhaunu paryo nii uncle,"7/28/2026, 11:25:35 AM",0,No,0,No,False,text
7667928301340869384,Not Reply to Any Comment,6791398509470155777,Apply gareko Su.Pa pradesh ko lagi for medical Doctor selection chai madesh pradesh and bagmati lumbini tirako list chh dotm processing maa. Kasari solution hola yo issue medical report .kindly hola,"7/29/2026, 6:23:12 PM",0,No,1,No,False,text
7667933124848583432,7.66792830134087e+18,7588871257367266322,list update vaye paxi Supa kai list auxa tyaa bata garnu hola,"7/29/2026, 6:41:53 PM",1,No,0,Not Applicable,True,text
7668023316620477192,Not Reply to Any Comment,7025920877208765442,trial pass bhako le rajaswo kasari tirne ho aba,"7/30/2026, 12:32:01 AM",0,No,0,No,False,text
7668215327688786695,Not Reply to Any Comment,7095549854919590939,lumbiniko server down X ho website khuldaina t ♥️,"7/30/2026, 12:57:11 PM",0,No,0,No,False,text
7667499839906661127,Not Reply to Any Comment,7068314356517815322,Daii server tw down xa tw,"7/28/2026, 2:40:31 PM",3,No,3,No,False,text
7667506668334695175,7.667499839906661e+18,7588871257367266322,kun pradesh?,"7/28/2026, 3:07:05 PM",3,No,0,Not Applicable,True,text
7667515014107300616,7.667499839906661e+18,7068314356517815322,bagamati,"7/28/2026, 3:39:34 PM",0,No,0,Not Applicable,True,text
7667543253776859905,7.667499839906661e+18,6553561337552306181,Madhesh ko update xain🥺,"7/28/2026, 5:29:40 PM",0,No,0,Not Applicable,True,text
7667755779776250642,Not Reply to Any Comment,7632277805312820244,यातायात कार्यलमा गयर गर्दा तँ सर्भर छैन भनेको एक महिना हुन लाज्ञो अनलाइनबात परको कुरा,"7/29/2026, 7:13:48 AM",0,No,1,No,False,text
7667811003434910472,7.667755779776251e+18,7588871257367266322,update ko kaam haru chalirako cha tei vayera hola,"7/29/2026, 10:48:13 AM",0,No,0,Not Applicable,True,text
7667416502136193809,Not Reply to Any Comment,7602884239403631636,Car ko lagi kati age chayiney ho ???,"7/28/2026, 9:17:08 AM",1,Yes,2,No,False,text
7667429677271188232,7.667416502136194e+18,7588871257367266322,18 ho tara aba bike ko lagi 18 car ko lagi 21 hune kura cha,"7/28/2026, 10:08:16 AM",1,No,0,Not Applicable,True,text
7667496895930270485,7.667416502136194e+18,6986266317569672197,Bike ko lagi 18 pugnu parne lagu vai sakyo ki vako xaina sir,"7/28/2026, 2:29:15 PM",0,No,0,Not Applicable,True,text
7667545276459549460,Not Reply to Any Comment,7480886723418227719,Age ko kura change bhayo ko horw ? category A ko lagi 18+ rw category B ko lagi 21+ ?,"7/28/2026, 5:37:01 PM",0,No,2,No,False,text
7668355461708432135,7.66754527645955e+18,7621446067808158741,Tait yll 🥲,"7/30/2026, 10:00:46 PM",0,No,0,Not Applicable,True,text
7667546041500582677,7.66754527645955e+18,7480886723418227719,thaitt yrr 💔🙂,"7/28/2026, 5:39:57 PM",0,No,0,Not Applicable,True,text
7667610446647837461,Not Reply to Any Comment,7416400572436087813,indain KO ahile ban cha,"7/28/2026, 9:49:48 PM",0,No,2,No,False,text
7667914916972364565,7.667610446647838e+18,7416400572436087813,tyo cha mo sang aur ke chahinch,"7/29/2026, 5:31:22 PM",0,No,0,Not Applicable,True,text
7667788726156804872,7.667610446647838e+18,7588871257367266322,passport chayinxa,"7/29/2026, 9:21:41 AM",0,No,0,Not Applicable,True,text
7667767876992779026,Not Reply to Any Comment,7383343110645302288,"gandaki ko ta verna mildaina vanethe
B category ko","7/29/2026, 8:00:49 AM",0,No,1,No,False,text
7667932339469959954,7.667767876992779e+18,7588871257367266322,system update ko kaam sakepaxi milxa,"7/29/2026, 6:38:55 PM",0,No,0,Not Applicable,True,text
7667812678937428743,Not Reply to Any Comment,7406143983661483013,daii 60 years Vanda badhi vako Manchester le license Lina mildaina ho????,"7/29/2026, 10:54:32 AM",0,No,2,No,False,text
7667932209991779090,7.667812678937429e+18,7588871257367266322,18 to 60 vaneko cha system ma,"7/29/2026, 6:38:31 PM",0,No,0,Not Applicable,True,text
7667965870211678983,7.667812678937429e+18,7406143983661483013,kei garera Pani mildaina???,"7/29/2026, 8:48:59 PM",0,No,0,Not Applicable,True,text
7667734235302396680,Not Reply to Any Comment,6689942530064942085,system chalekai xaina vanxnta,"7/29/2026, 5:50:23 AM",0,No,1,No,False,text
7667932607280481042,7.667734235302397e+18,7588871257367266322,"hajur, kaam chalirako cha","7/29/2026, 6:40:02 PM",0,No,0,Not Applicable,True,text
7667610103596860167,Not Reply to Any Comment,7663874817992688661,Sir yesto vanxa ma Chai Dhangadhi bata ho,"7/28/2026, 9:48:31 PM",3,No,1,No,False,text
7667631871563678482,7.66761010359686e+18,7457139838133126160,Same problem,"7/28/2026, 11:12:52 PM",0,No,0,Not Applicable,True,text
7667800515414606612,Not Reply to Any Comment,7172873975503291398,बनाउने भए पूरा भिडियो बनाउने,"7/29/2026, 10:07:34 AM",0,No,1,No,False,text
7667810780875703047,7.667800515414607e+18,7588871257367266322,system update ko kaam sakke paxi pura video auxa,"7/29/2026, 10:47:11 AM",1,No,0,Not Applicable,True,text
7668018983531201301,Not Reply to Any Comment,6556818347677564933,Aile naya license ko laage form khuleko xa ke nai sir.. Ane kaile bata trial suru hunxa hola any information plz,"7/30/2026, 12:15:19 AM",0,No,1,No,False,text
7668186919591969544,7.668018983531202e+18,7588871257367266322,form khulirako cha tara server issue haru cha,"7/30/2026, 11:06:54 AM",0,No,0,Not Applicable,True,text
7667781570052473621,Not Reply to Any Comment,6941736271800075270,Nid no audaina mero,"7/29/2026, 8:53:54 AM",0,No,1,No,False,text
7667788546475819794,7.667781570052474e+18,7588871257367266322,system issue le hola 1 2 din ma try garnu hola,"7/29/2026, 9:20:54 AM",0,No,0,Not Applicable,True,text
7667774283360322325,Not Reply to Any Comment,7164950259164251142,Retrail ko kasari garne,"7/29/2026, 8:25:51 AM",0,No,1,No,False,text
7667932426391536402,7.667774283360323e+18,7588871257367266322,"retrial kai option hunxa yasma, system update paxi video auxa","7/29/2026, 6:39:13 PM",0,No,0,Not Applicable,True,text
7667500873099002632,Not Reply to Any Comment,7009187476288046086,थप गर्नु परे के गर्ने।,"7/28/2026, 2:44:35 PM",0,No,1,No,False,text
7667506595861988114,7.667500873099003e+18,7588871257367266322,electronic driving license ma gayera add category select garna milxa,"7/28/2026, 3:06:44 PM",0,No,0,Not Applicable,True,text
7667602596484399879,Not Reply to Any Comment,6924899914572989442,madhesh pardesh ko Kai le Dekhi chalu hunchan new licence ko faram,"7/28/2026, 9:19:18 PM",0,No,1,No,False,text
7667932518189236999,7.6676025964844e+18,7588871257367266322,system update and data migration ko kaam complete vaye paxi,"7/29/2026, 6:39:35 PM",0,No,0,Not Applicable,True,text
7667587591906624276,Not Reply to Any Comment,7513123028935885842,sir bike KO ra scooter KO age Kati KO,"7/28/2026, 8:21:08 PM",0,No,1,No,False,text
7667932589840253703,7.667587591906625e+18,7588871257367266322,16 ho tara naya system ma 18 dekhako cha,"7/29/2026, 6:39:49 PM",0,No,0,Not Applicable,True,text
7667422134289957653,Not Reply to Any Comment,7487556783457338375,Mero car ko can ab maili बाइकको निकाल्नु लागि को यसको लागि k गर्नु पर्छ sir,"7/28/2026, 9:39:12 AM",0,No,1,No,False,text
7667428654780498695,7.667422134289958e+18,7588871257367266322,Electronic Driving License ma gayera add category bata apply garna milxa,"7/28/2026, 10:04:26 AM",0,No,0,Not Applicable,True,text
7667953279868224263,Not Reply to Any Comment,279365377623576576,Retrial ko chahi kasari k ma garni hola ??,"7/29/2026, 8:00:13 PM",0,No,1,No,False,text
7668187146117677842,7.667953279868225e+18,7588871257367266322,retrail ko option cha. arko video aune cha,"7/30/2026, 11:07:42 AM",0,No,0,Not Applicable,True,text
7667930253415908103,Not Reply to Any Comment,6865094680516117505,Online form band bhako xa bhane ko thyo ta,"7/29/2026, 6:30:52 PM",0,No,1,No,False,text
7668187055637627666,7.667930253415908e+18,7588871257367266322,banda vako ta xaina tara server chai chaleko xaina,"7/30/2026, 11:07:24 AM",0,No,0,Not Applicable,True,text
7667577313710637842,Not Reply to Any Comment,7238525679738045445,pass vako rajaso tirnu chahi kasari ho ni sir,"7/28/2026, 7:41:13 PM",1,No,0,No,False,text
7667803788070650645,Not Reply to Any Comment,7513123028935885842,bike KO lisence KO age Kati ho,"7/29/2026, 10:20:17 AM",0,No,1,No,False,text
7667810880265093906,7.667803788070651e+18,7588871257367266322,16 ho 18 vayera auxa jasto cha naya system ma herda chai,"7/29/2026, 10:47:39 AM",0,No,0,Not Applicable,True,text
7668143619932554004,Not Reply to Any Comment,7231148549006033925,bidesh Dekhi kasari renew garne,"7/30/2026, 8:18:46 AM",0,No,1,No,False,text
7668186814428250887,7.668143619932554e+18,7588871257367266322,medical garma dr visit compulsory cha,"7/30/2026, 11:06:28 AM",0,No,0,Not Applicable,True,text
7667457400892261136,Not Reply to Any Comment,6911248387006628866,"Medical ma k update hunna baaki xa
if xa vane kahile samma update aaune xa sir ?","7/28/2026, 11:55:55 AM",0,No,1,No,False,text
7667470676525302536,7.667457400892261e+18,7588871257367266322,voli parsi samma ma try garnu hola,"7/28/2026, 12:47:22 PM",0,No,0,Not Applicable,True,text
7668239818668966664,Not Reply to Any Comment,6883543211357307909,सर लिखित म एक चोटि फेल भए पछि कत्ती समय पछि फारम भार्न मिल्छ🥰,"7/30/2026, 2:32:01 PM",0,No,1,No,False,text
7668546633205908231,7.668239818668967e+18,7588871257367266322,3 months paxi,"7/31/2026, 10:22:37 AM",0,No,0,Not Applicable,True,text
7668534217248178951,Not Reply to Any Comment,7317991999855887365,sir hamile passport Bata garna mildaina,"7/31/2026, 9:34:28 AM",1,No,1,No,False,text
7668546827679777543,7.668534217248179e+18,7588871257367266322,Nepali le NID batai garnu parxa,"7/31/2026, 10:23:31 AM",1,No,0,Not Applicable,True,text
7667504089940771600,Not Reply to Any Comment,6802155359140283398,pokhara ko doctors ko name contact nai dekhaudaina tw kina hola,"7/28/2026, 2:57:05 PM",0,No,1,No,False,text
7667506644347503367,7.667504089940772e+18,7588871257367266322,update auxa hola yo week samma,"7/28/2026, 3:06:55 PM",0,No,0,Not Applicable,True,text
7667507653149098772,Not Reply to Any Comment,7027628615185892354,retrial ko lagi chai?,"7/28/2026, 3:10:58 PM",0,No,1,No,False,text
7667933010608325384,7.667507653149099e+18,7588871257367266322,video auxa follow garnu hola,"7/29/2026, 6:41:28 PM",0,No,0,Not Applicable,True,text
7667955146500834055,Not Reply to Any Comment,7179910724100998150,aba k garnu 2 din Bhayo,"7/29/2026, 8:07:21 PM",0,No,0,No,False,text
7667954975708218132,Not Reply to Any Comment,6791777753819268101,yesto herauxa tara pdf download nai hudaina ke garne ??,"7/29/2026, 8:06:42 PM",0,No,0,No,False,text
7667379679289787144,Not Reply to Any Comment,6695243401078735878,🥰🥰🥰,"7/28/2026, 6:54:30 AM",1,Yes,0,No,False,emoji
7670030624456491793,Not Reply to Any Comment,6834714176407159813,👍👍👍,"8/4/2026, 10:22:14 AM",0,No,0,No,False,emoji
7669284991403148050,Not Reply to Any Comment,7372806907583267845,🤗🤗🤗,"8/2/2026, 10:07:53 AM",0,No,0,No,False,emoji
7669263598812627732,Not Reply to Any Comment,7628645222784680961,😳😳😳,"8/2/2026, 8:44:59 AM",0,No,0,No,False,emoji
7668952415002149653,Not Reply to Any Comment,6774019764757038085,❤️,"8/1/2026, 12:37:24 PM",0,No,0,No,False,emoji
7668769765863113490,Not Reply to Any Comment,7129899412516258822,🙏🙏🙏🙏,"8/1/2026, 12:48:30 AM",0,No,0,No,False,emoji
7668676888369349384,Not Reply to Any Comment,7465880511472649223,❤️❤️❤️,"7/31/2026, 6:48:01 PM",0,No,0,No,False,emoji
7669303097487672084,Not Reply to Any Comment,6602052900607623174,🥰🥰🥰,"8/2/2026, 11:18:10 AM",1,Yes,0,No,False,emoji
7668711483265680149,Not Reply to Any Comment,6650669672004796422,❤️,"7/31/2026, 9:02:19 PM",1,Yes,0,No,False,emoji
7670101060351116050,Not Reply to Any Comment,7276110414441481218,yo garnu nai parxa ra Mila tarial sabai pass garako aaba yakai chote Jada hudina ra,"8/4/2026, 2:54:41 PM",0,No,0,No,False,text
7670332331698144021,Not Reply to Any Comment,6817803220888749062,Pay garda aafnai bank account esewa haru btw pay garne ho ke aaruko btw pay garda neh hunxa,"8/5/2026, 5:52:28 AM",0,No,0,No,False,text
7670219090557223688,Not Reply to Any Comment,6653032069416288262,retrial ko lagi hudai bhayana 2 weeks bhayo k garni,"8/4/2026, 10:32:39 PM",0,No,0,No,False,text
7670161458480038677,Not Reply to Any Comment,6894605632075383809,office approve in progress vanxaa taa,"8/4/2026, 6:49:01 PM",0,No,0,No,False,text
7670160180088914709,Not Reply to Any Comment,6854911006721623046,"maile ni grye vakher ,,,vayo,,tysm🥰","8/4/2026, 6:44:04 PM",0,No,0,No,False,text
7670020354189853448,Not Reply to Any Comment,7585820776360805394,payment ko lagi ebp no. khoji rahexa ke garne,"8/4/2026, 9:41:28 AM",0,No,1,No,False,text
7670739127977657096,7.670020354189854e+18,7588871257367266322,check new video,"8/6/2026, 8:10:46 AM",0,No,0,Not Applicable,True,text
7670527333728731925,Not Reply to Any Comment,7603204571934770183,K catogory ko 1500 thyo rajaswa aile 3000 auxa badeko hora,"8/5/2026, 6:28:55 PM",0,No,1,No,False,text
7670530457276957458,7.670527333728732e+18,7588871257367266322,paila 5 barsa ko authyo ailey 10 barsa tei vayera double,"8/5/2026, 6:40:54 PM",0,No,0,Not Applicable,True,text
7668898277987156737,Not Reply to Any Comment,7381306682218185729,applicant id halda we couldn't find an application with that id vanxa k garni ho sir?,"8/1/2026, 9:07:16 AM",7,No,4,No,False,text
7670047319996793607,7.668898277987157e+18,7032436065064371226,track your application id bata garnu. vaihalxa,"8/4/2026, 11:26:12 AM",0,No,0,Not Applicable,True,text
7668980186675774229,7.668898277987157e+18,6825822680413094918,Same,"8/1/2026, 2:25:09 PM",0,No,0,Not Applicable,True,text
7668960215723606805,7.668898277987157e+18,7638891010639348753,Monday try garnus,"8/1/2026, 1:07:42 PM",0,No,0,Not Applicable,True,text
7668928583020118802,7.668898277987157e+18,7095229543220347931,Same,"8/1/2026, 11:04:47 AM",0,No,0,Not Applicable,True,text
7670015982681146132,Not Reply to Any Comment,6996216025264276485,Yesto xa dai,"8/4/2026, 9:24:48 AM",1,No,2,No,False,text
7670073359275049735,7.670015982681146e+18,7344590919809991681,bro application I'd chai kasari halyou,"8/4/2026, 1:07:07 PM",0,No,0,Not Applicable,True,text
7670076232231404309,7.670015982681146e+18,6996216025264276485,Tei raship ma. Hunxa ho applicant id,"8/4/2026, 1:18:27 PM",0,No,0,Not Applicable,True,text
7669656701436986113,Not Reply to Any Comment,6616193178511097862,mero rajasow tirda old edl dekhauxa ta Naya pass category aauna ta kasari garni,"8/3/2026, 10:10:23 AM",0,No,0,No,False,text
7670020727734600468,Not Reply to Any Comment,6781022971814659073,Ani mero sabai thik xa license fee kasari pay garne ho ta,"8/4/2026, 9:42:56 AM",0,No,0,No,False,text
7669280956088075028,Not Reply to Any Comment,7172338057587934234,k vako ho yesto,"8/2/2026, 9:52:19 AM",2,No,3,No,False,text
7669639649819886356,7.669280956088075e+18,7558756051166020664,aba medical garna parxa goto next ma dabaunu ani najikai KO doctor suggest garxa tespaxi phone bata Kura garera janu ani doctor le garxa aru kura,"8/3/2026, 9:04:21 AM",0,No,0,Not Applicable,True,text
7669661071485240082,7.669280956088075e+18,7633811066556367879,Pass vako le ni,"8/3/2026, 10:27:14 AM",0,No,0,Not Applicable,True,text
7669383747984802567,7.669280956088075e+18,7362423143594460167,same yestai vanxa Mero ni,"8/2/2026, 4:31:05 PM",0,No,0,Not Applicable,True,text
7669686839608165127,Not Reply to Any Comment,7493932316209808439,Mero trail pass vako purano system huda ho ahile application farak hunxa so tesko chai kasari payment garne,"8/3/2026, 12:07:19 PM",0,No,0,No,False,text
7669373639409681160,Not Reply to Any Comment,6976530074843169798,dai code aako xaina,"8/2/2026, 3:51:48 PM",0,No,0,No,False,text
7668913976248288018,Not Reply to Any Comment,6658743384981078022,B category thapera trial pass vayepaxi rajaswa kati tirnu parxa.??,"8/1/2026, 10:08:12 AM",0,No,0,No,False,text
7669422386626020116,Not Reply to Any Comment,6590887906167128070,ebp no. generate nai hunna...kasari garne ho?,"8/2/2026, 7:01:02 PM",0,No,0,No,False,text
7668953363695092498,Not Reply to Any Comment,7112051900262843397,Add categories pass vako ley ne garni ta ssame Mero application id mildaina vanxa,"8/1/2026, 12:41:04 PM",0,No,0,No,False,text
7669269117975397136,Not Reply to Any Comment,7542172932787160081,dada medical test ko lagi ni banaunu na video,"8/2/2026, 9:06:20 AM",0,No,0,No,False,text
7669308976986686215,Not Reply to Any Comment,6981546659742336005,dai suruma tyo medical chaii ka garnu kasailey received nahi Gardena call 😒,"8/2/2026, 11:40:52 AM",0,No,0,No,False,text
7668961762334868244,Not Reply to Any Comment,6932066864697377793,Rajaswa tirepaxi rasid chai kasari line?,"8/1/2026, 1:13:39 PM",2,No,0,No,False,text
7669690225681531656,Not Reply to Any Comment,7362423143594460167,Lyahh feri medical gar vanxa ta 😡,"8/3/2026, 12:20:24 PM",0,No,0,No,False,text
7669823219444892437,Not Reply to Any Comment,6561180186750238726,okay🚘,"8/3/2026, 8:56:32 PM",0,No,0,No,False,text
7669237500326331143,Not Reply to Any Comment,6812046210255438853,brother reply garnu na,"8/2/2026, 7:03:41 AM",0,No,0,No,False,text
7668924548625515280,Not Reply to Any Comment,7411103167294080006,rajaswaa tireko Kati time paxi liscence aauxa sir,"8/1/2026, 10:49:47 AM",0,No,0,No,False,text
7669733237354873608,Not Reply to Any Comment,6868667825499849730,online rajaswo tirne hudainatw sir,"8/3/2026, 3:07:21 PM",0,No,0,No,False,text
7669372478704583444,Not Reply to Any Comment,7084561665630979078,Office approval huna kati time lagxa ?,"8/2/2026, 3:47:38 PM",0,No,0,No,False,text
7668913975876600594,Not Reply to Any Comment,6954387223291855878,dai application no ra application I'd yeutai ho tara alphabet nai xaina ta,"8/1/2026, 10:08:09 AM",1,No,0,No,False,text
7668831415467655944,Not Reply to Any Comment,6993311512606491675,Application number ka hunxa ?,"8/1/2026, 4:48:01 AM",1,No,2,No,False,text
7668894700578292487,7.668831415467656e+18,7588871257367266322,application vare paxi ko document ma,"8/1/2026, 8:53:26 AM",0,No,0,Not Applicable,True,text
7668955247918056210,7.668831415467656e+18,6993311512606491675,trial pass vako 3 hapta vayo ka hunxa rw id ?,"8/1/2026, 12:48:19 PM",1,No,0,Not Applicable,True,text
7669661238767321863,Not Reply to Any Comment,7633811066556367879,Ani pass vako le pani medical garne horw,"8/3/2026, 10:27:58 AM",1,No,0,No,False,text
7669052556585206535,Not Reply to Any Comment,6858626836831536129,Sar ri trayl ko pani vnin sar maa faaall vay,"8/1/2026, 7:10:56 PM",0,No,0,No,False,text
7668960577607336724,7.668902714441074e+18,7638891010639348753,Monday try garnus,"8/1/2026, 1:08:58 PM",0,No,0,Not Applicable,True,text
7668991790876590868,Not Reply to Any Comment,7533887982522221586,Yo karnali pradesh ley ta 18 yrs pugnu parxa bhannara notice halako thayo ta bike ko license ko lagi???????,"8/1/2026, 3:10:17 PM",0,No,0,No,False,text
7668806454219965204,Not Reply to Any Comment,6814809910313419782,khalti bata kasari tirne,"8/1/2026, 3:11:08 AM",0,No,1,No,False,text
7668894568239416071,7.668806454219965e+18,7588871257367266322,khalti ma gayera IRD search garnu hola ani ebp rw amount rakhnu hola,"8/1/2026, 8:52:59 AM",1,No,0,Not Applicable,True,text
7668880167215760148,Not Reply to Any Comment,7404521212313519120,Mero ta jati applicant id haneni mildai mildaina kina hola?,"8/1/2026, 7:57:21 AM",2,No,1,No,False,text
7668881368579261192,7.66888016721576e+18,7491896938380887056,Same,"8/1/2026, 8:01:39 AM",1,No,0,Not Applicable,True,text
7668702639666021138,Not Reply to Any Comment,7066382499199370245,Mero edp number ne cha tara ka bata kasari pay gaynu please bhanidi nu naa,"7/31/2026, 8:28:05 PM",0,No,3,No,False,text
7669905927730529031,7.668702639666021e+18,7019843996945138693,sathi mileko ho tirna laii,"8/4/2026, 2:17:26 AM",0,No,0,Not Applicable,True,text
7668960107987829525,7.668702639666021e+18,7638891010639348753,3k,"8/1/2026, 1:07:08 PM",0,No,0,Not Applicable,True,text
7668743759472952082,7.668702639666021e+18,7588871257367266322,"Go to esewa and search for IRD , click on it. Paste Ebp number and pay the amount.","7/31/2026, 11:07:34 PM",0,No,0,Not Applicable,True,text
7668901092684284692,Not Reply to Any Comment,7036335412071662618,"payment garey pachi kagaj ola license.....?
Lina janu parcha ki kasto......?","8/1/2026, 9:18:18 AM",0,No,0,No,False,text
7670011318539879176,Not Reply to Any Comment,7585820776360805394,"ma ta madhesh Bata xu
yesko website xaina","8/4/2026, 9:06:26 AM",0,No,1,No,False,text
7670011830522544904,7.670011318539879e+18,7588871257367266322,https://edlvrs.madhesh.gov.np/,"8/4/2026, 9:08:29 AM",0,No,0,Not Applicable,True,text
7668746325756232466,Not Reply to Any Comment,7064951590591874074,राजस्व तिर्न मिलेको हो सर ??,"7/31/2026, 11:17:34 PM",0,No,1,No,False,text
7668751803403846408,7.668746325756233e+18,7588871257367266322,yes,"7/31/2026, 11:38:47 PM",0,No,0,Not Applicable,True,text
7669874484325483284,Not Reply to Any Comment,7154006601119237147,trail pass gareko le Fri medical grnu prxw Ra !? please reply hai....,"8/4/2026, 12:15:31 AM",0,No,1,No,False,text
7670049167855452935,7.669874484325484e+18,7588871257367266322,no,"8/4/2026, 11:33:20 AM",0,No,0,Not Applicable,True,text
7668686867637764872,Not Reply to Any Comment,6887148164795122694,dai yesto vani rako xa k garne,"7/31/2026, 7:26:47 PM",0,No,2,No,False,text
7669360888981390101,7.668686867637765e+18,6870509856979633158,Applicant id kun ho sir dhekhai dinush na trial pass vako,"8/2/2026, 3:02:23 PM",0,No,0,Not Applicable,True,text
7668742916949803783,7.668686867637765e+18,7588871257367266322,EBP number aaye paxi. Esewa ma IRD search garnu hola.Inland Revenue System ma click garnu hola ani ebp number rw amount enter garnu hola.,"7/31/2026, 11:04:23 PM",0,No,0,Not Applicable,True,text
7668883913414525716,Not Reply to Any Comment,7407421377541964805,👍,"8/1/2026, 8:11:34 AM",1,Yes,0,No,False,emoji
7670734720431604500,Not Reply to Any Comment,7081273040973448219,😳😳😳,"8/6/2026, 7:53:53 AM",0,No,0,No,False,emoji
7670459659429610241,Not Reply to Any Comment,7584323350349349905,Form barey ko kati din ma auxa ne sir ?,"8/5/2026, 2:06:37 PM",0,No,0,No,False,text
7670106402581119764,Not Reply to Any Comment,7149567648379896858,Yesto xw kasari payment gsnri ho,"8/4/2026, 3:15:25 PM",0,No,0,No,False,text
7670118164919141127,Not Reply to Any Comment,7449380286515069968,Dai paila ko receipt harayo aba id kasari halne?,"8/4/2026, 4:01:03 PM",0,No,0,No,False,text
7670432595901317895,Not Reply to Any Comment,6837432691390972930,category bigreko le k garne,"8/5/2026, 12:21:09 PM",0,No,0,No,False,text
7668908386541339400,Not Reply to Any Comment,6973615829950891035,age kati pugna parcha?,"8/1/2026, 9:46:33 AM",0,No,0,No,False,text
7668938470476546836,Not Reply to Any Comment,7521024033790985234,yesto vanxa sir,"8/1/2026, 11:43:27 AM",6,No,9,No,False,text
7668988951840310017,7.668938470476547e+18,279055300052004864,Same,"8/1/2026, 2:59:05 PM",2,No,0,Not Applicable,True,text
7669079892444889876,7.668938470476547e+18,7521024033790985234,voli bata khulxa reya kta hoo😁🥰,"8/1/2026, 8:51:58 PM",0,No,0,Not Applicable,True,text
7670111125128643346,7.668938470476547e+18,6992464194310882310,milyo hajur ko?,"8/4/2026, 3:33:46 PM",1,No,0,Not Applicable,True,text
7669076453812863765,7.668938470476547e+18,7164950259164251142,Sam,"8/1/2026, 8:38:39 PM",1,No,0,Not Applicable,True,text
7670111738390594322,7.668938470476547e+18,6992464194310882310,kaile milxa hola,"8/4/2026, 3:36:07 PM",1,No,0,Not Applicable,True,text
7670112106252370708,7.668938470476547e+18,7521024033790985234,khoii,"8/4/2026, 3:37:40 PM",0,No,0,Not Applicable,True,text
7669304237226918672,7.668938470476547e+18,7195536675970237445,same maro pone,"8/2/2026, 11:23:03 AM",1,No,0,Not Applicable,True,text
7669668094290461458,7.668938470476547e+18,6956636395075224578,Mero ni,"8/3/2026, 10:54:36 AM",0,No,0,Not Applicable,True,text
7669388620020663061,Not Reply to Any Comment,7098958564468081690,sem mero oni,"8/2/2026, 4:49:59 PM",0,No,0,No,False,text
7669720791634232071,Not Reply to Any Comment,7210321122399028226,Retrail ko lagi matching nai hudainaa,"8/3/2026, 2:19:01 PM",0,No,0,No,False,text
7669685008168469255,Not Reply to Any Comment,6744953037896320005,Ahile trail center khulisakeko hora???,"8/3/2026, 12:00:06 PM",0,No,0,No,False,text
7669812129788986119,Not Reply to Any Comment,6890115161329107974,ani likhit ma pass trial ma fail huni LR NI feri 500 tirnu parxa ho.?,"8/3/2026, 8:13:24 PM",0,No,0,No,False,text
7668966465966244625,Not Reply to Any Comment,7136523521346798593,Retrail ko pani medical hunxa rw sir please reply,"8/1/2026, 1:31:49 PM",0,No,2,No,False,text
7669706722126807815,7.668966465966245e+18,6767711861498233862,hudaina,"8/3/2026, 1:24:28 PM",1,No,0,Not Applicable,True,text
7669770462331568897,7.668966465966245e+18,7136523521346798593,thank you sir but kaile bata khulxa retrial,"8/3/2026, 5:31:45 PM",0,No,0,Not Applicable,True,text
7669364752069591815,Not Reply to Any Comment,6874547216142287877,Trail date kaile ho vanera Kasri herne ta ani?,"8/2/2026, 3:17:18 PM",0,No,0,No,False,text
7668996088716198672,Not Reply to Any Comment,7195536675970237445,daii ho previous application I'd kasari ho bhorne bhandinu paro,"8/1/2026, 3:27:15 PM",0,No,0,No,False,text
7669142476666487573,Not Reply to Any Comment,6569878449727750149,7 months aagadi 2 choti fail aaba k 1 choti matra pauxa ki k hunxa sir ?,"8/2/2026, 12:54:55 AM",0,No,0,No,False,text
7668890427730838289,Not Reply to Any Comment,7512013260922160146,Trial fail vayo Kaila fari from varnu milxa ? 3 choti nai fail vaya paxi,"8/1/2026, 8:36:43 AM",0,No,3,No,False,text
7668893801411478290,7.668890427730839e+18,7588871257367266322,3 months,"8/1/2026, 8:50:01 AM",0,No,0,Not Applicable,True,text
7668911067963671303,7.668890427730839e+18,7506487571866878992,First time deko feri kati month vitra dina milxa,"8/1/2026, 9:57:01 AM",0,No,0,Not Applicable,True,text
7668908879287370513,7.668890427730839e+18,7512013260922160146,First trail dako time ki last time trail deko time dakhi 3 months ho ?,"8/1/2026, 9:48:22 AM",0,No,0,Not Applicable,True,text
7668983305123840789,Not Reply to Any Comment,7628282692137059345,Thau anusar park hunxa holani,"8/1/2026, 2:37:20 PM",0,No,0,No,False,text
7669436007251542805,Not Reply to Any Comment,7017060111802205190,good,"8/2/2026, 7:53:58 PM",0,No,0,No,False,text
7668889513372828417,Not Reply to Any Comment,7411103167294080006,dai trial pass vako rajaswaa kasari tirne,"8/1/2026, 8:33:49 AM",0,No,2,No,False,text
7668893775066153736,7.668889513372829e+18,7588871257367266322,arko video ma cha,"8/1/2026, 8:49:48 AM",0,No,0,Not Applicable,True,text
7668924233091564304,7.668889513372829e+18,7411103167294080006,yo rajaswaa tireko Kati time paxi liscence aauxa,"8/1/2026, 10:48:52 AM",0,No,0,Not Applicable,True,text
7668981976132584212,Not Reply to Any Comment,272204956856803328,"likhit miss vayo , aba feri kati time ma garna milxa ?","8/1/2026, 2:32:01 PM",0,No,0,No,False,text
7668875874183250689,Not Reply to Any Comment,7278865185703134213,maro sim arkoi ko name ma xa sir😥,"8/1/2026, 7:40:19 AM",3,No,1,No,False,text
7668893905307730695,7.668875874183251e+18,7588871257367266322,afno naam ma sarna milxa telecom bata,"8/1/2026, 8:50:15 AM",2,No,0,Not Applicable,True,text
7669037808681878280,Not Reply to Any Comment,7049302099637208069,नवीकरण गर्नलाई के गर्ने सर लाइसेन्स,"8/1/2026, 6:08:35 PM",0,No,0,No,False,text
7670131944102282002,Not Reply to Any Comment,6904527526787515393,Dai mero ta yesto bhanxa k garnu,"8/4/2026, 4:54:30 PM",0,No,0,No,False,text
7668895775536104199,Not Reply to Any Comment,7155390868222968858,A category licences ko lagi kati age required xa ?,"8/1/2026, 8:57:35 AM",0,No,1,No,False,text
7668952457347465991,7.668895775536104e+18,7621446067808158741,16 😂,"8/1/2026, 12:37:38 PM",0,No,0,Not Applicable,True,text
7668858374520685333,Not Reply to Any Comment,7260926656225805314,butwal ma khuleko xaina ta😥😥,"8/1/2026, 6:32:45 AM",1,No,0,No,False,text
7668878267286602516,Not Reply to Any Comment,7038877942915400730,province change garna kasari ho,"8/1/2026, 7:49:50 AM",0,No,1,No,False,text
7668894048544277255,7.668878267286603e+18,7588871257367266322,edlvrs.pradesh.gov.np. kun pradesh ho rakhnu hola,"8/1/2026, 8:50:56 AM",0,No,0,Not Applicable,True,text
7668704103669924616,Not Reply to Any Comment,6887148164795122694,dai payment garna mili rako xain,"7/31/2026, 8:33:45 PM",1,Yes,1,No,False,text
7668735933226844946,7.668704103669925e+18,7588871257367266322,issue k cha?,"7/31/2026, 10:37:09 PM",0,No,0,Not Applicable,True,text
7668700434886132501,Not Reply to Any Comment,6887107518960436229,dai form khulay ko rw,"7/31/2026, 8:19:27 PM",1,Yes,1,No,False,text
7668735877833245447,7.668700434886133e+18,7588871257367266322,khuleko cha,"7/31/2026, 10:37:01 PM",0,No,0,Not Applicable,True,text
7668714631087178516,Not Reply to Any Comment,6773946391426352134,Aile khuleko xara,"7/31/2026, 9:14:37 PM",1,Yes,1,No,False,text
7668735855159378706,7.668714631087179e+18,7588871257367266322,khuleko cha,"7/31/2026, 10:36:56 PM",0,No,0,Not Applicable,True,text
7668722620322071317,Not Reply to Any Comment,6902309605310465026,biometrics ko lagi office Mai janu parxa ?,"7/31/2026, 9:45:31 PM",0,No,1,No,False,text
7668735823504966407,7.668722620322072e+18,7588871257367266322,dr list bata appointment lera janu parxa. office jana pardaina,"7/31/2026, 10:36:48 PM",0,No,0,Not Applicable,True,text
7668867381930410773,Not Reply to Any Comment,7207458921978692614,khuleko tw xaina,"8/1/2026, 7:07:31 AM",0,No,1,No,False,text
7668894251631788818,7.668867381930411e+18,7588871257367266322,server down or slow internet le huna sakxa feri try garnu hola,"8/1/2026, 8:51:40 AM",0,No,0,Not Applicable,True,text
7668883948450497301,Not Reply to Any Comment,7356042464383812614,Daii Friday matra garna milcha kii aruu din panii retrial ko online process garna milcha??,"8/1/2026, 8:11:52 AM",0,No,1,No,False,text
7668894137601196818,7.668883948450498e+18,7588871257367266322,aru din ni varna milxa,"8/1/2026, 8:51:10 AM",0,No,0,Not Applicable,True,text
7668914783085855489,Not Reply to Any Comment,6689947949877675013,@∀ @Sajinn🧌,"8/1/2026, 10:12:03 AM",0,No,0,No,False,text
7670458593503068929,Not Reply to Any Comment,7584323350349349905,Sir retrail ko kasari form borney ho ne ?,"8/5/2026, 2:02:46 PM",0,No,1,No,False,text
7670462235080508178,7.670458593503069e+18,7588871257367266322,"arko video ma cha , check garnu hola","8/5/2026, 2:16:09 PM",0,No,0,Not Applicable,True,text
7670248436953121537,Not Reply to Any Comment,7136523521346798593,sir retrial kaile bata Hun ni,"8/5/2026, 12:26:38 AM",0,No,0,No,False,text
7670777640777941780,Not Reply to Any Comment,7108291065727157275,Yo scooter ko license bhako le bike ko aba dinu lai likhit exam dinu parxa ke nai,"8/6/2026, 10:40:16 AM",0,No,0,No,False,text
7670373772399133448,Not Reply to Any Comment,6767280790012937221,expiry date bhnda 1yrs aagadi renew garna milxa bhnne news true ho?🤔,"8/5/2026, 8:32:58 AM",0,No,0,No,False,text
7670405179789329170,Not Reply to Any Comment,7218191523677438983,sir mero licence ma vay ko nambr harai sake xa aba kasri rinu garne sir,"8/5/2026, 10:35:04 AM",0,No,1,No,False,text
7670462313312584455,7.670405179789329e+18,7588871257367266322,transport office visit garnu hola number bata,"8/5/2026, 2:16:27 PM",0,No,0,Not Applicable,True,text
7670016603980202773,Not Reply to Any Comment,6635625170571722757,vnxi 1 den KO kamm 3 denn lagni voo hoina..,"8/4/2026, 9:27:10 AM",0,No,1,No,False,text
7670035069721854727,7.670016603980203e+18,7588871257367266322,chaadai 1 din mai pani hunexa,"8/4/2026, 10:38:34 AM",0,No,0,Not Applicable,True,text
7670254799178318600,Not Reply to Any Comment,7414040773476303878,biomatric ko lagi janu pardaina ani?,"8/5/2026, 12:51:14 AM",0,No,3,No,False,text
7670462434842706696,7.670254799178319e+18,7588871257367266322,dr list herera jana parca,"8/5/2026, 2:16:57 PM",0,No,0,Not Applicable,True,text
7670463080111620872,7.670254799178319e+18,7414040773476303878,ani yatayat janai pardaina aba vaneko suninxa ta? clear gardinu na,"8/5/2026, 2:19:29 PM",0,No,0,Not Applicable,True,text
7670464642002830088,7.670254799178319e+18,7588871257367266322,written exam rw trail din jana parxa aru process lai jana parena,"8/5/2026, 2:25:31 PM",0,No,0,Not Applicable,True,text
7669732137000321812,Not Reply to Any Comment,6986914527867225093,Yatayatma janu parena sir teso vaye ..,"8/3/2026, 3:03:07 PM",0,No,2,No,False,text
7670812229898683137,7.669732137000322e+18,6548010517326205952,medical lai janu parxa,"8/6/2026, 12:55:05 PM",0,No,0,Not Applicable,True,text
7669818660877239047,7.669732137000322e+18,7588871257367266322,parena,"8/3/2026, 8:38:43 PM",0,No,0,Not Applicable,True,text
7670551323066549000,Not Reply to Any Comment,6963166272867943429,ok,"8/5/2026, 8:01:48 PM",0,No,0,No,False,text
7669688430662222610,Not Reply to Any Comment,7176270434407908379,Sir mero aba car ko license ho bike ko pahila bata xa jhukera car ko new liecnse garera medical gare aba add bata garda no liecnse information founf bhanxa ke garni,"8/3/2026, 12:13:30 PM",0,No,1,No,False,text
7669818821917819656,7.669688430662223e+18,7588871257367266322,"office nai janu parxa hola , online portal ma eddit garne option xaina","8/3/2026, 8:39:20 PM",0,No,0,Not Applicable,True,text
7669530461731685141,Not Reply to Any Comment,6883022139093681158,sir triple pass bhayo aaba k gara nu para cha,"8/3/2026, 2:05:12 AM",3,Yes,3,No,False,text
7669587379984532232,7.669530461731685e+18,7588871257367266322,rajaswa tirnu parxa. arko video hernu hola,"8/3/2026, 5:41:23 AM",1,No,0,Not Applicable,True,text
7669636259555476244,7.669530461731685e+18,6883022139093681158,Kun video sir,"8/3/2026, 8:57:00 AM",1,No,0,Not Applicable,True,text
7669638786476917522,7.669530461731685e+18,7588871257367266322,profile ma gayera hernu hola Trail Pasd Payment Process vanera cha,"8/3/2026, 9:00:45 AM",1,No,0,Not Applicable,True,text
7670290244796891922,Not Reply to Any Comment,7058657363822543898,office approval vyo ki vyn vner kasari herne thaha paune hjr,"8/5/2026, 3:08:48 AM",0,No,1,No,False,text
7670464723343409938,7.670290244796892e+18,7588871257367266322,Approved vanera dekhinxa office approval ma,"8/5/2026, 2:25:50 PM",0,No,0,Not Applicable,True,text
7669841992818262801,Not Reply to Any Comment,6644902808696340485,medical chai kasari garne ho,"8/3/2026, 10:09:17 PM",0,No,1,No,False,text
7670012054790898439,7.669841992818263e+18,7588871257367266322,next video hernu hola,"8/4/2026, 9:09:14 AM",0,No,0,Not Applicable,True,text
7669822294446048008,Not Reply to Any Comment,7520101173699232776,Sir mero licen ma nagirta ko nbr begre ko raixa kasari change garne hola online bata ma aaile dubai ma xu😇,"8/3/2026, 8:52:54 PM",0,No,1,No,False,text
7670012299583734535,7.669822294446048e+18,7588871257367266322,"online ma change garne option aako xaina, aaye Video aune cha","8/4/2026, 9:10:16 AM",1,No,0,Not Applicable,True,text
7669836662969287445,Not Reply to Any Comment,6982476333659145222,office approval kati ghanta ma hunxa hjr,"8/3/2026, 9:48:46 PM",0,No,1,No,False,text
7670012136689861394,7.669836662969288e+18,7588871257367266322,"tyo ta vanna sakinna, kamrchari rw application kati chan tei anusar.","8/4/2026, 9:09:45 AM",0,No,0,Not Applicable,True,text
7669469805082739457,Not Reply to Any Comment,7410829670142657542,❤️❤️❤️,"8/2/2026, 10:04:56 PM",1,Yes,0,No,False,emoji
7670197882494059271,Not Reply to Any Comment,7444828731975713847,sir Mero yesto vaneko xa kati din wait garnu parney ho,"8/4/2026, 9:10:18 PM",3,No,2,No,False,text
7670465053816079124,7.67019788249406e+18,7437487297153434625,merota atini dekhako xaina😥,"8/5/2026, 2:27:11 PM",0,No,0,Not Applicable,True,text
7670546887195935509,7.67019788249406e+18,7530643234449556501,Same,"8/5/2026, 7:44:39 PM",0,No,0,Not Applicable,True,text
7670544481804092181,Not Reply to Any Comment,6909675627218174978,Vayo mero ta sabai 300 linxa medical ko,"8/5/2026, 7:35:23 PM",0,No,4,No,False,text
7670713585609442056,7.670544481804092e+18,7266793549928137730,office approval katti dinma vayo?,"8/6/2026, 6:31:41 AM",0,No,0,Not Applicable,True,text
7670757972960166677,7.670544481804092e+18,6909675627218174978,Mero ta within a hour ma vako ho office approval server khulney bitikai,"8/6/2026, 9:23:53 AM",0,No,0,Not Applicable,True,text
7670767508374536967,7.670544481804092e+18,7266793549928137730,hamro tw 4 din vo vako xaina,"8/6/2026, 10:00:46 AM",0,No,0,Not Applicable,True,text
7670753780284506881,7.670544481804092e+18,7469044759622698000,हाम्राे भा छैन त,"8/6/2026, 9:14:57 AM",0,No,0,Not Applicable,True,text
7670587285260337927,Not Reply to Any Comment,6938340084610434050,Pahilai trial pass bhako le kasari rajeswo tirne ?,"8/5/2026, 10:21:30 PM",1,No,0,No,False,text
7670464537895174932,Not Reply to Any Comment,7437487297153434625,ho ho call gaeko uthaudaina😥,"8/5/2026, 2:25:14 PM",0,No,0,No,False,text
7670749673920955143,Not Reply to Any Comment,6899809388493636609,bibaran update kasari garni,"8/6/2026, 8:51:32 AM",0,No,0,No,False,text
7669585523548046100,Not Reply to Any Comment,7038877942915400730,application kasari edited garna ho,"8/3/2026, 5:34:22 AM",0,No,1,No,False,text
7670466570234413831,7.669585523548046e+18,7588871257367266322,online bata edit garna milne feature aako xaina,"8/5/2026, 2:33:07 PM",0,No,0,Not Applicable,True,text
7670564458645504789,Not Reply to Any Comment,7508242379829511186,daii inbox ma msg hernu na,"8/5/2026, 8:53:10 PM",0,No,0,No,False,text
7670622684971778834,Not Reply to Any Comment,6643191688934342662,क्याटेगोरी थप्नको लागि फर्म कसरी भरिने र त्यसको एउटा भिडियो बनाइदिनु न।please,"8/6/2026, 12:38:48 AM",0,No,0,No,False,text
7670168484643128082,Not Reply to Any Comment,7118024697669338118,medical ma garxau xa ra?,"8/4/2026, 7:16:19 PM",0,No,0,No,False,text
7670480573413376788,Not Reply to Any Comment,7433030183257818118,written exam ma atkeko xa sirmero,"8/5/2026, 3:27:26 PM",0,No,0,No,False,text
7669589791973065479,Not Reply to Any Comment,6743453499441857542,bara jilaa kochhaina,"8/3/2026, 5:50:44 AM",0,No,0,No,False,text
7670163772460712725,Not Reply to Any Comment,7013596598219490306,yo vanda agadhi ko process chai kasari garne ho daii,"8/4/2026, 6:58:08 PM",0,No,0,No,False,text
7669787533711180562,Not Reply to Any Comment,7296752873659106309,mero mudium name xaina k garne hoo🙏😴,"8/3/2026, 6:38:00 PM",0,No,0,No,False,text
7670761645791757074,Not Reply to Any Comment,6774988770686174213,payment nai khuleko xoin sir kasari grne,"8/6/2026, 9:38:06 AM",1,No,0,No,False,text
7669776313624134416,Not Reply to Any Comment,7622774177632076817,Medical vayera k garnu office le approved gardaina,"8/3/2026, 5:54:50 PM",0,No,2,No,False,text
7670411438449509138,7.669776313624135e+18,6661066570209918981,Dinxa 3/4 dinma,"8/5/2026, 10:59:07 AM",0,No,0,Not Applicable,True,text
7670582934533194497,7.669776313624135e+18,7165084901028152325,2 weeks hunu layo vako xaina mero,"8/5/2026, 10:04:28 PM",0,No,0,Not Applicable,True,text
7669622332621144853,Not Reply to Any Comment,6699321125903565830,Mero Yesto dekhauxa,"8/3/2026, 7:57:03 AM",1,No,5,No,False,text
7669997425935090439,7.669622332621145e+18,7243403088101409793,mero ta 300 xa taa,"8/4/2026, 8:12:32 AM",0,No,0,Not Applicable,True,text
7669773079664608007,7.669622332621145e+18,6957540460139119617,same mero panii 😭,"8/3/2026, 5:41:49 PM",0,No,0,Not Applicable,True,text
7669703837918036744,7.669622332621145e+18,7532896530447303697,medical garna jaa kaa hoo. doctor koo naam nai diyekoo xainaa yeta najik ko ma,"8/3/2026, 1:13:13 PM",0,No,0,Not Applicable,True,text
7669637293577683720,7.669622332621145e+18,7422884648860845057,sem yrr,"8/3/2026, 8:55:02 AM",0,No,0,Not Applicable,True,text
7669655070872355591,7.669622332621145e+18,6863806056834892806,Same me too,"8/3/2026, 10:04:05 AM",0,No,0,Not Applicable,True,text
7669642874770637588,Not Reply to Any Comment,7435286300406432775,medical test ma k k chainxa malai blood test ni grnu prxa re blood group ta thaxa tara card xain k feri blood test grnu prxa?,"8/3/2026, 9:16:52 AM",0,No,3,No,False,text
7669651279534555911,7.669642874770638e+18,7316511908336010246,Card ko jarurat pardaian vandiye matra hunxa kun group ho vanyrw,"8/3/2026, 9:49:12 AM",1,No,0,Not Applicable,True,text
7669808911428797191,7.669642874770638e+18,6894583488005571590,eye test hunxa ki naii,"8/3/2026, 8:07:07 PM",0,No,0,Not Applicable,True,text
7669823276570608404,7.669642874770638e+18,7435286300406432775,hunxa,"8/3/2026, 8:56:40 PM",0,No,0,Not Applicable,True,text
7669659338915234581,Not Reply to Any Comment,6882196518456247297,office approved kaseri hi,"8/3/2026, 10:20:38 AM",0,No,1,No,False,text
7669669334529032978,7.669659338915235e+18,7139150834549818395,mero ni vako xain band xa re,"8/3/2026, 10:59:23 AM",0,No,0,Not Applicable,True,text
7670178128837116692,Not Reply to Any Comment,7455680306177623045,medical gareko aja ava lekhit kaile hunxa hola? tha vayena malai tha xa vne rply grnu na sir?,"8/4/2026, 7:53:43 PM",0,No,0,No,False,text
7670187196204974868,Not Reply to Any Comment,7505085196770673682,medical paxi exam date hamle chose garna pamxa ki. utai bata fixed ahunxa,"8/4/2026, 8:28:54 PM",0,No,0,No,False,text
7670183326573380359,Not Reply to Any Comment,307923889601310720,Office approved chahi kaile hunxa,"8/4/2026, 8:13:49 PM",0,No,0,No,False,text
7670189503886557970,Not Reply to Any Comment,7295855684472964098,"mero medical ta vyo
aba exam fee online bata kasari bujauni","8/4/2026, 8:37:52 PM",0,No,0,No,False,text
7670365202558747408,Not Reply to Any Comment,6590163454681382917,Class -A vayo edit garera Class- K garna k garni office maa gayera ni vayena no edit option till date,"8/5/2026, 8:00:30 AM",0,No,0,No,False,text
7670164424724710161,Not Reply to Any Comment,6964975053676299266,bro mero exam date chose ni lagdain,"8/4/2026, 7:00:28 PM",0,No,0,No,False,text
7670157685823767316,Not Reply to Any Comment,6858504641090552834,ट्रायल पास भएपछि अनलाइन बाट कसरी राजस्व तिर्ने एउटा भिडियो बनाइदिनुहोस् न सर।,"8/4/2026, 6:34:28 PM",0,No,1,No,False,text
7670165086667309832,7.670157685823768e+18,7588871257367266322,check new video,"8/4/2026, 7:03:08 PM",0,No,0,Not Applicable,True,text
7669632545341309703,Not Reply to Any Comment,6868667825499849730,rajaswo kasari tirne honi trial pass vako,"8/3/2026, 8:36:42 AM",0,No,2,No,False,text
7669633891891888904,7.66963254534131e+18,7588871257367266322,arko video ma cha,"8/3/2026, 8:41:47 AM",0,No,0,Not Applicable,True,text
7669636866182562567,7.66963254534131e+18,6868667825499849730,website ma dekhaudaina tw sir,"8/3/2026, 8:53:31 AM",0,No,0,Not Applicable,True,text
7669795872549192468,Not Reply to Any Comment,6956785954041807874,Ani k garne aba doctor le phone nai pich up gardaina ta,"8/3/2026, 7:10:20 PM",0,No,1,No,False,text
7669989213815554824,7.669795872549193e+18,6956465540512695297,😂😂😂,"8/4/2026, 7:40:38 AM",0,No,0,Not Applicable,True,emoji
7670451941231215378,Not Reply to Any Comment,7470540373435597825,ok,"8/5/2026, 1:36:13 PM",0,No,0,No,False,text
7669648711488684818,Not Reply to Any Comment,7143801190290260997,150 fee tirna 1000 kharcha hunxa kasto system banayanxan balen sarkar le,"8/3/2026, 9:39:21 AM",0,No,0,No,False,text
7669629470030152466,Not Reply to Any Comment,7637416724509869076,Mero ta 750 liyo doctor lya 😭😭,"8/3/2026, 8:24:37 AM",0,No,0,No,False,text
7669628273110549268,Not Reply to Any Comment,7178728231099499525,office approval kati din ma hunxa,"8/3/2026, 8:20:11 AM",0,No,0,No,False,text
7669782693068227346,Not Reply to Any Comment,7432575642157679617,daii lekhit ko results kasarii herneyy? vandinuna,"8/3/2026, 6:19:09 PM",0,No,0,No,False,text
7669653829638357778,Not Reply to Any Comment,6877117807953101829,rajaswo pani tirisake abo smart card kati samay paxi aauxa hola??,"8/3/2026, 9:59:10 AM",0,No,0,No,False,text
7670029167278703381,Not Reply to Any Comment,7046413949059810310,Number mero name ma registrat garisakeko xa tai ni still new license ma num halda mero baba kai name aauxa tara mobile ma 9966 garera check garda merai name ma xa,"8/4/2026, 10:15:51 AM",0,No,0,No,False,text
7669849013957427988,Not Reply to Any Comment,7637573120514540560,office approve ma aayara aatkiyoo ABA kahila hunxa?,"8/3/2026, 10:36:45 PM",0,No,0,No,False,text
7669618341716116245,Not Reply to Any Comment,6915408378181878790,exam deyarw basako date kasari thaa paune trail ko,"8/3/2026, 7:41:38 AM",0,No,0,No,False,text
7669989536714064648,Not Reply to Any Comment,6956465540512695297,medical tw vayo but tyo application accept naai hudaina rw,"8/4/2026, 7:41:59 AM",0,No,0,No,False,text
7669819079910671122,Not Reply to Any Comment,6770257361653744641,Outside nepal bata k process hunxa,"8/3/2026, 8:40:23 PM",0,No,0,No,False,text
7669598033801397013,Not Reply to Any Comment,6561180186750238726,good,"8/3/2026, 6:22:42 AM",1,Yes,0,No,False,text
7669782486080471815,Not Reply to Any Comment,6561368629434597382,ahh Sunnus na yatayat karelaye mai gayera medical garda hunna???,"8/3/2026, 6:18:27 PM",0,No,0,No,False,text
7669799839865488146,Not Reply to Any Comment,6871163079846462470,Nid aakai xaina but digitally chahe website ma show hunxa tara nagarik app ma dekhaudaina,"8/3/2026, 7:25:40 PM",0,No,0,No,False,text
7669655323166589717,Not Reply to Any Comment,6697434794400056326,mero ta office approval mai adkya xa,"8/3/2026, 10:05:05 AM",1,No,4,No,False,text
7669735431655539463,7.66965532316659e+18,7576269923199403064,Kati din vo,"8/3/2026, 3:15:47 PM",0,No,0,Not Applicable,True,text
7669735768794170133,7.66965532316659e+18,6697434794400056326,5-6 days vaisakyo medical test deko,"8/3/2026, 3:17:14 PM",0,No,0,Not Applicable,True,text
7669755498451026708,7.66965532316659e+18,6655841148445655045,मेरो पनि same problem छ 😡,"8/3/2026, 4:33:44 PM",0,No,0,Not Applicable,True,text
7669736131760456455,7.66965532316659e+18,7576269923199403064,maile ne aaja medical pass gareko Mero ne office approval ma xa 😢😭,"8/3/2026, 3:18:32 PM",0,No,0,Not Applicable,True,text
7669835740422947605,Not Reply to Any Comment,7406187105229898753,aaja bata medical start ho😳,"8/3/2026, 9:45:04 PM",0,No,0,No,False,text
7669845095105856277,Not Reply to Any Comment,7559615817396536327,bro Mero applicant ko name nai arkaai dekhounxa k bhako hoo yestoo,"8/3/2026, 10:21:27 PM",0,No,0,No,False,text
7669755588332061461,Not Reply to Any Comment,7632856645630788616,office approval ma gayara rokeyeo,"8/3/2026, 4:34:02 PM",0,No,0,No,False,text
7669605491601326869,Not Reply to Any Comment,6866038665166078977,retrial ko kasari ho vannu paro,"8/3/2026, 6:51:48 AM",1,No,3,No,False,text
7669630134354625287,7.669605491601327e+18,7588871257367266322,arko video ma cha hernu hola,"8/3/2026, 8:27:24 AM",0,No,0,Not Applicable,True,text
7669612717959529237,7.669605491601327e+18,6960095359550243842,Hajur lai retinal ko barey kei thaha vaye malai ni vannu hola hai ma ni tej vayera license banauna sake xaina,"8/3/2026, 7:19:47 AM",0,No,0,Not Applicable,True,text
7669615259184038676,7.669605491601327e+18,6866038665166078977,aaile sistem ma gako xina,"8/3/2026, 7:29:38 AM",0,No,0,Not Applicable,True,text
7669655157986444053,Not Reply to Any Comment,7479829149630120967,Rasuwako Le nuwakot ko Dr Bata ni hunchha hola ni hoina?,"8/3/2026, 10:04:22 AM",0,No,1,No,False,text
7669663776594248456,7.669655157986444e+18,7588871257367266322,1 2 din kurnu hola,"8/3/2026, 10:37:50 AM",0,No,0,Not Applicable,True,text
7669582991337145096,Not Reply to Any Comment,7547265999390901255,Trial pass gare ko xu ani rajasuwa kasri tirne,"8/3/2026, 5:24:23 AM",0,No,1,No,False,text
7669586719914099474,7.669582991337145e+18,7588871257367266322,arko video ma cha,"8/3/2026, 5:38:52 AM",0,No,0,Not Applicable,True,text
7669451337288975111,Not Reply to Any Comment,6939947905237353478,nid xaina dai,"8/2/2026, 8:53:16 PM",1,Yes,1,No,False,text
7669455555275375368,7.669451337288975e+18,7588871257367266322,NID is compulsory for license.,"8/2/2026, 9:09:42 PM",0,No,0,Not Applicable,True,text
7669600012443796231,Not Reply to Any Comment,7036349827475506181,Dai mero sub satpe sake sakeo thyo lisance generation huna matrai bake thyo fare first medical dakhai ra xa 😭,"8/3/2026, 6:30:27 AM",1,No,0,No,False,text
7669454204234629889,Not Reply to Any Comment,7344187149782828033,Office approved kin dhilo hudaixa,"8/2/2026, 9:04:27 PM",1,Yes,1,No,False,text
7669455738485736200,7.66945420423463e+18,7588871257367266322,"Staff thorai, application dherai vayera huna sakxa","8/2/2026, 9:10:22 PM",0,No,0,Not Applicable,True,text
7669799164918842133,Not Reply to Any Comment,6948414256723739650,hello sir rajaswa tirna sikai dinuna sir,"8/3/2026, 7:28:10 PM",0,No,1,No,False,text
7670165148666315527,7.669799164918842e+18,7588871257367266322,check new video,"8/4/2026, 7:03:26 PM",0,No,0,Not Applicable,True,text
7669450234674807560,Not Reply to Any Comment,7532896530447303697,Pdf document expired hunxaa ki nai.,"8/2/2026, 8:49:08 PM",1,Yes,1,No,False,text
7669455661164249874,7.669450234674808e+18,7588871257367266322,application tracking bata herna sakinxa,"8/2/2026, 9:10:06 PM",0,No,0,Not Applicable,True,text
7669526656465781520,Not Reply to Any Comment,6911248387006628866,Kahile samma office approval hunxa aaba ...,"8/3/2026, 1:45:39 AM",0,No,1,No,False,text
7669586858126672647,7.669526656465782e+18,7588871257367266322,office employee le verify gare paxi time chai thyakkai vanna sakinna,"8/3/2026, 5:39:32 AM",0,No,0,Not Applicable,True,text
7669564282640614151,Not Reply to Any Comment,7620482209850098708,sarbur khuileko horw sir,"8/3/2026, 4:11:56 AM",0,No,1,No,False,text
7669587172345791240,7.669564282640614e+18,7588871257367266322,khulirako cha issue pani cha ali ali,"8/3/2026, 5:40:50 AM",0,No,0,Not Applicable,True,text
7669613869875200788,Not Reply to Any Comment,6999901051324875782,retrial kasari garni,"8/3/2026, 7:24:17 AM",0,No,1,No,False,text
7669630385847894792,7.669613869875201e+18,7588871257367266322,check previous video,"8/3/2026, 8:28:07 AM",0,No,0,Not Applicable,True,text
7670434759541785364,Not Reply to Any Comment,7584431272963114040,🥰🥰🥰,"8/5/2026, 12:29:45 PM",0,No,0,No,False,emoji
7670419766537356052,Not Reply to Any Comment,7526075818076161031,👍👍👍,"8/5/2026, 11:31:35 AM",0,No,0,No,False,emoji
7670392353013760786,Not Reply to Any Comment,7073652287898076187,💓💓💓,"8/5/2026, 9:44:57 AM",0,No,0,No,False,emoji
7669806109188915984,Not Reply to Any Comment,6980010344585151493,👍,"8/3/2026, 7:50:05 PM",0,No,0,No,False,emoji
7669730691915563797,Not Reply to Any Comment,7075328531622921242,😳😳😳,"8/3/2026, 2:57:32 PM",0,No,0,No,False,emoji
7670536234862723858,Not Reply to Any Comment,6923419669568128005,add category KO B KO Kate terana parxa plz reply,"8/5/2026, 7:03:14 PM",0,No,0,No,False,text
7670553966695416577,Not Reply to Any Comment,6874762593577550853,office approve kasari hunx,"8/5/2026, 8:12:11 PM",0,No,0,No,False,text
7670724898951906068,Not Reply to Any Comment,7187942342897386501,future plan k xa?,"8/6/2026, 7:15:31 AM",0,No,0,No,False,text
7670505533305242388,Not Reply to Any Comment,6955749158989644802,dai Mero retrial ko audaina,"8/5/2026, 5:04:18 PM",0,No,0,No,False,text
7670489545989833492,Not Reply to Any Comment,6756885016825676801,Retrail form ani pay kasri grne?,"8/5/2026, 4:02:15 PM",0,No,0,No,False,text
7670515230824841991,Not Reply to Any Comment,7202202599348372507,Driving License Smart card Lina jada documents haru k k liyera janu parxa ?,"8/5/2026, 5:41:48 PM",0,No,3,No,False,text
7670519401880388370,7.670515230824842e+18,286306025199104000,Tei paila rajswa tireko bill matrai landa hunxa if milxa bane nagrita pani lanu,"8/5/2026, 5:58:05 PM",1,No,0,Not Applicable,True,text
7670520430300316423,7.670515230824842e+18,7202202599348372507,Ani paisa Pani lagxa ra ?,"8/5/2026, 6:02:02 PM",0,No,0,Not Applicable,True,text
7670522479660909319,7.670515230824842e+18,286306025199104000,Lagdhaina paisa,"8/5/2026, 6:10:03 PM",1,No,0,Not Applicable,True,text
7670688179586646804,Not Reply to Any Comment,6611323512136482822,rajaswo kasri tirne vedio banau na,"8/6/2026, 4:53:18 AM",0,No,0,No,False,text
7670172073540502273,Not Reply to Any Comment,7629217493949105168,ahile t rajasw tirnw mile xain,"8/4/2026, 7:30:28 PM",0,No,2,No,False,text
7670361540542300935,7.670172073540503e+18,7588871257367266322,system ma issue vayera hola feri try garnu hola,"8/5/2026, 7:45:39 AM",0,No,0,Not Applicable,True,text
7670401658962854672,7.670172073540503e+18,7629217493949105168,tehi t dai aba approval dekhau x mero t pass vayeko rajasw tirnu parne x vairaxain,"8/5/2026, 10:21:45 AM",0,No,0,Not Applicable,True,text
7670633356887540501,Not Reply to Any Comment,6939048754632786946,kati ho sir amount tirne?,"8/6/2026, 1:20:23 AM",0,No,0,No,False,text
7670784350614815506,Not Reply to Any Comment,7403761447281394693,Dai rajasawa hui yatayahat gayar tirna milxa kinai ?,"8/6/2026, 11:06:09 AM",0,No,0,No,False,text
7670412421177295624,7.670373282600928e+18,7588871257367266322,application tracking?,"8/5/2026, 11:02:52 AM",0,No,0,Not Applicable,True,text
7670415056132571925,7.670373282600928e+18,6741377190325847045,Yes correct application id rakhda ne yesto xa,"8/5/2026, 11:13:19 AM",1,No,0,Not Applicable,True,text
7670415551071896338,7.670373282600928e+18,7588871257367266322,update vaisakya xaina hola,"8/5/2026, 11:15:01 AM",0,No,0,Not Applicable,True,text
7670415824100885269,7.670373282600928e+18,6741377190325847045,20 din vaisakyo aaile saamma ta vaisaknu parne ho,"8/5/2026, 11:16:21 AM",1,No,0,Not Applicable,True,text
7670416375828415239,7.670373282600928e+18,7588871257367266322,offical notice aako chaina,"8/5/2026, 11:18:19 AM",0,No,0,Not Applicable,True,text
7670505651629589269,7.670373282600928e+18,6955749158989644802,tmro vyo ??,"8/5/2026, 5:04:36 PM",0,No,0,Not Applicable,True,text
7670558318708867860,7.670373282600928e+18,6741377190325847045,Same issue face gardai ho ?,"8/5/2026, 8:29:04 PM",0,No,0,Not Applicable,True,text
7670568253290578709,7.670373282600928e+18,6955749158989644802,aw yr sathi re trial dina application id halda estai vnxa,"8/5/2026, 9:07:34 PM",0,No,0,Not Applicable,True,text
7670558227221725973,7.670373282600928e+18,6741377190325847045,Xaena,"8/5/2026, 8:28:39 PM",0,No,0,Not Applicable,True,text
7670189913615155986,Not Reply to Any Comment,6966962058097542149,ani doctor lai vatna Kata jana,"8/4/2026, 8:39:29 PM",0,No,1,No,False,text
7670361497621070600,7.670189913615156e+18,7588871257367266322,medical ko step bata dr ko list herna milxa afno najik ko dr ma jana sakinxa,"8/5/2026, 7:45:19 AM",0,No,0,Not Applicable,True,text
7670165729036272404,Not Reply to Any Comment,6858504641090552834,thank you,"8/4/2026, 7:05:39 PM",2,Yes,1,No,False,text
7670165803081696008,Not Reply to Any Comment,7547265999390901255,K garne aaba ta,"8/4/2026, 7:05:49 PM",0,No,1,No,False,text
7670361662892966663,7.670165803081696e+18,7588871257367266322,?,"8/5/2026, 7:45:54 AM",0,No,0,Not Applicable,True,text
7670593841614930704,Not Reply to Any Comment,6804023969526039557,😳😳😳,"8/5/2026, 10:46:53 PM",0,No,0,No,False,emoji
7670579430091473672,Not Reply to Any Comment,6972135373306004486,👍👍👍,"8/5/2026, 9:50:56 PM",0,No,0,No,False,emoji
7670567111887192850,Not Reply to Any Comment,7601045943458890753,🙏🙏🙏,"8/5/2026, 9:03:09 PM",0,No,0,No,False,emoji
7670782865009738504,Not Reply to Any Comment,7508010291108856840,ward no mistake xa k garnu paryo,"8/6/2026, 11:00:30 AM",0,No,0,No,False,text
7670794095544189714,Not Reply to Any Comment,7623987847364690961,Trail fail vako online varna sakinxa ki nai retrail ko form,"8/6/2026, 11:43:58 AM",0,No,0,No,False,text
7670712074893247240,Not Reply to Any Comment,6708574794005054469,citizenship number chahi kasari change garne hola sir,"8/6/2026, 6:25:53 AM",0,No,1,No,False,text
7670768504468308743,7.670712074893247e+18,7588871257367266322,yasko feature aaisakeko xaina,"8/6/2026, 10:04:45 AM",0,No,0,Not Applicable,True,text
7670733840482812692,Not Reply to Any Comment,7560692519996048396,date of birth change garna k garnu parxa ?,"8/6/2026, 7:50:28 AM",0,No,1,No,False,text
7670768526992556818,7.670733840482813e+18,7588871257367266322,yasto option aako xaina,"8/6/2026, 10:04:53 AM",0,No,0,Not Applicable,True,text
7670499920784605972,Not Reply to Any Comment,6939158531703211013,number twaa change vayoo update huna Kati time lagxa daii,"8/5/2026, 4:42:26 PM",0,No,0,No,False,text
7670477700004578069,Not Reply to Any Comment,7456428915390841873,"dai office approval mai adkirachha, office nai janu parni hroa? 3 days vayo","8/5/2026, 3:16:18 PM",0,No,2,No,False,text
7670755761245635335,7.670477700004578e+18,7576269923199403064,"no , office approval server system chale paxi hunxa aaile bugs glitch xa","8/6/2026, 9:15:17 AM",1,No,0,Not Applicable,True,text
7670773738212885268,7.670477700004578e+18,7456428915390841873,ye ❤️,"8/6/2026, 10:25:06 AM",0,No,0,Not Applicable,True,text
7670468249595396885,Not Reply to Any Comment,6995489761558545435,mero surname nai mistake aako xa kina hola 😳,"8/5/2026, 2:39:35 PM",0,No,2,No,False,text
7670476066008564488,7.670468249595397e+18,7588871257367266322,"transport office jana parxa hola , portal ma edit garne feature aaisakeko xaina","8/5/2026, 3:09:51 PM",0,No,0,Not Applicable,True,text
7670480163779658517,7.670468249595397e+18,6995489761558545435,transport office vaneko chai,"8/5/2026, 3:25:46 PM",0,No,0,Not Applicable,True,text
7670206425671156488,Not Reply to Any Comment,6753093009032496133,sir 16 barsha change vayera 18 pugeko horw license nikalna lai,"8/4/2026, 9:43:34 PM",0,No,1,No,False,text
7670362910975771399,7.670206425671157e+18,7588871257367266322,officially aako ta xaina tara online system ma chai 18 to 60 vanera cha,"8/5/2026, 7:50:49 AM",0,No,0,Not Applicable,True,text
7670468622842250004,Not Reply to Any Comment,7165085379375137794,number change tw vayo aba smart card ma nih change garyako number aauxa ki naii,"8/5/2026, 2:41:07 PM",0,No,1,No,False,text
7670476130885321479,7.67046862284225e+18,7588871257367266322,auxa,"8/5/2026, 3:10:07 PM",0,No,0,Not Applicable,True,text
7670405821662282503,Not Reply to Any Comment,7218191523677438983,sir mero pani licence ma vay ko number harai sake xa aba kasri garne rinu,"8/5/2026, 10:37:14 AM",0,No,1,No,False,text
7670416579524035335,7.670405821662283e+18,7588871257367266322,transport office nai janu parxa hola yasko lagi ta,"8/5/2026, 11:19:01 AM",0,No,0,Not Applicable,True,text
7670448807351698184,Not Reply to Any Comment,7584399458407662600,"hlo sir aaaja bike sikney thauma form vorna rw. medial ani biometric ra likhit
aaja xa rw sir likhit Dina aruthau Jana pardaina sir","8/5/2026, 1:24:04 PM",0,No,4,No,False,text
7670449635156804370,7.670448807351698e+18,7588871257367266322,transport office nai jana parxa,"8/5/2026, 1:27:17 PM",0,No,0,Not Applicable,True,text
7670450249118892808,7.670448807351698e+18,7584399458407662600,bike sikney. thau medical rw biomatric hyaa nai xa aaunuhola likhit ni yetai hunxc sidai trial Dina laai chai jaana parxa Rey vaney kuro garnuhuntheo ani 1000 paisa Pani lagxa jasto Kura garnuhuntheo,"8/5/2026, 1:29:42 PM",0,No,0,Not Applicable,True,text
7670451426095285010,7.670448807351698e+18,7588871257367266322,paisa khayera kaam garne broker haru bata kaam nagaraunu hola. online driving license ko portal bata matrai garnu hola,"8/5/2026, 1:34:14 PM",0,No,0,Not Applicable,True,text
7670457268051772168,7.670448807351698e+18,7584399458407662600,aachakl form rw likhit dini date aaaxaina ni sir ani Kailey aauxa tw sir,"8/5/2026, 1:56:54 PM",0,No,0,Not Applicable,True,text
7670180690163761928,Not Reply to Any Comment,6673154273373160454,kasari garne video pathau nuss t,"8/4/2026, 8:03:38 PM",0,No,1,No,False,text
7670361964589826834,7.670180690163762e+18,7588871257367266322,application process ma detail enter gare paxi OTP enter garne thau ma dekhinxa Update Mobile Number vanera,"8/5/2026, 7:47:14 AM",0,No,0,Not Applicable,True,text
7670459348527858452,Not Reply to Any Comment,6569432207524904966,license name ma spelling mistake bhaxa kasari milauni ho vandinuna,"8/5/2026, 2:05:10 PM",0,No,1,No,False,text
7670475955806307090,7.670459348527859e+18,7588871257367266322,transport office jana parxa hola,"8/5/2026, 3:09:26 PM",0,No,0,Not Applicable,True,text
7670195828959838983,Not Reply to Any Comment,7571660010074227719,🤌,"8/4/2026, 9:02:22 PM",1,Yes,1,No,False,emoji
7670781056476218132,Not Reply to Any Comment,6848987385541444614,office approbval vako xaena tesako lagi ke garnu parla sar,"8/6/2026, 10:53:29 AM",0,No,0,No,False,text
7670513350866584328,Not Reply to Any Comment,6992526661187994650,Office approval na vako 1 hapta vaisakeyo kin ho,"8/5/2026, 5:34:30 PM",0,No,0,No,False,text
7668604516849681173,Not Reply to Any Comment,7637573120514540560,yesh ma aayara aatkiyoo ABA kahila hunxa k garnu parxa ??,"7/31/2026, 2:07:22 PM",1,No,1,No,False,text
7668965761063535368,7.668604516849681e+18,7388073595840922641,Wait garne approved hunu deu aba,"8/1/2026, 1:29:11 PM",1,No,0,Not Applicable,True,text
7668643686099567367,Not Reply to Any Comment,7508010291108856840,Daju mero ta license ma ward no nai bigrye xa k garney hola ? Please vandinu paryo,"7/31/2026, 4:39:12 PM",1,No,3,No,False,text
7669387534691369735,7.668643686099568e+18,7371926301400105989,Ai lai sodna vandinxa,"8/2/2026, 4:45:50 PM",0,No,0,Not Applicable,True,text
7669398199454696200,7.668643686099568e+18,7508010291108856840,haha yata yat ja vanda raixa,"8/2/2026, 5:27:09 PM",1,No,0,Not Applicable,True,text
7669420154699170567,7.668643686099568e+18,7371926301400105989,😂😂😂,"8/2/2026, 6:52:19 PM",0,No,0,Not Applicable,True,emoji
7667475043845604103,Not Reply to Any Comment,7060908934949438470,medical ko lagi doctor ko number rakhdinuvaxa Tara kunei number ma Pani call lagdaina . K garney hola?,"7/28/2026, 1:04:27 PM",1,No,2,No,False,text
7667979353549259538,7.667475043845604e+18,7588871257367266322,1 2 din ma dr list update hunxa hola ani milxa,"7/29/2026, 9:41:21 PM",0,No,0,Not Applicable,True,text
7667534626450490133,7.667475043845604e+18,6869313149838984193,Tei ta same problem 🥺,"7/28/2026, 4:55:51 PM",0,No,0,Not Applicable,True,text
7669984768856212244,Not Reply to Any Comment,6983321694857479194,छेपारो is sad ❤️‍🩹❤️‍🩹.,"8/4/2026, 7:23:41 AM",1,No,0,No,False,text
7670272136711930645,Not Reply to Any Comment,6931332360932983814,Sir ma aahile Nepal ma xain ma yahi September 20 samm aaudai xu tij dasain vanda aagi bike licence fom varna paula ki nai sir Nepal aayar,"8/5/2026, 1:58:42 AM",0,No,0,No,False,text
7668185409395016455,Not Reply to Any Comment,7296755691871552517,Dai trial pass vay paxi rajesokasri ternu online bata,"7/30/2026, 11:00:59 AM",0,No,3,No,False,text
7668186226080678674,7.668185409395017e+18,7588871257367266322,application tracking option bata garna milxa,"7/30/2026, 11:04:17 AM",0,No,0,Not Applicable,True,text
7669762119843840776,7.668185409395017e+18,7633811066556367879,Tya medical vaxa dai,"8/3/2026, 4:59:24 PM",0,No,0,Not Applicable,True,text
7668187126588146439,7.668185409395017e+18,7296755691871552517,Daju payment kasri gatni aaba,"7/30/2026, 11:07:36 AM",0,No,0,Not Applicable,True,text
7668113312652264209,Not Reply to Any Comment,7180386057443247130,maro yasto xa k garne hora aba sir,"7/30/2026, 6:21:15 AM",0,No,8,No,False,text
7668186054768100104,7.668113312652264e+18,7588871257367266322,dr lai phone garera medical garaunu hola. Dr le record entry gare paxi office approval ko lagi kurnu hola,"7/30/2026, 11:03:28 AM",1,No,0,Not Applicable,True,text
7668198580621132560,7.668113312652264e+18,7180386057443247130,system ma लागू vako xina vannu hunxa ta phone gare ko sir💗,"7/30/2026, 11:52:09 AM",0,No,0,Not Applicable,True,text
7668241510581027591,7.668113312652264e+18,7118461648755967003,mero vayo ta,"7/30/2026, 2:38:47 PM",0,No,0,Not Applicable,True,text
7668262469132403457,7.668113312652264e+18,7180386057443247130,inbox ma bolam na,"7/30/2026, 4:00:02 PM",0,No,0,Not Applicable,True,text
7668357840130933522,7.668113312652264e+18,7588871257367266322,system update ko kam sake paxi milxa,"7/30/2026, 10:10:04 PM",0,No,0,Not Applicable,True,text
7668270519087285000,7.668113312652264e+18,7614106058151281684,Dr ko number ma call nai lagdina 7 8 din vayo hola maila form voreako aajai sama medical vako xaina,"7/30/2026, 4:31:12 PM",0,No,0,Not Applicable,True,text
7670038918868108039,7.668113312652264e+18,7229665733588239365,jhapa ko ma number nai xaina doctar mc ko,"8/4/2026, 10:53:30 AM",0,No,0,Not Applicable,True,text
7668250595295740690,7.668113312652264e+18,6721164284547646469,Num nai xaina ta,"7/30/2026, 3:13:50 PM",0,No,0,Not Applicable,True,text
7668217943712711442,Not Reply to Any Comment,7095549854919590939,lumbiniko server down x ho♥️,"7/30/2026, 1:07:11 PM",0,No,0,No,False,text
7669843656170291976,Not Reply to Any Comment,7591901391447950357,mero to vornoi mildino to sir kino ho🙄😪,"8/3/2026, 10:15:47 PM",0,No,0,No,False,text
7667999804568699656,Not Reply to Any Comment,6522287339984699394,Ani hamro aaba rajaswa online tirna kaile pauna yo hapta Pani na hune hora,"7/29/2026, 11:00:45 PM",0,No,1,No,False,text
7668018283686642439,7.6679998045687e+18,7588871257367266322,yayayat office le arko suchana nikalxa update ko kaam sake paxi. kaam suru vaye maile post garne chu,"7/30/2026, 12:12:29 AM",0,No,0,Not Applicable,True,text
7667804834196636437,Not Reply to Any Comment,7513123028935885842,sir bike KO ra scooter KO age Kati KO,"7/29/2026, 10:24:14 AM",0,No,4,No,False,text
7667898243032515335,7.667804834196637e+18,7271201390541882370,18😂,"7/29/2026, 4:26:36 PM",0,No,0,Not Applicable,True,text
7667939653840585493,7.667804834196637e+18,7513123028935885842,hya kasto 18 vako horw🥺🫩,"7/29/2026, 7:07:19 PM",1,No,0,Not Applicable,True,text
7667963007443845906,7.667804834196637e+18,7271201390541882370,tai ta vaneko😭🙏,"7/29/2026, 8:37:49 PM",0,No,0,Not Applicable,True,text
7667979483579695879,7.667804834196637e+18,7588871257367266322,16 ho tara naya system ma 18 huna parne vanera aako cha. official notice naaunjel 16 nai ho,"7/29/2026, 9:41:49 PM",0,No,0,Not Applicable,True,text
7668204061800760085,Not Reply to Any Comment,6920788465097950209,dai trail likhit sabai pass vayesakiyo ani rajaso katna milirako xaina kasari rajaso katne hola,"7/30/2026, 12:13:29 PM",0,No,4,No,False,text
7668357458029200135,7.66820406180076e+18,7588871257367266322,system update ko sake paxi milxa,"7/30/2026, 10:08:36 PM",1,No,0,Not Applicable,True,text
7668359669404697364,7.66820406180076e+18,6920788465097950209,kailay sama yasto system hunxa kailay khulxa ho ?..,"7/30/2026, 10:17:13 PM",0,No,0,Not Applicable,True,text
7668361625083921170,7.66820406180076e+18,7588871257367266322,next week samma ma sakinxa hola,"7/30/2026, 10:24:44 PM",0,No,0,Not Applicable,True,text
7669772930973680404,7.66820406180076e+18,6920788465097950209,kailay dakhi hunxa hola dai,"8/3/2026, 5:41:28 PM",0,No,0,Not Applicable,True,text
7669361345472676625,Not Reply to Any Comment,6613281255168442373,If i incorrectly selected the category how do i fix?,"8/2/2026, 3:04:05 PM",0,No,0,No,False,text
7668287023018574612,Not Reply to Any Comment,7392652598950249479,2083 ma license banauna kati barsa pugna parxa ?,"7/30/2026, 5:35:18 PM",0,No,1,No,False,text
7668357324674827016,7.668287023018575e+18,7588871257367266322,"ailey samma 16 nai cha , officially 18 vanera aako xaina","7/30/2026, 10:07:59 PM",0,No,0,Not Applicable,True,text
7668277747487720200,Not Reply to Any Comment,7052254838335456282,dai ani k paila mailay chalako number aaru ko name ma thiyo apply garda samma ani applay garda aaru ko name aayo ani mailay ntc ko office ma gayara tai chalako sim mero name ko banaya tara tya apply garako name chamge vayana kasari chamge garni ho natra cancel kasari garni😳,"7/30/2026, 4:59:10 PM",0,No,0,No,False,text
7669077797449466631,Not Reply to Any Comment,7207428605587981339,sir sab details halyo tara passport ko pic mageko xa but ma sanga xaina!! Now what to do sir?,"8/1/2026, 8:43:48 PM",0,No,1,No,False,text
7669702467865101064,7.669077797449467e+18,6981546659742336005,nagirta bata garnus na Ani kina password bata gareko,"8/3/2026, 1:07:55 PM",0,No,0,Not Applicable,True,text
7667956708853940999,Not Reply to Any Comment,7002928613298635778,medical ko lagi tyo num ma contact gayerah gako blood group ane cbc sugar vnerah sabai report nikaldiyoo ane rs800 ligyoo ane approval ko lagi xutei 150 ligyo.. sabai ko yestai ho ki mero matra ho?,"7/29/2026, 8:13:27 PM",0,No,4,No,False,text
7667978919798227719,7.667956708853941e+18,7588871257367266322,sarkari clinic or private? kata janu paryo?,"7/29/2026, 9:39:34 PM",1,No,0,Not Applicable,True,text
7668497865086550802,7.667956708853941e+18,7002928613298635778,private,"7/31/2026, 7:13:34 AM",0,No,0,Not Applicable,True,text
7668358287217492744,7.667956708853941e+18,7588871257367266322,150 matrai ho,"7/30/2026, 10:11:44 PM",0,No,0,Not Applicable,True,text
7668497982547067656,7.667956708853941e+18,7002928613298635778,150 approval ko report ko 800 rey,"7/31/2026, 7:13:54 AM",0,No,0,Not Applicable,True,text
7668291947026989845,Not Reply to Any Comment,6995489761558545435,medical garna jada name mistake dikhayo kina hola,"7/30/2026, 5:54:25 PM",0,No,0,No,False,text
7669171484125020948,Not Reply to Any Comment,6884925845639939074,Renew को के के गनु पर्छ,"8/2/2026, 2:47:39 AM",0,No,0,No,False,text
7668212241107534612,Not Reply to Any Comment,7504302287251588103,कैले सम्म खुल्छ होला मैले नि laisan निकाल्ने भनेकाे हाे कूनै जानकारी पाम न सर,"7/30/2026, 12:45:06 PM",0,No,1,No,False,text
7668358014102176530,7.668212241107535e+18,7588871257367266322,next week samma ma chalxa hola,"7/30/2026, 10:10:44 PM",0,No,0,Not Applicable,True,text
7669060186929300242,Not Reply to Any Comment,6939947905237353478,Dai ma Saudi ma ho ra nid xaina renew garna milxa ki nai ?,"8/1/2026, 7:35:28 PM",0,No,0,No,False,text
7667939814180881160,Not Reply to Any Comment,6761987663601140742,J gardani merota vayena,"7/29/2026, 7:07:56 PM",0,No,2,No,False,text
7667979030843474696,7.667939814180881e+18,7588871257367266322,issue k hola sir?,"7/29/2026, 9:40:03 PM",0,No,0,Not Applicable,True,text
7668132168484750087,7.667939814180881e+18,6761987663601140742,"date of birth, application id sab thik cha, Tara failed Matra vancha jati garda Ni","7/30/2026, 7:34:26 AM",0,No,0,Not Applicable,True,text
7668124860132770581,Not Reply to Any Comment,7653058097460708373,SIR BILLBOOK KO RENEW KO VIDEO PLEASE..,"7/30/2026, 7:06:16 AM",2,Yes,1,No,False,text
7668186204013069064,7.668124860132771e+18,7588871257367266322,huss,"7/30/2026, 11:03:58 AM",0,No,0,Not Applicable,True,text
7668466496339706644,Not Reply to Any Comment,7589713656511693845,Online form vareko Aaba medical ko lagi kata janu sir,"7/31/2026, 5:12:00 AM",0,No,1,No,False,text
7668547659599233810,7.668466496339707e+18,7588871257367266322,dr ko number haru cha najik ko dr sanga kura garera janu hola,"7/31/2026, 10:26:43 AM",0,No,0,Not Applicable,True,text
7668353064260649748,Not Reply to Any Comment,7096418805811741722,maiiiley jukkkiyarw nagariktako front page ko matra photo upload garexu aba k garney 😳,"7/30/2026, 9:51:34 PM",0,No,0,No,False,text
7667790863338357511,Not Reply to Any Comment,7415637277655581702,maile tw birth date AD ma rakda poni tei vanxa,"7/29/2026, 9:29:53 AM",0,No,1,No,False,text
7667979157921792776,7.667790863338358e+18,7588871257367266322,Age 18 pugna parne cha naya system ma. official notice auna baki cha,"7/29/2026, 9:40:31 PM",0,No,0,Not Applicable,True,text
7668326879304696594,Not Reply to Any Comment,6875135088184165377,hamro ta najik kunai Dr xainah k garne hola?? aba k hetauda bata chitwan Janu medical garna,"7/30/2026, 8:09:50 PM",0,No,1,No,False,text
7668357204341097234,7.668326879304697e+18,7588871257367266322,list update hudai cha 1 2 ma check garnu hola,"7/30/2026, 10:07:33 PM",0,No,0,Not Applicable,True,text
7668355170971812616,Not Reply to Any Comment,7628605495871849479,sir ahela ma 16 xu mahela offline form fullfill garna milcha ra official news ho ena ni,"7/30/2026, 9:59:41 PM",1,No,3,No,False,text
7668356965144740626,7.668355170971813e+18,7588871257367266322,officially 18 vanera naaunjel 16 nai ho,"7/30/2026, 10:06:40 PM",0,No,0,Not Applicable,True,text
7668746166944105236,7.668355170971813e+18,7049746920533672986,16 ma milxa sir,"7/31/2026, 11:17:05 PM",0,No,0,Not Applicable,True,text
7668363483718107911,7.668355170971813e+18,7628605495871849479,mahela lina milcha ra sir,"7/30/2026, 10:31:59 PM",0,No,0,Not Applicable,True,text
7668197250555806482,Not Reply to Any Comment,7068314356517815322,"Daii Ava new lisence KO lagi from Garda hunxa dada..???
reply please 🙏🏻🥺","7/30/2026, 11:46:50 AM",0,No,0,No,False,text
7668683958045967111,Not Reply to Any Comment,6887148164795122694,trail pass vyekole kasari payment garne,"7/31/2026, 7:15:31 PM",1,No,1,No,False,text
7668901816704172820,7.668683958045967e+18,6764887864275796997,malai ni vannu hai,"8/1/2026, 9:20:58 AM",0,No,0,Not Applicable,True,text
7668699255583310613,Not Reply to Any Comment,6878592834506425350,Maro ni same vairaki hunxa k Karan hunxa hola,"7/31/2026, 8:14:57 PM",0,No,0,No,False,text
7668245371273642772,Not Reply to Any Comment,6763845577588425733,category K rakhnu parni A bayaxa k garni,"7/30/2026, 2:53:43 PM",0,No,1,No,False,text
7668357550333690631,7.668245371273643e+18,7588871257367266322,add category bata K lagi varnu hola,"7/30/2026, 10:08:56 PM",0,No,0,Not Applicable,True,text
7668109511789871890,Not Reply to Any Comment,7171645805748012059,system hang vako xa tw,"7/30/2026, 6:06:34 AM",0,No,1,No,False,text
7668186150356665096,7.668109511789872e+18,7588871257367266322,retry garnu hola ramro internet connection ma,"7/30/2026, 11:03:49 AM",0,No,0,Not Applicable,True,text
7668858496964920085,Not Reply to Any Comment,7276116746070868993,dai number aafhano name leunu lai ke garnu hola vanidisna,"8/1/2026, 6:33:17 AM",0,No,0,No,False,text
7668550361134121736,Not Reply to Any Comment,7394086747188331537,Sir maila 16 ma tryal pass vaisake aaba rasoda trina milxa ke nai 18 pugaxaina,"7/31/2026, 10:37:13 AM",0,No,0,No,False,text
7668347750794822416,Not Reply to Any Comment,6637089680318103554,Expire licence ko payment garna mildainara?,"7/30/2026, 9:30:53 PM",0,No,1,No,False,text
7668357047662854920,7.668347750794823e+18,7588871257367266322,renew garnu parxa sabai process system batai garna milxa,"7/30/2026, 10:06:58 PM",0,No,0,Not Applicable,True,text
7668908083675284232,Not Reply to Any Comment,7404450661616223249,age tw 16 nai ho ne Haina sir REPLAI plz,"8/1/2026, 9:45:22 AM",0,No,0,No,False,text
7668706452911162120,Not Reply to Any Comment,6956636395075224578,retrail ko lagi,"7/31/2026, 8:42:47 PM",0,No,0,No,False,text
7668570538654237448,Not Reply to Any Comment,6728714884874568709,office approval ma adkiyo Mero,"7/31/2026, 11:55:25 AM",0,No,0,No,False,text
7668717779720094472,Not Reply to Any Comment,6650691092348092421,purano 2 years aagadi ko trial fail le feri purano register Batai garni ki k ho new process,"7/31/2026, 9:26:50 PM",0,No,0,No,False,text
7668240310389015314,Not Reply to Any Comment,6614330515980517381,mero ta scookar ko thauma motarcycal vaer k garne hola,"7/30/2026, 2:34:03 PM",0,No,2,No,False,text
7668358165012660999,7.668240310389016e+18,7588871257367266322,system update paxi edit garna milxa hola,"7/30/2026, 10:11:15 PM",0,No,0,Not Applicable,True,text
7668547333014192904,7.668240310389016e+18,6614330515980517381,system update kahile hunx,"7/31/2026, 10:25:27 AM",0,No,0,Not Applicable,True,text
7667773004008571666,Not Reply to Any Comment,7064951590591874074,Radhe Radhe यातायात कार्यालय काठमाडौंको अहिले सम्म समस्याको समाधान भएको छैन।। राजस्व कसरी तिर्ने होला सर हामीले ???,"7/29/2026, 8:20:35 AM",0,No,1,No,False,text
7667979285055128338,7.667773004008572e+18,7588871257367266322,sabai pradesh ko kaam sangai vairaheko cha. 1 2 din samma ma hunxa hola,"7/29/2026, 9:40:58 PM",0,No,0,Not Applicable,True,text
7668624614559105813,Not Reply to Any Comment,7479829149630120967,on-line application open bhaeko ho Ra ?,"7/31/2026, 3:25:24 PM",0,No,0,No,False,text
7668866566697026305,Not Reply to Any Comment,7278865185703134213,"dai maro aabo retail ko lagi grnu xa
but sim parents ko name ma xa aabo k grnu prla
?","8/1/2026, 7:04:16 AM",0,No,0,No,False,text
7667201107274728212,Not Reply to Any Comment,7634191957477491732,Radhe radhe ko tw aajhaii pani bhako xainw 🥲,"7/27/2026, 7:21:29 PM",1,No,1,No,False,text
7668018462367499026,7.667201107274728e+18,7588871257367266322,yo week samma ma hunxa hola,"7/30/2026, 12:13:06 AM",0,No,0,Not Applicable,True,text
7668291777056473874,Not Reply to Any Comment,6956498689621115909,Nepal corrupt system,"7/30/2026, 5:53:37 PM",0,No,0,No,False,text
7668333382044238613,Not Reply to Any Comment,7007269544172782597,@Ramesh Sharma application tracking bata kasari rajeswo tirni naya license ko?,"7/30/2026, 8:35:07 PM",0,No,0,No,False,text
7667254141244228359,Not Reply to Any Comment,6695243401078735878,🥰🥰🥰,"7/27/2026, 10:47:05 PM",2,Yes,0,No,False,emoji
