post_id,account_id,platform,content_format,post_datetime,followers_at_post,impressions,reach,views,likes,comments,shares,saves,video_length_sec,avg_watch_time_sec,link_clicks,conversions,new_followers,hashtag_count,caption_length
POST0779,ACC03,TikTok,video,2026-06-18 15:41:00,27512.0,9888.0,8179.0,5627,480.0,59.0,76.0,59.0,90.0,36.3,45.0,0,8,1.0,260.0
POST0335,ACC04,TikTok,video,03/02/2026 14:48,100223.0,53606.0,42214.0,47053,3341.0,425.0,444.0,594.0,60.0,14.4,503.0,22,34,3.0,124.0
POST0272,ACC01,Instagram,text,2026-04-15 05:52:00,17629.0,3390.0,2765.0,0,95.0,,4.0,12.0,,,37.0,2,5,9.0,361.0
POST0803,ACC05,YouTube,video,"Apr 10, 2026 09:33 PM",35630.0,27975.0,24485.0,17219,1302.0,83.0,106.0,372.0,90.0,9.1,397.0,24,71,4.0,3.0
POST0217,ACC01,Instagram,image,19/06/2026 20:09,18610.0,,13638.0,0,565.0,91.0,82.0,49.0,,,137.0,7,33,1.0,167.0
POST0409,ACC08,Facebook,video,2026-05-29 08:27:00,9769.0,16252.0,11070.0,9643,567.0,131.0,59.0,58.0,15.0,7.5,159.0,16,31,0.0,160.0
POST0813,ACC06,youtube,Image,"May 16, 2026 05:10 PM",14226.0,3423.0,,0,96.0,24.0,16.0,30.0,,,38.0,3,6,1.0,66.0
POST0095,ACC08,Facebook,video,2026-05-09 13:28:00,9583.0,14720.0,5287.0,11196,210.0,26.0,13.0,72.0,45.0,27.0,164.0,7,6,12.0,184.0
POST0488,ACC05,YouTube,text,2026-03-24 07:09:00,34817.0,4077.0,3488.0,0,124.0,15.0,1.0,9.0,,,19.0,0,13,0.0,236.0
POST0171,ACC01,Instagram,video,"Jun 11, 2026 09:53 PM",18655.0,7020.0,6013.0,6217,342.0,33.0,20.0,81.0,30.0,15.8,97.0,3,13,9.0,106.0
POST0025,ACC07,Facebook,carousel,2026-03-28 14:50:00,68135.0,30029.0,15018.0,0,784.0,112.0,109.0,147.0,,,163.0,6,8,8.0,233.0
POST0243,ACC01,Instagram,image,"May 27, 2026 08:39 PM",18179.0,13263.0,7382.0,0,279.0,48.0,39.0,8.0,,,47.0,2,12,11.0,97.0
POST0543,ACC02,Instagram,image,2026-03-28 07:58:00,53934.0,33898.0,33207.0,0,,134.0,104.0,254.0,,,161.0,10,113,11.0,213.0
POST0931,ACC05,YouTube,video,2026-03-16 12:16:00,34288.0,34251.0,22369.0,29359,1549.0,190.0,153.0,171.0,30.0,6.0,163.0,12,12,11.0,50.0
POST0887,ACC01,Instagram,image,31/03/2026 18:04,16707.0,6056.0,4270.0,0,266.0,25.0,12.0,26.0,,,52.0,2,14,,109.0
POST0427,ACC07,Facebook,image,23/05/2026 10:32,71572.0,51121.0,43517.0,0,2670.0,111.0,100.0,459.0,,,747.0,26,167,,275.0
POST0126,ACC05,YouTube,video,"Mar 21, 2026 12:05 PM",34659.0,28716.0,21006.0,20915,1606.0,240.0,66.0,310.0,300.0,212.6,132.0,6,39,6.0,229.0
POST0454,ACC01,Instagram,carousel,2026-04-30 07:15:00,17640.0,6460.0,5463.0,0,213.0,38.0,24.0,25.0,,,83.0,0,17,3.0,271.0
POST0651,ACC04,TikTok,video ,25/01/2026 20:38,98612.0,29493.0,26511.0,18624,2012.0,211.0,263.0,382.0,45.0,3.2,291.0,25,32,13.0,80.0
POST0914,ACC08,Facebook,text,2026-02-10 11:08:00,8441.0,3856.0,2356.0,0,62.0,11.0,6.0,15.0,,,,2,1,1.0,296.0
POST0169,ACC03,TikTok,image,22/04/2026 19:34,25884.0,10033.0,9370.0,0,273.0,19.0,66.0,68.0,,,131.0,12,34,6.0,103.0
POST0777,ACC04,TikTok,video,05/06/2026 09:11,117198.0,67232.0,64806.0,37505,3817.0,870.0,103.0,786.0,60.0,13.7,316.0,24,114,0.0,40.0
POST0573,ACC03,TikTok,text,2026-01-17 12:56:00,22339.0,8052.0,5167.0,0,187.0,21.0,14.0,9.0,,,49.0,2,13,8.0,32.0
POST0849,ACC07,Facebook,carousel,2026-01-04 14:17:00,61306.0,17590.0,14366.0,0,508.0,120.0,71.0,54.0,,,115.0,7,8,4.0,205.0
POST0876,ACC05,YOUTUBE,video,12/06/2026 17:58,38523.0,35312.0,31311.0,30509,1493.0,223.0,62.0,142.0,90.0,69.2,283.0,22,45,6.0,59.0
POST0591,ACC07,Facebook,carousel,2026-04-25 17:07:00,71180.0,67403.0,66629.0,0,3880.0,538.0,277.0,583.0,,,,54,181,13.0,12.0
POST0026,ACC06,YouTube,video,10/05/2026 19:17,14408.0,22033.0,19012.0,13501,1244.0,155.0,94.0,281.0,45.0,32.8,159.0,11,14,5.0,153.0
POST0485,ACC04,TikTok,video,2026-05-31 17:34:00,116482.0,95834.0,76824.0,64836,4464.0,424.0,581.0,657.0,15.0,3.2,608.0,57,140,11.0,182.0
POST0706,ACC05,youtube,video,"Apr 11, 2026 03:01 PM",35356.0,,12132.0,11600,865.0,142.0,83.0,65.0,60.0,19.2,167.0,4,12,15.0,18.0
POST0890,ACC03,TikTok,video,2026-06-16 14:38:00,27376.0,30907.0,24205.0,17856,2114.0,120.0,194.0,257.0,60.0,14.0,251.0,12,76,15.0,246.0
POST0682,ACC02,Instagram,image,2026-04-08 13:57:00,54929.0,35864.0,26499.0,0,1578.0,116.0,147.0,278.0,,,280.0,5,71,13.0,38.0
POST0014,ACC07,Facebook,video,2026-05-11 10:58:00,71220.0,61946.0,36825.0,53905,2843.0,226.0,253.0,236.0,90.0,67.4,767.0,29,81,7.0,184.0
POST0880,ACC06,YouTube,video,2026-01-26 12:44:00,12632.0,7743.0,5242.0,4718,454.0,65.0,53.0,22.0,60.0,8.4,33.0,2,14,11.0,298.0
POST0278,ACC07,Facebook ,video,03/05/2026 17:57,70701.0,38473.0,25977.0,25432,2135.0,202.0,175.0,218.0,45.0,21.9,365.0,13,17,7.0,6.0
POST0317,ACC06,YouTube,text,2026-03-16 21:35:00,13170.0,2247.0,2155.0,0,57.0,4.0,1.0,4.0,,,23.0,2,6,4.0,191.0
POST0300,ACC01,Instagram,video,2026-02-12 20:38:00,15967.0,9736.0,9376.0,6899,417.0,67.0,80.0,82.0,300.0,84.6,93.0,11,4,1.0,100.0
POST0114,ACC04,TikTok,image,"Jan 27, 2026 09:53 AM",99998.0,156794.0,104306.0,0,4149.0,530.0,546.0,546.0,,,1699.0,92,147,11.0,20.0
POST0963,ACC07,Facebook,video,2026-06-03 16:59:00,74898.0,116333.0,74943.0,83900,5968.0,998.0,230.0,742.0,30.0,12.5,462.0,27,117,6.0,228.0
POST0570,ACC05,youtube,video,2026-02-22 15:19:00,33913.0,12396.0,9866.0,10535,598.0,102.0,40.0,130.0,30.0,22.3,177.0,9,21,11.0,1.0
POST0061,ACC08,Facebook,text,2026-03-25 02:44:00,8852.0,1328.0,1199.0,0,27.0,2.0,1.0,1.0,,,,0,0,1.0,171.0
POST0714,ACC07,Facebook,image,2026-03-19 16:56:00,66682.0,18229.0,17210.0,0,1027.0,109.0,48.0,87.0,,,152.0,12,52,12.0,8.0
POST0908,ACC02,Instagram,IMAGE,14/02/2026 13:30,51045.0,23523.0,22345.0,0,979.0,117.0,74.0,74.0,,,364.0,8,83,9.0,30.0
POST0716,ACC07,Facebook,video,27/01/2026 19:32,62328.0,60180.0,27644.0,33218,1723.0,196.0,137.0,312.0,180.0,,482.0,42,82,,205.0
POST0726,ACC01,Instagram,image,2026-05-09 08:06:00,17564.0,4899.0,3948.0,0,150.0,,11.0,,,,23.0,0,6,1.0,325.0
POST0708,ACC05,YouTube,video,"Jun 25, 2026 08:35 PM",38949.0,15238.0,13805.0,12626,777.0,,74.0,105.0,180.0,70.4,55.0,3,41,1.0,362.0
POST0759,ACC02,Insta,Reel,2026-02-10 13:27:00,50771.0,56506.0,39941.0,50602,2036.0,472.0,80.0,351.0,45.0,29.8,372.0,18,50,8.0,49.0
POST0340,ACC08,Facebook,image,"Feb 04, 2026 09:11 PM",8385.0,4388.0,2779.0,0,130.0,17.0,16.0,23.0,,,56.0,6,7,9.0,279.0
POST0734,ACC07,Facebook,image,"Jun 24, 2026 08:26 PM",77060.0,17005.0,14132.0,0,582.0,105.0,15.0,47.0,,,185.0,10,18,11.0,195.0
POST0980,ACC05,YouTube,video,"Feb 03, 2026 08:52 PM",32703.0,32573.0,29540.0,20341,1310.0,230.0,214.0,397.0,300.0,264.3,317.0,29,100,14.0,63.0
POST0100,ACC02,Instagram,video,23/05/2026 15:05,58769.0,42310.0,42149.0,23322,3745.0,527.0,152.0,198.0,180.0,73.8,248.0,9,84,13.0,54.0
POST0961,ACC02,Instagram,text,15/01/2026 17:09,49908.0,16962.0,16174.0,0,536.0,53.0,34.0,75.0,,,226.0,11,31,8.0,187.0
POST0290,ACC04,TikTok,Reel,12/05/2026 13:10,113672.0,65972.0,61341.0,45404,5445.0,540.0,584.0,399.0,60.0,26.2,895.0,18,182,7.0,248.0
POST0975,ACC02,Instagram,video,2026-05-14 11:02:00,57253.0,59911.0,40492.0,44954,2551.0,469.0,260.0,180.0,60.0,19.4,333.0,21,76,5.0,58.0
POST0035,ACC08,FB,text,2026-03-19 07:15:00,8789.0,7635.0,3606.0,0,145.0,14.0,13.0,21.0,,,72.0,2,12,13.0,145.0
POST0054,ACC04,TikTok,video,2026-04-24 10:16:00,110015.0,81055.0,59016.0,69894,3012.0,312.0,326.0,535.0,90.0,35.0,938.0,61,184,10.0,204.0
POST0320,ACC07,Facebook,text,2026-02-14 11:27:00,64824.0,23793.0,14676.0,0,356.0,86.0,36.0,55.0,,,149.0,2,27,8.0,237.0
POST0957,ACC04,TikTok,video,25/06/2026 18:26,121191.0,48137.0,41863.0,29071,3689.0,524.0,117.0,266.0,15.0,7.3,350.0,26,82,11.0,242.0
POST0907,ACC04,TikTok,video,2026-04-27 11:52:00,112385.0,192645.0,92815.0,155736,5657.0,1222.0,,1135.0,180.0,56.3,1873.0,136,323,,299.0
POST0787,ACC01,Instagram,image,2026-02-24 20:52:00,16274.0,1706.0,1566.0,0,83.0,5.0,18.0,8.0,,,24.0,0,7,15.0,149.0
POST0942,ACC04,TikTok,video,"Apr 07, 2026 08:31 AM",108721.0,59205.0,42854.0,44983,2352.0,256.0,103.0,460.0,300.0,193.8,721.0,30,101,7.0,395.0
POST0702,ACC05,YouTube,image,2026-04-04 14:02:00,35269.0,12046.0,10918.0,0,483.0,63.0,48.0,100.0,,,165.0,9,6,7.0,235.0
POST0455,ACC05,YouTube,image,27/03/2026 21:48,34837.0,15232.0,11837.0,0,406.0,74.0,32.0,130.0,,,216.0,14,36,1.0,178.0
POST0363,ACC02,Instagram,image,"Mar 14, 2026 08:34 PM",54697.0,22603.0,16295.0,0,752.0,112.0,89.0,50.0,,,169.0,9,29,10.0,196.0
POST0684,ACC08,Facebook,image,2026-01-15 19:45:00,8124.0,2564.0,1352.0,0,87.0,7.0,7.0,10.0,,,32.0,1,2,9.0,50.0
POST0165,ACC04,TikTok,video,2026-06-06 15:54:00,117782.0,46634.0,29622.0,41795,1928.0,176.0,315.0,342.0,30.0,,407.0,16,79,15.0,42.0
POST0474,ACC04,TikTok,text,2026-05-22 16:01:00,117222.0,50130.0,41778.0,0,817.0,162.0,143.0,148.0,,,n/a,36,113,10.0,211.0
POST0378,ACC06,YouTube,video,2026-02-14 20:03:00,12907.0,30491.0,19468.0,22410,1453.0,111.0,78.0,207.0,60.0,,141.0,9,19,2.0,21.0
POST0373,ACC04,TikTok,image,2026-02-08 19:35:00,98700.0,41342.0,21463.0,0,660.0,108.0,99.0,52.0,,,515.0,13,71,0.0,386.0
POST0309,ACC03,TikTok,video ,2026-06-05 20:01:00,26929.0,,10835.0,8830,872.0,125.0,91.0,152.0,60.0,47.3,185.0,9,30,5.0,188.0
POST0846,ACC01,Instagram,CAROUSEL,"Jun 17, 2026 04:54 PM",19016.0,10041.0,8521.0,0,579.0,66.0,61.0,84.0,,,111.0,8,36,13.0,134.0
POST0588,ACC01,Instagram,video,16/01/2026 10:52,15488.0,8560.0,7563.0,7095,663.0,40.0,58.0,99.0,45.0,23.6,97.0,11,12,13.0,247.0
POST0906,ACC06,YouTube,video,2026-04-09 09:15:00,13711.0,17494.0,9543.0,10945,785.0,57.0,84.0,97.0,45.0,17.2,,12,31,3.0,175.0
POST0348,ACC08,Facebook,video,2026-04-19 19:41:00,0.0,2904.0,2272.0,2004,146.0,15.0,5.0,38.0,90.0,45.8,15.0,1,5,9.0,359.0
POST0690,ACC07,Facebook,video,23/06/2026 09:01,75496.0,23737.0,15943.0,14015,1100.0,82.0,135.0,56.0,15.0,7.6,149.0,7,12,5.0,284.0
POST0109,ACC04,TIKTOK,video,2026-01-24 11:45:00,99396.0,53859.0,41415.0,36203,2178.0,314.0,353.0,334.0,15.0,5.6,372.0,31,80,5.0,12.0
POST0694,ACC08,Facebook ,image ,2026-06-30 10:19:00,10096.0,5088.0,3529.0,0,180.0,29.0,8.0,32.0,,,39.0,2,9,4.0,169.0
POST0257,ACC06,YouTube,video,19/02/2026 18:18,12888.0,36231.0,17364.0,20034,1268.0,86.0,140.0,157.0,60.0,20.8,311.0,6,52,6.0,77.0
POST0719,ACC02,Instagram,carousel,2026-01-01 10:26:00,47788.0,22866.0,16872.0,0,1035.0,151.0,97.0,50.0,,,214.0,6,35,10.0,277.0
POST0791,ACC01,Instagram,image,"Jun 28, 2026 06:53 PM",18752.0,10281.0,6905.0,0,384.0,55.0,32.0,28.0,,,63.0,3,12,14.0,222.0
POST0473,ACC04,TikTok,video,09/06/2026 09:36,118006.0,69381.0,58114.0,60236,4076.0,522.0,358.0,780.0,300.0,221.8,1071.0,21,74,2.0,186.0
POST0603,ACC06,YouTube,video,2026-03-04 19:05:00,13147.0,6604.0,2779.0,4391,207.0,26.0,10.0,6.0,60.0,31.6,106.0,8,12,12.0,305.0
POST0811,ACC01,Insta,video,"Mar 15, 2026 07:51 AM",16843.0,7809.0,6765.0,4512,397.0,,38.0,35.0,180.0,77.8,97.0,2,24,0.0,91.0
POST0930,ACC05,YouTube,video,2026-01-30 13:51:00,32288.0,20934.0,20311.0,13024,1002.0,145.0,-129.0,96.0,90.0,15.8,118.0,8,23,14.0,164.0
POST0352,ACC01,Instagram,video,2026-02-19 06:25:00,16215.0,15268.0,10784.0,13652,583.0,126.0,83.0,151.0,60.0,20.8,178.0,16,25,1.0,116.0
POST0542,ACC01,Instagram,image,19/01/2026 13:48,15778.0,7448.0,7282.0,0,269.0,42.0,39.0,29.0,,,90.0,0,19,6.0,
POST0229,ACC05,YouTube,video,2026-01-11 10:03:00,30907.0,31438.0,30349.0,26525,1424.0,186.0,277.0,427.0,15.0,5.0,253.0,12,90,9.0,174.0
POST0205,ACC04,TikTok,video,2026-06-07 12:11:00,116658.0,73711.0,36444.0,42058,1886.0,200.0,163.0,519.0,15.0,13.0,1095.0,31,68,14.0,265.0
POST0625,ACC05,YouTube,VIDEO,2026-01-15 11:58:00,31842.0,17088.0,12710.0,12894,582.0,98.0,87.0,131.0,180.0,139.8,203.0,12,48,14.0,146.0
POST0783,ACC01,Instagram,video,06/04/2026 20:49,17202.0,11884.0,11644.0,8024,863.0,120.0,99.0,138.0,30.0,18.5,137.0,11,16,1.0,328.0
POST0967,ACC05,YouTube,video,22/04/2026 11:26,36216.0,11995.0,10021.0,9130,912.0,51.0,53.0,145.0,60.0,48.1,195.0,9,35,3.0,102.0
POST0154,ACC03,TikTok,video,13/06/2026 09:03,26945.0,12313.0,9809.0,6874,414.0,107.0,104.0,73.0,45.0,21.3,52.0,5,17,1.0,81.0
POST0677,ACC05,YouTube,video,2026-04-09 19:32:00,35498.0,31013.0,28245.0,25720,2244.0,292.0,40.0,264.0,300.0,189.3,139.0,13,95,4.0,293.0
POST0027,ACC04,Tik Tok,video,2026-01-11 11:09:00,95553.0,86041.0,60491.0,69972,4366.0,684.0,617.0,535.0,15.0,9.4,624.0,29,85,10.0,276.0
POST0058,ACC02,Instagram,image,2026-01-09 12:36:00,48831.0,26062.0,23913.0,0,783.0,175.0,106.0,101.0,,,175.0,11,13,0.0,27.0
POST0047,ACC04,TikTok,video,02/05/2026 11:13,112372.0,52033.0,50122.0,29541,2858.0,400.0,392.0,266.0,180.0,70.4,750.0,24,176,11.0,331.0
POST0099,ACC06,YT,video,06/03/2026 10:04,13339.0,10252.0,8808.0,6562,656.0,66.0,61.0,145.0,30.0,10.9,122.0,3,31,0.0,56.0
POST0972,ACC04,TikTok,video,01/04/2026 09:15,109035.0,244768.0,149008.0,144347,8928.0,827.0,1375.0,407.0,300.0,161.6,2451.0,61,422,0.0,273.0
POST0740,ACC08,Facebook,video,13/03/2026 17:36,8855.0,7196.0,6125.0,4026,553.0,40.0,19.0,,45.0,11.3,76.0,6,30,8.0,263.0
POST0298,ACC04,TIKTOK,video,2026-01-29 15:45:00,97901.0,71222.0,65248.0,55509,4860.0,344.0,632.0,501.0,90.0,49.3,491.0,32,113,2.0,387.0
POST0973,ACC04,TikTok,video,2026-01-28 20:45:00,98767.0,42161.0,37656.0,32826,,239.0,122.0,444.0,180.0,91.8,598.0,34,43,5.0,256.0
POST0494,ACC05,YouTube,video,2026-04-20 17:55:00,36661.0,15745.0,14469.0,13999,1134.0,83.0,124.0,57.0,15.0,5.3,171.0,10,9,6.0,151.0
POST0141,ACC08,Facebook,image,2026-05-17 15:24:00,9681.0,2502.0,1827.0,0,83.0,8.0,,8.0,,,42.0,2,3,2.0,115.0
POST0654,ACC07,Facebook,carousel,2026-04-22 21:02:00,68910.0,23599.0,19099.0,0,915.0,79.0,41.0,264.0,,,129.0,7,67,13.0,37.0
POST0644,ACC04,TikTok,video,2026-02-21 19:29:00,104029.0,71379.0,58511.0,50514,5090.0,573.0,335.0,778.0,180.0,138.0,1005.0,56,42,0.0,267.0
POST0423,ACC07,Facebook,text,2026-04-16 12:13:00,69190.0,9739.0,7689.0,0,186.0,19.0,22.0,17.0,,,77.0,5,30,7.0,381.0
POST0260,ACC05,YouTube,Reel,"Apr 12, 2026 06:45 PM",35922.0,33564.0,15420.0,25637,878.0,106.0,71.0,217.0,60.0,31.1,461.0,29,16,3.0,290.0
POST0889,ACC01,Instagram,video,"Feb 24, 2026 07:28 PM",16460.0,17743.0,13106.0,10665,637.0,53.0,40.0,29.0,300.0,167.7,242.0,10,31,,336.0
POST0064,ACC08,Facebook,video,2026-04-19 13:03:00,9306.0,6773.0,6038.0,5772,531.0,79.0,,60.0,15.0,8.3,,8,3,,375.0
POST0886,ACC06,Youtube,video,"Jun 07, 2026 09:06 PM",14971.0,15980.0,12065.0,11788,557.0,114.0,82.0,31.0,60.0,35.1,79.0,2,47,0.0,4.0
POST0955,ACC07,Facebook,image,"Jun 13, 2026 05:54 AM",73973.0,48194.0,35686.0,0,1971.0,153.0,160.0,172.0,,,386.0,12,75,11.0,352.0
POST0730,ACC06,YouTube,Image,2026-06-26 20:18:00,15135.0,8611.0,7292.0,0,477.0,62.0,11.0,49.0,,,51.0,4,22,3.0,267.0
POST0510,ACC02,Instagram,video,07/03/2026 22:05,52836.0,26820.0,19642.0,21650,1706.0,88.0,57.0,217.0,300.0,175.4,180.0,19,55,6.0,334.0
POST0683,ACC08,FACEBOOK,carousel,2026-04-01 20:22:00,9116.0,2772.0,2577.0,0,165.0,11.0,16.0,14.0,,,28.0,1,9,13.0,265.0
POST0686,ACC07,Facebook,video,2026-05-11 21:29:00,71969.0,45544.0,39682.0,36772,1991.0,,233.0,424.0,300.0,180.1,473.0,9,111,3.0,45.0
POST0782,ACC06,Youtube,video,"Mar 10, 2026 06:40 PM",13416.0,15760.0,8888.0,13704,716.0,59.0,98.0,112.0,300.0,85.2,55.0,4,12,3.0,186.0
POST0147,ACC01,Instagram,carousel,2026-01-24 10:00:00,15587.0,10722.0,10162.0,0,691.0,27.0,6.0,41.0,,,73.0,5,22,6.0,104.0
POST0466,ACC08,Facebook,image,2026-04-04 22:51:00,9142.0,2988.0,2589.0,0,75.0,19.0,4.0,32.0,,,16.0,0,5,13.0,5.0
POST0918,ACC07,Facebook,carousel,"Jun 06, 2026 09:03 PM",73536.0,23575.0,22260.0,0,1328.0,242.0,120.0,257.0,,,232.0,4,106,13.0,63.0
POST0968,ACC03,TikTok,VIDEO,"Mar 29, 2026 06:00 AM",24754.0,23040.0,10140.0,20380,512.0,96.0,82.0,22.0,30.0,19.0,159.0,7,15,15.0,320.0
POST0271,ACC03,tiktok,video,2026-05-20 11:23:00,26173.0,18757.0,17146.0,16127,1430.0,163.0,78.0,159.0,60.0,42.6,229.0,14,25,7.0,13.0
POST0545,ACC07,Facebook,IMAGE,"Mar 23, 2026 10:27 AM",65785.0,19537.0,18841.0,0,1018.0,66.0,124.0,212.0,,,225.0,8,43,2.0,84.0
POST0404,ACC08,Facebook,Reel,2026-02-03 10:04:00,8442.0,3189.0,2978.0,2449,132.0,34.0,20.0,42.0,90.0,27.7,,1,9,9.0,264.0
POST0111,ACC03,TikTok,video,10/04/2026 13:15,25141.0,21843.0,17619.0,14058,828.0,71.0,177.0,107.0,15.0,10.3,154.0,2,35,13.0,208.0
POST0172,ACC01,Instagram,video,2026-05-31 14:22:00,18440.0,26404.0,9119.0,21805,697.0,90.0,46.0,111.0,90.0,38.8,190.0,4,13,2.0,215.0
POST0952,ACC03,TikTok,video,2026-05-10 00:33:00,26283.0,16664.0,15358.0,10470,1351.0,121.0,118.0,192.0,90.0,62.3,148.0,7,63,12.0,265.0
POST0802,ACC03,TikTok,video,"Apr 26, 2026 07:21 PM",25952.0,20203.0,10667.0,15172,813.0,140.0,28.0,33.0,180.0,82.0,89.0,3,5,14.0,190.0
POST0899,ACC01,Instagram,carousel,2026-03-05 21:02:00,16608.0,19586.0,12921.0,0,661.0,73.0,78.0,84.0,,,275.0,9,23,2.0,269.0
POST0010,ACC01, Instagram ,text,13/05/2026 09:54,17920.0,1712.0,1340.0,0,44.0,7.0,2.0,3.0,,,9.0,1,3,14.0,245.0
POST0768,ACC04,TikTok,video,16/05/2026 16:17,114468.0,55219.0,54316.0,40763,3206.0,,411.0,149.0,300.0,171.6,655.0,33,180,14.0,323.0
POST0206,ACC03,TikTok,video ,"Jan 22, 2026 04:09 PM",22262.0,27023.0,,23303,1487.0,155.0,103.0,62.0,30.0,2.8,n/a,15,31,4.0,88.0
POST0512,ACC06,YT,Video,2026-04-08 10:21:00,13939.0,7127.0,5115.0,6075,468.0,19.0,13.0,,60.0,20.7,105.0,5,12,8.0,219.0
POST0744,ACC03,TikTok,video,2026-02-22 08:24:00,23846.0,9969.0,8564.0,6540,352.0,118.0,40.0,112.0,60.0,26.5,120.0,1,9,10.0,321.0
POST0331,ACC05,YouTube,video,"Mar 26, 2026 10:39 PM",34888.0,14168.0,13947.0,8735,877.0,91.0,141.0,48.0,180.0,79.0,183.0,6,29,2.0,399.0
POST0933,ACC03,TikTok,video,2026-02-01 08:29:00,22857.0,10909.0,8908.0,6368,777.0,87.0,10.0,27.0,180.0,83.1,158.0,8,8,1.0,211.0
POST0358,ACC08,Facebook,video,2026-06-18 09:02:00,10079.0,9672.0,9133.0,7355,458.0,60.0,97.0,98.0,15.0,9.3,81.0,6,5,,288.0
POST0062,ACC06,YouTube,video,07/04/2026 15:14,13921.0,25569.0,13353.0,20521,572.0,97.0,87.0,140.0,15.0,8.3,124.0,8,50,15.0,203.0
POST0707,ACC01,Instagram,carousel,26/03/2026 14:28,16449.0,10685.0,9438.0,0,535.0,49.0,31.0,99.0,,,46.0,2,9,13.0,380.0
POST0238,ACC04,TikTok,VIDEO,2026-05-02 14:43:00,113890.0,107753.0,69786.0,75253,5116.0,595.0,522.0,1029.0,300.0,66.4,970.0,58,185,10.0,250.0
POST0780,ACC07,Facebook,image,28/02/2026 03:30,64090.0,17924.0,17596.0,0,607.0,96.0,89.0,119.0,,,,6,7,9.0,
POST0985,ACC05,YouTube,text,2026-04-03 15:41:00,34916.0,15273.0,11619.0,0,399.0,43.0,16.0,28.0,,,223.0,17,33,5.0,373.0
POST0809,ACC04,TikTok,video,2026-04-26 10:10:00,109048.0,98213.0,64943.0,87838,4204.0,619.0,557.0,423.0,45.0,27.2,517.0,39,67,13.0,164.0
POST0362,ACC08,Facebook,video ,2026-04-25 12:45:00,9434.0,8454.0,7670.0,5247,550.0,52.0,48.0,80.0,60.0,,105.0,1,21,6.0,55.0
POST0587,ACC06,YouTube,video,2026-04-16 02:36:00,13784.0,7847.0,5995.0,5771,410.0,71.0,45.0,33.0,60.0,13.8,69.0,1,15,15.0,59.0
POST0532,ACC02,Instagram,image,2026-03-03 18:16:00,52739.0,22180.0,20435.0,0,564.0,83.0,43.0,216.0,,,329.0,28,41,11.0,365.0
POST0531,ACC05,Youtube,video,2026-01-05 03:50:00,31386.0,15791.0,14755.0,8836,805.0,160.0,127.0,171.0,60.0,27.3,225.0,14,37,7.0,41.0
POST0110,ACC06,YouTube,image,2026-05-08 03:45:00,14289.0,9901.0,7795.0,0,438.0,54.0,,28.0,,,84.0,5,15,2.0,200.0
POST0858,ACC01,Instagram,carousel,03/05/2026 09:33,18091.0,7038.0,5651.0,0,310.0,47.0,58.0,23.0,,,46.0,4,14,9.0,290.0
POST0306,ACC02,Instagram,Carousel,20/03/2026 03:38,54674.0,15293.0,10537.0,0,720.0,28.0,77.0,67.0,,,233.0,10,27,12.0,229.0
POST0468,ACC05,YouTube,video,19/04/2026 18:08,35972.0,46285.0,38332.0,37071,2757.0,213.0,121.0,527.0,90.0,28.8,563.0,43,31,3.0,243.0
POST0737,ACC06,YouTube,video,"Apr 24, 2026 09:08 PM",13695.0,13522.0,9347.0,8079,662.0,42.0,57.0,149.0,15.0,2.5,164.0,15,21,4.0,371.0
POST0149,ACC07,FACEBOOK,carousel,"Mar 21, 2026 07:38 AM",67118.0,44525.0,62334.99999999999,0,1820.0,407.0,226.0,513.0,,,598.0,20,113,4.0,153.0
POST0939,ACC04,TikTok,video,06/02/2026 21:20,100467.0,262172.0,164738.0,161329,12191.0,2066.0,306.0,842.0,180.0,,3619.0,138,119,4.0,396.0
POST0658,ACC06,YouTube,video,2026-04-21 12:05:00,14069.0,12199.0,4100.0,10347,255.0,,27.0,27.0,180.0,119.1,117.0,9,13,,60.0
POST0837,ACC07,Facebook,video,02/02/2026 11:00,62886.0,64943.0,43537.0,56863,2554.0,543.0,214.0,608.0,45.0,14.2,513.0,30,121,10.0,169.0
POST0487,ACC03,TikTok,video,2026-01-05 17:33:00,21878.0,11270.0,7663.0,9951,343.0,68.0,64.0,91.0,180.0,96.1,65.0,5,8,0.0,88.0
POST0486,ACC02,Instagram,image,2026-06-21 16:05:00,59183.0,29321.0,,0,835.0,147.0,152.0,182.0,,,,26,74,6.0,49.0
POST0660,ACC03,TikTok,video,2026-05-16 10:11:00,26507.0,34929.0,17078.0,23359,,166.0,55.0,142.0,180.0,26.3,440.0,23,19,11.0,264.0
POST0129,ACC05,YouTube,video,13/02/2026 07:26,32923.0,20986.0,20077.0,12463,1877.0,192.0,39.0,112.0,180.0,124.4,229.0,6,37,12.0,198.0
POST0592,ACC08,Facebook,text,16/03/2026 18:58,9007.0,3517.0,3360.0,0,118.0,,8.0,,,,8.0,0,3,12.0,303.0
POST0559,ACC07,Facebook,video,2026-01-26 20:30:00,61357.0,21042.0,20679.0,18660,1477.0,129.0,137.0,255.0,180.0,96.6,156.0,12,54,0.0,386.0
POST0598,ACC07,Facebook,video,19/06/2026 07:29,0.0,51999.0,39531.0,40112,3552.0,346.0,271.0,571.0,300.0,136.8,286.0,6,42,11.0,178.0
POST0500,ACC04,TikTok,video,2026-05-29 12:55:00,116743.0,74952.0,57774.0,56904,2653.0,460.0,71.0,418.0,15.0,4.9,380.0,29,77,8.0,341.0
POST0795,ACC04,TikTok,video,2026-06-14 06:53:00,118103.0,55730.0,36122.0,32326,3300.0,249.0,155.0,335.0,15.0,,,21,61,6.0,90.0
POST0322,ACC01,Instagram,video,2026-01-13 18:37:00,15257.0,12173.0,9965.0,8503,602.0,97.0,62.0,58.0,30.0,25.7,,12,51,4.0,215.0
POST0472,ACC07,Facebook,text,2026-03-28 08:11:00,67680.0,15549.0,11042.0,0,319.0,63.0,5.0,17.0,,,110.0,7,23,10.0,313.0
POST0595,ACC03,TikTok,video,2026-04-26 17:24:00,25733.0,27318.0,20694.0,23046,946.0,128.0,193.0,,30.0,18.2,372.0,12,72,12.0,366.0
POST0776,ACC08,Facebook,image,2026-05-11 19:09:00,9384.0,2285.0,2155.0,0,61.0,6.0,3.0,3.0,,,21.0,2,6,2.0,259.0
POST0483,ACC03,TikTok,video ,2026-04-30 17:15:00,25576.0,9325.0,8897.0,6980,762.0,42.0,33.0,132.0,90.0,65.5,85.0,3,28,4.0,154.0
POST0710,ACC04,TikTok,video,03/04/2026 12:04,107559.0,55433.0,51797.0,33023,4084.0,253.0,250.0,654.0,300.0,104.0,256.0,6,137,9.0,54.0
POST0467,ACC02,Instagram,image,23/05/2026 17:08,58561.0,,15146.0,0,509.0,86.0,64.0,117.0,,,263.0,7,39,13.0,25.0
POST0135,ACC07,Facebook,video,26/03/2026 17:35,67669.0,37166.0,32223.0,23997,2512.0,218.0,137.0,400.0,30.0,6.4,342.0,16,74,2.0,35.0
POST0233,ACC01,Instagram,video,14/03/2026 21:31,16389.0,22010.0,17716.0,15568,1097.0,196.0,47.0,,300.0,251.1,245.0,11,68,14.0,202.0
POST0160,ACC07,Facebook,image,2026-03-08 02:59:00,65866.0,32178.0,24020.0,0,1245.0,70.0,96.0,100.0,,,178.0,6,73,10.0,347.0
POST0356,ACC08,Facebook,video,03/04/2026 23:05,9230.0,7715.0,6150.0,6195,263.0,28.0,18.0,68.0,180.0,53.6,72.0,2,7,1.0,340.0
POST0327,ACC02,Instagram,video,2026-05-17 19:48:00,57388.0,34149.0,,20047,1908.0,248.0,95.0,335.0,30.0,11.5,220.0,14,125,10.0,173.0
POST0397,ACC01,Instagram,image,19/06/2026 10:48,18976.0,9935.0,7434.0,0,355.0,39.0,34.0,34.0,,,107.0,6,13,11.0,168.0
POST0049,ACC06,YouTube,video,2026-06-23 17:36:00,15135.0,17370.0,16699.0,10597,692.0,185.0,112.0,135.0,15.0,7.9,215.0,12,45,15.0,341.0
POST0075,ACC06,YT,video,11/06/2026 22:08,15063.0,4776.0,4229.0,3216,291.0,52.0,25.0,63.0,60.0,21.1,55.0,6,12,,376.0
POST0750,ACC02,Instagram,Image,2026-06-20 16:13:00,59798.0,23563.0,21276.0,0,1096.0,104.0,55.0,30.0,,,279.0,6,23,2.0,332.0
POST0800,ACC04,TikTok,video,07/01/2026 23:29,96338.0,195228.0,71357.0,161862,3340.0,515.0,613.0,333.0,15.0,7.6,1983.0,114,196,2.0,195.0
POST0839,ACC01,Instagram,image,29/04/2026 09:21,17853.0,8731.0,8076.0,0,466.0,58.0,13.0,34.0,,,96.0,2,26,6.0,164.0
POST0007,ACC01,Instagram,image,18/03/2026 14:19,16814.0,7855.0,6855.0,0,283.0,34.0,46.0,53.0,,,96.0,2,18,15.0,203.0
POST0492,ACC07,Facebook,video,27/02/2026 18:45,65595.0,63180.0,54148.0,52131,4188.0,370.0,428.0,529.0,45.0,23.4,951.0,62,140,15.0,335.0
POST0345,ACC08,Facebook,text,26/05/2026 12:15,9664.0,2072.0,1940.0,0,69.0,7.0,0.0,2.0,,,3.0,0,6,7.0,214.0
POST0633,ACC04,TikTok,video,2026-05-05 14:18:00,112978.0,,70344.0,57690,5390.0,394.0,,650.0,60.0,37.6,972.0,68,54,4.0,178.0
POST0615,ACC06,YouTube,video,2026-02-14 00:17:00,12689.0,22036.0,8131.0,14095,694.0,,47.0,133.0,45.0,19.2,220.0,5,28,9.0,106.0
POST0490,ACC05,YouTube,video,2026-06-16 15:55:00,38872.0,35308.0,20968.0,29562,1035.0,180.0,77.0,121.0,180.0,135.3,203.0,6,48,8.0,266.0
POST0894,ACC08,Facebook,carousel,2026-05-15 07:50:00,9691.0,4794.0,4487.0,0,337.0,31.0,24.0,32.0,,,42.0,1,7,,233.0
POST0596,ACC07,Facebook,image,2026-03-21 13:16:00,66570.0,90052.0,38742.0,0,1587.0,204.0,179.0,343.0,,,409.0,33,153,7.0,335.0
POST0519,ACC04,TIKTOK,video,10/06/2026 07:40,117491.0,41724.0,37674.0,29585,2568.0,197.0,313.0,410.0,180.0,83.8,566.0,35,45,15.0,381.0
POST0098,ACC06,YouTube,image,2026-05-16 22:44:00,14156.0,7425.0,2706.0,0,175.0,9.0,12.0,26.0,,,48.0,1,1,1.0,35.0
POST0284,ACC04,TikTok,video,2026-06-09 17:05:00,118504.0,54904.0,52708.0,36894,4532.0,563.0,440.0,668.0,45.0,16.7,606.0,10,143,2.0,211.0
POST0681,ACC06,YouTube,video,2026-03-27 23:00:00,13650.0,,3872.0,3295,248.0,26.0,24.0,27.0,15.0,5.1,42.0,1,11,15.0,350.0
POST0286,ACC08,Facebook,carousel ,2026-02-07 15:23:00,8473.0,9046.0,6715.0,0,217.0,68.0,8.0,83.0,,,75.0,1,20,0.0,80.0
POST0128,ACC07,Facebook,carousel,2026-02-20 15:19:00,65196.0,38139.0,31661.0,0,1868.0,264.0,163.0,208.0,,,379.0,23,54,15.0,78.0
POST0372,ACC06,YouTube,video,2026-01-30 06:18:00,12427.0,6121.0,5914.0,3827,419.0,67.0,19.0,43.0,90.0,49.7,96.0,3,15,15.0,166.0
POST0412,ACC02,Instagram,text,"Apr 23, 2026 10:58 AM",55025.0,7308.0,7051.0,0,213.0,17.0,0.0,11.0,,,87.0,4,19,9.0,4.0
POST0645,ACC07,Facebook,image,2026-04-23 10:24:00,70200.0,22437.0,16441.0,0,769.0,138.0,36.0,61.0,,,224.0,16,18,5.0,210.0
POST0982,ACC06,YouTube,video,2026-04-05 19:20:00,13535.0,13486.0,10650.0,11105,922.0,54.0,72.0,102.0,15.0,5.5,66.0,1,5,3.0,13.0
POST0366,ACC05,YouTube,video,2026-01-16 18:03:00,31556.0,12367.0,5045.0,9872,,45.0,45.0,49.0,180.0,66.9,132.0,1,16,4.0,40.0
POST0601,ACC05,YouTube,video,22/03/2026 01:16,34177.0,48099.0,47607.0,31026,2426.0,338.0,312.0,158.0,300.0,35.1,532.0,30,148,14.0,219.0
POST0081,ACC08,Facebook,carousel,2026-06-23 23:02:00,9917.0,7082.0,5810.0,0,,26.0,28.0,24.0,,,62.0,3,3,7.0,143.0
POST0159,ACC05,YouTube,image,18/06/2026 06:08,38214.0,10036.0,9549.0,0,464.0,84.0,59.0,83.0,,,55.0,4,8,1.0,382.0
POST0424,ACC05,YT,video,05/06/2026 01:05,38483.0,35054.0,20496.0,28446,1492.0,113.0,129.0,213.0,15.0,5.7,458.0,13,89,1.0,199.0
POST0748,ACC03,TikTok,Image,"Feb 15, 2026 11:30 PM",23714.0,13654.0,13267.0,0,759.0,97.0,74.0,150.0,,,148.0,2,50,4.0,214.0
POST0325,ACC08,Facebook,image,2026-05-13 11:45:00,9707.0,2678.0,2075.0,0,78.0,16.0,1.0,15.0,,,34.0,1,2,5.0,41.0
POST0866,ACC06,YT,video,"Jan 23, 2026 05:56 PM",12470.0,11881.0,10402.0,10497,497.0,123.0,62.0,92.0,30.0,10.7,110.0,7,35,2.0,318.0
POST0781,ACC08,Facebook,image ,2026-02-06 09:27:00,8399.0,4461.0,2542.0,0,129.0,17.0,14.0,11.0,,,62.0,3,9,4.0,108.0
POST0676,ACC06,YouTube,video,2026-03-25 20:34:00,13474.0,13699.0,12500.0,10271,594.0,159.0,107.0,50.0,60.0,24.3,,10,37,11.0,38.0
POST0643,ACC07,Facebook,video,2026-04-11 15:10:00,69474.0,77656.0,54294.0,50990,2429.0,379.0,187.0,261.0,30.0,22.2,567.0,51,44,1.0,344.0
POST0627,ACC03,Tik Tok,image,19/05/2026 06:20,26823.0,15991.0,10253.0,0,463.0,34.0,36.0,62.0,,,160.0,6,16,11.0,131.0
POST0732,ACC04,TikTok,video ,"Jan 20, 2026 04:00 PM",97875.0,42015.0,34700.0,27155,2509.0,268.0,51.0,157.0,15.0,5.5,-,6,31,8.0,
POST0285,ACC04,TikTok,Video,07/01/2026 22:19,96452.0,40929.0,40397.0,30862,1833.0,208.0,145.0,144.0,45.0,8.9,284.0,10,97,2.0,222.0
POST0438,ACC08,Facebook,video,2026-05-25 11:59:00,9743.0,10056.0,7453.0,6706,405.0,33.0,48.0,54.0,15.0,11.9,60.0,5,8,7.0,249.0
POST0180,ACC05,YouTube,text,2026-05-09 06:44:00,37162.0,10122.0,7407.0,0,147.0,14.0,7.0,10.0,,,86.0,1,21,10.0,91.0
POST0871,ACC04,TikTok,video,2026-06-13 19:52:00,118264.0,99085.0,77425.0,59396,5770.0,506.0,483.0,794.0,90.0,55.1,1163.0,37,208,1.0,40.0
POST0840,ACC08,Facebook,image,"Jun 11, 2026 08:30 AM",9898.0,11441.0,6542.0,0,256.0,54.0,30.0,,,,85.0,5,22,5.0,28.0
POST0223,ACC06,YouTube,VIDEO,23/02/2026 18:54,13187.0,2636.0,2421.0,1595,129.0,19.0,7.0,13.0,300.0,,25.0,4,10,6.0,278.0
POST0123,ACC06,Youtube,video,2026-05-28 16:46:00,14605.0,7436.0,6366.0,4116,438.0,74.0,,59.0,15.0,5.6,41.0,3,14,3.0,304.0
POST0762,ACC05,YouTube,video,2026-03-05 11:21:00,33669.0,40269.0,26582.0,33237,1859.0,139.0,202.0,,45.0,22.6,554.0,30,61,8.0,139.0
POST0953,ACC05,YouTube,video,2026-06-25 08:10:00,38552.0,28270.0,18433.0,24615,1080.0,224.0,76.0,143.0,15.0,7.4,349.0,19,40,15.0,373.0
POST0751,ACC08,Facebook,video,01/04/2026 15:04,9021.0,3765.0,3436.0,2896,170.0,29.0,32.0,,60.0,32.7,37.0,0,3,2.0,226.0
POST0874,ACC01,Instagram,video,2026-05-04 10:41:00,17634.0,20117.0,11441.0,14437,730.0,85.0,89.0,154.0,90.0,,308.0,21,22,6.0,281.0
POST0870,ACC01,Instagram,image,"Apr 18, 2026 04:16 AM",17519.0,11076.0,9663.0,0,468.0,56.0,52.0,70.0,,,137.0,4,24,1.0,131.0
POST0448,ACC08,Facebook,video,29/01/2026 15:00,8351.0,7395.0,4564.0,5734,280.0,51.0,10.0,45.0,90.0,52.3,62.0,1,16,8.0,150.0
POST0390,ACC02,Instagram,text,2026-04-08 08:11:00,54002.0,12021.0,9924.0,0,144.0,28.0,33.0,31.0,,,67.0,3,13,14.0,169.0
POST0432,ACC06,YouTube,video,2026-05-21 19:59:00,14411.0,4827.0,4378.0,3128,311.0,23.0,36.0,58.0,300.0,67.4,53.0,5,12,8.0,124.0
POST0245,ACC06,YouTube,video,2026-02-17 21:00:00,12608.0,17782.0,16236.0,13158,985.0,98.0,97.0,74.0,300.0,72.3,188.0,14,51,7.0,40.0
POST0385,ACC01,Instagram,video,2026-06-07 13:04:00,,14085.0,,10543,438.0,65.0,90.0,,300.0,36.2,170.0,2,35,13.0,259.0
POST0680,ACC08,Facebook ,video,2026-06-23 20:29:00,10082.0,9129.0,8751.0,7315,563.0,110.0,23.0,73.0,90.0,37.2,39.0,1,19,7.0,63.0
POST0221,ACC02,Instagram,text,2026-04-11 07:04:00,55173.0,19442.0,12990.0,0,294.0,57.0,21.0,75.0,,,165.0,5,11,8.0,210.0
POST0450,ACC03,TikTok,video,"Mar 13, 2026 09:30 PM",24270.0,12864.0,10843.0,11152,652.0,52.0,87.0,125.0,60.0,33.7,179.0,14,27,14.0,187.0
POST0016,ACC07,Facebook,image,2026-04-21 21:06:00,70198.0,21331.0,12205.0,0,373.0,56.0,12.0,115.0,,,67.0,2,45,2.0,268.0
POST0553,ACC07,Facebook,video,2026-05-27 12:14:00,72334.0,32572.0,25804.0,28478,1296.0,150.0,94.0,288.0,180.0,57.3,195.0,14,58,4.0,278.0
POST0524,ACC07,Facebook,image,2026-03-16 21:21:00,65956.0,44586.0,29210.0,0,1180.0,245.0,44.0,290.0,,,310.0,23,75,13.0,
POST0398,ACC02,Instagram,video,"Jan 20, 2026 01:07 PM",49588.0,35448.0,34236.0,31125,2573.0,254.0,312.0,346.0,30.0,6.2,477.0,22,87,,328.0
POST0396,ACC07,Facebook,Reel,2026-01-29 18:21:00,63251.0,91173.0,51375.0,62838,2403.0,307.0,396.0,178.0,45.0,9.0,1108.0,60,69,15.0,270.0
POST0254,ACC03,TikTok,video,2026-03-18 09:06:00,24766.0,8386.0,8154.0,6369,,69.0,24.0,21.0,180.0,55.3,124.0,3,34,1.0,131.0
POST0935,ACC04,TikTok,video,30/05/2026 12:16,116244.0,400533.0,141842.0,248023,6992.0,1334.0,1131.0,2033.0,90.0,39.7,5039.0,277,381,15.0,200.0
POST0794,ACC07,Facebook ,image,2026-06-16 11:06:00,73932.0,33638.0,25901.0,0,1645.0,102.0,43.0,121.0,,,510.0,37,22,7.0,209.0
POST0847,ACC02,Instagram,image,2026-04-16 11:31:00,56232.0,,15870.0,0,609.0,116.0,99.0,158.0,,,302.0,17,22,8.0,264.0
POST0361,ACC07,Facebook,text,03/06/2026 16:30,73227.0,35807.0,30585.0,0,460.0,129.0,87.0,,,,423.0,28,29,10.0,387.0
POST0606,ACC05,YouTube,image,2026-01-13 17:18:00,31651.0,8350.0,8219.0,0,267.0,55.0,11.0,35.0,,,101.0,5,35,2.0,1.0
POST0767,ACC05,YouTube,text,2026-04-16 09:48:00,36379.0,5954.0,3836.0,0,116.0,14.0,12.0,18.0,,,39.0,2,10,9.0,356.0
POST0173,ACC07,Facebook,carousel,14/06/2026 19:14,74645.0,33543.0,32504.0,0,2077.0,224.0,102.0,441.0,,,237.0,14,75,1.0,168.0
POST0687,ACC04,TikTok,video,2026-06-17 13:51:00,119826.0,52046.0,45480.0,40456,2.4K,316.0,475.0,310.0,90.0,37.1,232.0,14,104,4.0,152.0
POST0148,ACC02,Instagram,carousel,"Jan 03, 2026 04:36 AM",48115.0,12045.0,10685.0,0,770.0,98.0,78.0,69.0,,,178.0,13,37,1.0,
POST0187,ACC02,Instagram,image,"Mar 15, 2026 07:40 AM",53143.0,33889.0,21025.0,0,690.0,55.0,129.0,,,,256.0,17,48,10.0,242.0
POST0044,ACC03,TikTok,video,20/03/2026 14:39,24486.0,9067.0,8533.0,5857,531.0,74.0,45.0,103.0,60.0,28.2,104.0,5,22,6.0,29.0
POST0617,ACC02, Instagram ,video,2026-06-02 12:00:00,58281.0,19606.0,16969.0,11211,1111.0,141.0,35.0,84.0,60.0,26.3,70.0,1,45,11.0,354.0
POST0529,ACC08,FB,carousel,11/02/2026 20:04,8438.0,4326.0,2978.0,0,173.0,17.0,4.0,14.0,,,68.0,5,11,4.0,286.0
POST0926,ACC08,facebook,carousel,2026-06-06 06:47:00,9917.0,2133.0,1996.0,0,131.0,20.0,8.0,16.0,,,30.0,1,7,10.0,155.0
POST0297,ACC07,Facebook,image,"May 16, 2026 07:42 PM",72157.0,48199.0,39463.0,0,2513.0,206.0,66.0,436.0,,,471.0,17,69,15.0,271.0
POST0604,ACC02,Instagram,video,2026-01-31 20:06:00,51013.0,71786.0,36901.0,51538,2405.0,193.0,50.0,87.0,180.0,63.7,493.0,38,79,3.0,17.0
POST0139,ACC03,TikTok,video,2026-02-13 12:10:00,23547.0,11399.0,8371.0,9899,616.0,71.0,47.0,80.0,180.0,86.7,98.0,8,5,8.0,255.0
POST0055,ACC04,TikTok,video,27/05/2026 14:44,119064.0,33619.0,30505.0,21393,2392.0,218.0,141.0,118.0,180.0,82.3,297.0,23,33,2.0,266.0
POST0670,ACC02, Instagram ,carousel,31/05/2026 09:26,58698.0,26974.0,19381.0,0,859.0,106.0,129.0,162.0,,,403.0,13,28,1.0,300.0
POST0052,ACC02,Instagram,video,2026-04-19 07:36:00,55712.0,29145.0,24104.0,21188,1221.0,190.0,243.0,256.0,60.0,36.9,245.0,9,91,,358.0
POST0820,ACC08,Facebook,image,2026-03-19 12:18:00,9113.0,10553.0,8059.0,0,573.0,63.0,55.0,61.0,,,132.0,7,24,15.0,301.0
POST0319,ACC08,Facebook,video,2026-03-15 09:00:00,9109.0,7494.0,5363.0,6149,381.0,71.0,18.0,65.0,60.0,29.6,61.0,6,19,0.0,209.0
POST0023,ACC02,Instagram,video,2026-06-12 12:20:00,0.0,33802.0,30672.0,25398,,313.0,46.0,121.0,45.0,9.9,376.0,10,36,4.0,188.0
POST0501,ACC01,INSTAGRAM,VIDEO,2026-06-06 14:50:00,18513.0,21797.0,17565.0,12404,1154.0,187.0,51.0,233.0,180.0,123.0,120.0,0,21,10.0,319.0
POST0801,ACC01,Instagram,video,28/02/2026 08:17,16478.0,7689.0,,4543,559.0,23.0,27.0,88.0,300.0,103.8,77.0,3,16,4.0,277.0
POST0295,ACC05,YouTube,video,2026-03-13 16:03:00,34244.0,33182.0,16935.0,22711,1343.0,168.0,78.0,73.0,300.0,131.4,179.0,11,33,10.0,262.0
POST0210,ACC07,Facebook,video,2026-01-24 22:16:00,61240.0,42627.0,42204.0,28561,326.8K,264.0,325.0,345.0,300.0,138.4,335.0,9,25,15.0,196.0
POST0713,ACC06,YOUTUBE,video,2026-02-02 08:48:00,12586.0,12401.0,10336.0,9826,601.0,111.0,93.0,,30.0,6.7,105.0,7,33,8.0,181.0
POST0143,ACC03,tiktok,video,2026-02-26 08:23:00,23699.0,5117.0,4948.0,4068,283.0,26.0,6.0,82.0,60.0,3.4,66.0,3,24,11.0,370.0
POST0051,ACC07,Facebook,text,"Mar 09, 2026 06:10 PM",66035.0,32925.0,23389.0,0,589.0,49.0,,80.0,,,445.0,34,49,14.0,157.0
POST0167,ACC03,TikTok,video,"Jun 30, 2026 11:18 AM",28202.0,21098.0,17900.0,15481,1171.0,214.0,126.0,57.0,90.0,39.6,105.0,5,27,5.0,382.0
POST0622,ACC04,Tik Tok,text,"Apr 27, 2026 09:13 PM",110377.0,33438.0,23598.0,0,846.0,66.0,82.0,114.0,,,436.0,17,50,8.0,159.0
POST0656,ACC05,YouTube,video,2026-04-12 13:16:00,35352.0,37091.0,27631.0,30337,2251.0,342.0,171.0,91.0,180.0,,336.0,22,73,12.0,207.0
POST0082,ACC04,TikTok,image,26/05/2026 01:28,116477.0,37120.0,33702.0,0,1168.0,251.0,68.0,,,,417.0,17,88,5.0,273.0
POST0667,ACC05,YouTube,video,2026-02-10 14:02:00,33583.0,30229.0,30213.0,22747,2327.0,325.0,184.0,417.0,90.0,27.7,292.0,4,93,15.0,352.0
POST0984,ACC06,YouTube,video,2026-05-11 21:40:00,14130.0,16153.0,8955.0,9887,402.0,45.0,94.0,,45.0,11.6,129.0,2,31,9.0,89.0
POST0901,ACC01,Instagram,video,2026-05-09 17:48:00,17653.0,6286.0,5518.0,3740,275.0,47.0,38.0,53.0,180.0,59.8,80.0,5,20,4.0,140.0
POST0067,ACC08,Facebook,image,"Jan 24, 2026 09:55 PM",8222.0,4088.0,4061.0,0,137.0,15.0,28.0,51.0,,,43.0,1,5,1.0,49.0
POST0733,ACC08,Facebook,carousel,2026-06-20 13:58:00,9962.0,4374.0,2864.0,0,108.0,10.0,29.0,17.0,,,72.0,6,12,5.0,99.0
POST0657,ACC07,Facebook,carousel,2026-05-04 16:06:00,70612.0,25787.0,15942.0,0,964.0,105.0,43.0,148.0,,,208.0,8,14,2.0,295.0
POST0936,ACC08,Facebook,carousel,13/04/2026 17:39,9224.0,5443.0,4580.0,0,311.0,25.0,23.0,10.0,,,67.0,3,1,12.0,394.0
POST0800,ACC04,TikTok,video,07/01/2026 23:29,96338.0,195228.0,71357.0,161862,3340.0,515.0,613.0,333.0,15.0,7.6,1983.0,114,196,2.0,195.0
POST0511,ACC08,Facebook,video,2026-05-16 15:37:00,9573.0,6097.0,,4189,468.0,65.0,37.0,22.0,180.0,83.2,74.0,4,8,9.0,291.0
POST0514,ACC07,Facebook,text,2026-04-05 12:42:00,69306.0,69250.0,36531.0,0,682.0,140.0,111.0,129.0,,,617.0,14,42,4.0,253.0
POST0065,ACC04,TikTok,video,15/05/2026 07:57,,196931.0,114148.0,124874,7270.0,1351.0,843.0,1722.0,30.0,6.7,1792.0,69,61,3.0,299.0
POST0735,ACC02,Instagram,Image,2026-01-31 18:47:00,49984.0,54600.0,43621.0,0,1866.0,137.0,272.0,418.0,,,755.0,54,58,1.0,94.0
POST0265,ACC08,Facebook,text,2026-03-20 19:27:00,8921.0,3208.0,2328.0,0,67.0,7.0,5.0,6.0,,,40.0,2,2,8.0,64.0
POST0865,ACC07,Facebook,Image,"Jun 11, 2026 06:56 PM",75406.0,60181.0,34597.0,0,1935.0,286.0,50.0,156.0,,,495.0,36,113,,311.0
POST0464,ACC04,TikTok,video,18/01/2026 11:43,96668.0,70023.0,,53105,3792.0,311.0,,525.0,30.0,17.1,959.0,43,149,8.0,93.0
POST0499,ACC08,Facebook,carousel,2026-03-05 17:31:00,8784.0,1782.0,1590.0,0,98.0,22.0,6.0,27.0,,,17.0,0,3,0.0,242.0
POST0021,ACC05,YouTube,video,2026-03-26 06:55:00,34531.0,7525.0,7048.0,4262,561.0,73.0,39.0,93.0,90.0,69.1,48.0,3,3,0.0,283.0
POST0368,ACC03,TikTok,video,2026-05-23 12:46:00,27098.0,14871.0,14567.0,8905,807.0,192.0,66.0,113.0,45.0,34.6,163.0,4,46,6.0,139.0
POST0769,ACC02,Instagram,image,2026-06-29 18:54:00,60274.0,32204.0,20323.0,0,608.0,142.0,73.0,63.0,,,468.0,16,41,13.0,358.0
POST0697,ACC06,YT,video,2026-01-14 21:52:00,12133.0,8273.0,7133.0,5583,402.0,56.0,70.0,20.0,15.0,6.9,70.0,5,21,5.0,362.0
POST0720,ACC05,YouTube,video,27/04/2026 15:17,,44790.0,35219.0,33159,2884.0,222.0,139.0,309.0,60.0,3.1,,18,105,3.0,161.0
POST0579,ACC08,Facebook,image,2026-06-29 11:07:00,10142.0,5002.0,4519.0,0,167.0,42.0,27.0,30.0,,,70.0,1,5,3.0,376.0
POST0262,ACC02,Instagram,image,01/01/2026 18:18,48571.0,6981.0,4795.0,0,175.0,22.0,36.0,29.0,,,102.0,5,10,3.0,223.0
POST0653,ACC02,Insta,video,"May 06, 2026 10:28 AM",56227.0,56496.0,37437.0,34162,3225.0,462.0,259.0,379.0,180.0,,417.0,19,131,2.0,145.0
POST0721,ACC02,Instagram,image,2026-03-20 22:29:00,54837.0,22746.0,19533.0,0,575.0,99.0,31.0,135.0,,,126.0,7,32,4.0,378.0
POST0807,ACC05,YouTube,video,"Apr 02, 2026 05:33 PM",35376.0,15572.0,9995.0,9352,,95.0,29.0,106.0,45.0,39.4,205.0,8,32,2.0,257.0
POST0571,ACC08,Facebook,Image,2026-02-08 15:39:00,8466.0,6282.0,4911.0,0,257.0,23.0,28.0,26.0,,,28.0,2,9,15.0,15.0
POST0460,ACC01,Instagram,video,2026-04-19 19:03:00,17234.0,10683.0,10254.0,8581,747.0,56.0,69.0,42.0,60.0,52.1,,2,6,11.0,68.0
POST0823,ACC02,Instagram,image,2026-06-03 19:35:00,59356.0,62703.0,38893.0,0,2022.0,303.0,87.0,387.0,,,481.0,23,141,14.0,210.0
POST0189,ACC02,Instagram,video,2026-04-13 13:47:00,55666.0,19863.0,19816.0,11878,1277.0,235.0,90.0,130.0,45.0,7.5,188.0,5,59,9.0,397.0
POST0252,ACC04,TikTok,video,30/06/2026 14:13,119893.0,49721.0,40965.0,41138,2446.0,493.0,129.0,423.0,45.0,13.6,539.0,20,126,4.0,71.0
POST0072,ACC02,Instagram,image,2026-01-21 19:47:00,49463.0,29750.0,18694.0,0,1180.0,84.0,94.0,120.0,,,201.0,7,53,15.0,17.0
POST0665,ACC05,YouTube,video,2026-01-16 15:08:00,31468.0,26865.0,25756.0,21684,1726.0,134.0,158.0,273.0,60.0,26.1,272.0,3,69,15.0,109.0
POST0419,ACC03,TikTok,image,2026-04-02 19:04:00,25448.0,12228.0,11954.0,0,557.0,50.0,82.0,37.0,,,97.0,1,16,1.0,242.0
POST0337,ACC08,Facebook,video,2026-03-25 15:47:00,8980.0,5891.0,5635.0,3309,485.0,35.0,44.0,76.0,60.0,19.9,34.0,2,4,0.0,198.0
POST0329,ACC02,Instagram,image,18/01/2026 00:59,48701.0,12926.0,12887.0,0,422.0,61.0,56.0,32.0,,,115.0,7,38,6.0,179.0
POST0351,ACC05,YouTube,video,2026-02-16 03:07:00,33154.0,24683.0,23623.0,19072,1295.0,,141.0,148.0,30.0,7.2,258.0,6,51,,275.0
POST0910,ACC01,Instagram,text,2026-04-25 00:06:00,17397.0,2813.0,2234.0,0,59.0,8.0,7.0,3.0,,,21.0,0,9,12.0,385.0
POST0929,ACC04,TikTok,video,"Mar 24, 2026 05:03 PM",108475.0,,89783.0,89489,5869.0,984.0,717.0,1131.0,15.0,12.2,,73,46,5.0,326.0
POST0237,ACC06,YouTube,video,"May 04, 2026 06:32 PM",13980.0,30454.0,15417.0,18128,1013.0,128.0,47.0,60.0,180.0,102.3,218.0,15,43,12.0,21.0
POST0376,ACC01,Instagram,video,"Apr 22, 2026 06:59 AM",17433.0,9730.0,13622.0,5642,485.0,41.0,47.0,83.0,180.0,53.6,115.0,7,24,10.0,44.0
POST0558,ACC08,Facebook,image,2026-01-24 21:05:00,8158.0,4644.0,3353.0,0,167.0,12.0,11.0,14.0,,,,2,0,0.0,104.0
POST0685,ACC02,Instagram,image,2026-04-23 14:57:00,56385.0,14728.0,11900.0,0,697.0,66.0,80.0,154.0,,,169.0,5,23,9.0,266.0
POST0452,ACC08,Facebook,image,2026-03-06 09:56:00,8876.0,10984.0,7562.0,0,344.0,49.0,17.0,75.0,,,100.0,11,5,12.0,103.0
POST0810,ACC08,Facebook,carousel,2026-03-16 08:40:00,8818.0,3756.0,2347.0,0,139.0,20.0,16.0,21.0,,,40.0,2,5,2.0,294.0
POST0506,ACC04,tiktok,text,17/03/2026 05:03,106112.0,10734.0,15027.599999999999,0,350.0,23.0,24.0,65.0,,,85.0,3,11,10.0,197.0
POST0678,ACC01,Instagram,IMAGE,2026-01-07 19:29:00,15049.0,13234.0,9253.0,0,296.0,32.0,60.0,77.0,,,135.0,5,38,14.0,371.0
POST0834,ACC02,Instagram,image,26/06/2026 17:02,61958.0,51610.0,22788.0,0,692.0,178.0,30.0,194.0,,,667.0,10,87,7.0,387.0
POST0527,ACC08,Facebook,image,2026-02-14 16:49:00,8411.0,4695.0,3327.0,0,130.0,15.0,14.0,36.0,,,77.0,5,16,12.0,25.0
POST0481,ACC03,TikTok,image,2026-04-20 18:45:00,25748.0,6640.0,6476.0,0,389.0,27.0,22.0,33.0,,,38.0,1,16,7.0,109.0
POST0447,ACC03,TikTok,video,2026-06-16 10:41:00,27461.0,19498.0,19281.0,15480,1653.0,212.0,138.0,182.0,15.0,6.3,81.0,7,63,9.0,88.0
POST0219,ACC04,TikTok,video,2026-03-04 10:19:00,103005.0,69148.0,68985.0,49991,2744.0,869.0,340.0,180.0,300.0,61.5,783.0,9,190,9.0,333.0
POST0240,ACC06,YouTube,video,14/05/2026 07:52,14388.0,23776.0,11126.0,13364,873.0,56.0,29.0,136.0,60.0,33.3,183.0,8,9,4.0,223.0
POST0753,ACC01,Instagram,video,2026-05-17 12:28:00,17879.0,14593.0,8288.0,12350,410.0,43.0,25.0,54.0,45.0,21.8,106.0,12,32,8.0,239.0
POST0526,ACC03,TikTok,Video,2026-05-25 15:00:00,26324.0,12923.0,11348.0,7133,747.0,71.0,69.0,119.0,90.0,79.2,90.0,2,13,4.0,31.0
POST0193,ACC05,YouTube,video,2026-06-01 13:29:00,37544.0,51609.0,36124.0,36646,1650.0,344.0,283.0,482.0,60.0,4.4,256.0,10,92,9.0,127.0
POST0796,ACC03,TikTok,video,2026-04-16 22:02:00,25542.0,56800.0,29217.0,34386,1397.0,377.0,280.0,429.0,45.0,15.7,601.0,49,85,9.0,215.0
POST0192,ACC06,YouTube,video,"Apr 27, 2026 10:53 AM",14104.0,2685.0,2308.0,1511,211.0,20.0,6.0,,60.0,29.6,15.0,2,2,8.0,397.0
POST0509,ACC03,TikTok,video,"Jan 10, 2026 12:58 PM",22007.0,25963.0,15215.0,21897,931.0,167.0,159.0,96.0,30.0,9.1,166.0,5,43,8.0,339.0
POST0436,ACC01,Instagram,image,2026-02-15 10:42:00,15592.0,5990.0,2510.0,0,133.0,15.0,19.0,6.0,,,40.0,2,7,9.0,153.0
POST0133,ACC01,Instagram,image,2026-02-01 19:21:00,15797.0,3877.0,3446.0,0,193.0,23.0,13.0,15.0,,,55.0,2,1,8.0,295.0
POST0557,ACC06,YouTube,video,15/04/2026 21:21,13982.0,10636.0,9633.0,6714,848.0,51.0,45.0,129.0,30.0,7.9,129.0,4,26,3.0,305.0
POST0253,ACC02,Instagram,image,2026-05-28 13:13:00,58066.0,72008.0,36432.0,0,2110.0,194.0,102.0,187.0,,,818.0,53,121,10.0,203.0
POST0672,ACC05,YouTube,video,"May 20, 2026 07:21 PM",37407.0,24101.0,19486.0,14884,1011.0,206.0,150.0,62.0,45.0,37.9,96.0,6,20,5.0,349.0
POST0902,ACC01,Instagram,carousel,"Mar 06, 2026 02:48 PM",16262.0,9230.0,8099.0,0,372.0,56.0,50.0,38.0,,,67.0,4,8,,315.0
POST0264,ACC08,Facebook,video,"Jun 28, 2026 10:12 PM",10123.0,25338.0,19031.0,14085,1126.0,222.0,47.0,,180.0,91.4,390.0,22,76,12.0,10.0
POST0071,ACC07,Facebook,image,"Apr 24, 2026 11:36 AM",71561.0,36806.0,34748.0,0,1765.0,267.0,134.0,,,,518.0,14,54,15.0,236.0
POST0273,ACC02,instagram,video,2026-03-10 12:10:00,,58073.0,41420.0,36886,3326.0,232.0,236.0,287.0,180.0,67.0,776.0,43,114,11.0,290.0
POST0508,ACC02,Instagram,video,2026-06-06 09:06:00,59421.0,64879.0,44108.0,53779,2774.0,454.0,294.0,665.0,60.0,,964.0,67,140,6.0,56.0
POST0328,ACC01,Instagram,Reel,2026-06-25 04:16:00,18906.0,10914.0,7855.0,7920,392.0,62.0,26.0,44.0,90.0,28.0,39.0,1,17,7.0,138.0
POST0116,ACC05,YouTube,video,2026-03-18 10:45:00,34907.0,,21953.0,14747,1901.0,142.0,147.0,238.0,30.0,15.6,N/A,31,51,9.0,383.0
POST0324,ACC08,Facebook,carousel,29/06/2026 11:09,10014.0,4029.0,2624.0,0,176.0,27.0,24.0,17.0,,,58.0,7,10,,279.0
POST0958,ACC06,YouTube,video,2026-02-04 17:14:00,12672.0,11952.0,8697.0,6776,627.0,78.0,35.0,74.0,30.0,9.3,67.0,5,7,9.0,
POST0664,ACC02,Instagram,video,2026-03-20 17:37:00,53935.0,17876.0,17360.0,13326,1088.0,105.0,20.0,96.0,180.0,83.4,152.0,1,61,4.0,186.0
POST0867,ACC07,Facebook,video,2026-01-02 17:31:00,60213.0,,13603.0,11458,786.0,85.0,19.0,162.0,300.0,,168.0,9,21,10.0,44.0
POST0505,ACC03,TikTok,video,"Mar 13, 2026 12:14 PM",24032.0,14091.0,,9021,962.0,73.0,42.0,75.0,300.0,128.1,,2,15,5.0,224.0
POST0621,ACC04,TikTok,image,05/05/2026 19:03,112989.0,34908.0,29916.0,0,1135.0,117.0,123.0,292.0,,,331.0,18,84,10.0,162.0
POST0774,ACC06,YouTube,video,2026-03-03 19:49:00,13048.0,8825.0,8080.0,7584,370.0,86.0,52.0,51.0,60.0,2.7,118.0,7,6,5.0,399.0
POST0703,ACC02, Instagram ,video,16/06/2026 13:55,59856.0,28153.0,27624.0,21976,1208.0,115.0,180.0,,180.0,102.2,152.0,13,66,4.0,381.0
POST0446,ACC06,YouTube,image,2026-05-28 07:21:00,14539.0,5710.0,5147.0,0,153.0,11.0,22.0,30.0,,,26.0,1,25,6.0,287.0
POST0620,ACC02,Instagram,image,22/06/2026 13:20,59836.0,26923.0,17132.0,0,493.0,116.0,108.0,39.0,,,152.0,5,29,14.0,369.0
POST0752,ACC02,Instagram,image,29/01/2026 19:56,50382.0,43403.0,26320.0,0,1566.0,65.0,99.0,208.0,,,331.0,15,65,15.0,318.0
POST0610,ACC07,Facebook,carousel,2026-05-22 21:02:00,73254.0,28579.0,21874.0,0,1379.0,165.0,26.0,80.0,,,309.0,8,24,8.0,
POST0279,ACC01,Instagram,Image,2026-01-01 13:07:00,15205.0,3389.0,3132.0,0,175.0,22.0,20.0,21.0,,,42.0,1,6,1.0,30.0
POST0786,ACC05,YouTube,image,2026-02-10 19:35:00,32676.0,13198.0,10537.0,0,364.0,79.0,74.0,49.0,,,188.0,9,23,9.0,101.0
POST0868,ACC07,Facebook,image,2026-04-10 10:26:00,69066.0,50514.0,44455.0,0,2417.0,151.0,253.0,410.0,,,661.0,30,92,11.0,37.0
POST0003,ACC06,YouTube,video,2026-03-30 19:41:00,13383.0,7622.0,10670.8,6836,378.0,36.0,,63.0,300.0,123.1,28.0,1,1,13.0,284.0
POST0230,ACC02,Instagram,video,"Apr 24, 2026 06:26 PM",56920.0,38505.0,27411.0,31149,1732.0,232.0,286.0,370.0,180.0,77.5,334.0,13,50,0.0,224.0
POST0420,ACC05,YouTube,image,02/05/2026 06:36,36446.0,12465.0,11466.0,0,704.0,48.0,61.0,107.0,,,90.0,2,37,3.0,34.0
POST0924,ACC02, Instagram ,image,2026-02-02 17:37:00,50949.0,30997.0,14628.0,0,636.0,106.0,25.0,82.0,,,231.0,7,55,6.0,322.0
POST0578,ACC05,YouTube,image,2026-01-12 08:17:00,30891.0,41901.0,23566.0,0,1277.0,187.0,124.0,43.0,,,327.0,16,39,8.0,
POST0854,ACC02,Instagram,image,04/04/2026 22:51,54044.0,18666.0,15843.0,0,526.0,115.0,102.0,105.0,,,215.0,12,17,9.0,385.0
POST0200,ACC08,Facebook,Video,2026-01-13 15:36:00,8213.0,11306.0,10068.0,9946,506.0,76.0,82.0,40.0,90.0,44.9,94.0,5,35,5.0,28.0
POST0951,ACC01,Instagram,video,2026-05-19 23:43:00,17975.0,35798.0,22263.0,24171,1672.0,222.0,139.0,89.0,300.0,189.0,551.0,11,27,9.0,111.0
POST0516,ACC01,Instagram,carousel,2026-02-10 12:47:00,15909.0,4614.0,3729.0,0,268.0,21.0,12.0,,,,60.0,5,18,6.0,53.0
POST0066,ACC03,TikTok ,VIDEO,05/03/2026 19:32,24206.0,73690.0,22401.0,62191,1822.0,,156.0,136.0,300.0,44.3,1052.0,23,88,8.0,385.0
POST0956,ACC05,YouTube,video,"Feb 12, 2026 05:59 PM",32807.0,15829.0,11596.0,12661,564.0,70.0,33.0,52.0,90.0,72.1,124.0,6,14,4.0,211.0
POST0041,ACC02,Instagram,image,"Apr 25, 2026 05:24 AM",54974.0,23193.0,21535.0,0,639.0,159.0,57.0,166.0,,,335.0,31,27,12.0,295.0
POST0743,ACC06,YouTube,video,2026-03-16 10:55:00,13246.0,30232.0,20618.0,27089,,114.0,32.0,196.0,300.0,91.2,273.0,16,57,0.0,55.0
POST0515,ACC08,Facebook,Reel,2026-06-06 20:58:00,9797.0,7607.0,5625.0,6584,518.0,64.0,11.0,50.0,180.0,156.3,98.0,9,3,2.0,383.0
POST0421,ACC08,Facebook ,text,02/04/2026 17:03,9049.0,4093.0,2497.0,0,66.0,3.0,,6.0,,,46.0,5,6,7.0,164.0
POST0493,ACC07,Facebook,text,2026-04-12 06:18:00,68272.0,23538.0,18135.0,0,332.0,30.0,16.0,92.0,,,264.0,14,70,3.0,24.0
POST0563,ACC04,TikTok,video,2026-06-13 18:26:00,118643.0,87822.0,63763.0,57268,2494.0,300.0,142.0,396.0,30.0,18.7,635.0,30,259,13.0,239.0
POST0274,ACC08,Facebook,video,14/05/2026 10:54,9534.0,6112.0,3830.0,3456,258.0,38.0,28.0,50.0,30.0,9.0,52.0,1,10,14.0,263.0
POST0695,ACC01, Instagram ,text,2026-05-14 15:26:00,18025.0,6525.0,5704.0,0,,26.0,4.0,43.0,,,43.0,2,4,2.0,205.0
POST0628,ACC03,TikTok,video,"Feb 07, 2026 01:57 PM",23164.0,5900.0,5898.0,4910,555.0,51.0,34.0,80.0,300.0,137.2,50.0,0,24,15.0,99.0
POST0683,ACC08,FACEBOOK,carousel,2026-04-01 20:22:00,9116.0,2772.0,2577.0,0,165.0,11.0,16.0,14.0,,,28.0,1,9,13.0,265.0
POST0758,ACC04,TikTok,video,2026-05-27 08:14:00,115453.0,103521.0,63802.0,73801,4720.0,694.0,163.0,994.0,15.0,7.4,1301.0,48,202,0.0,260.0
POST0178,ACC02,Instagram,video,2026-05-18 23:26:00,58471.0,95185.0,72103.0,60850,5369.0,290.0,395.0,911.0,45.0,22.5,973.0,64,161,10.0,321.0
POST0301,ACC03,TikTok,video,2026-02-04 17:03:00,23235.0,15332.0,12306.0,12292,546.0,160.0,91.0,106.0,30.0,17.2,168.0,11,24,11.0,193.0
POST0038,ACC07,Facebook,image,2026-02-04 08:55:00,64114.0,15207.0,13831.0,0,645.0,118.0,12.0,110.0,,,220.0,12,25,8.0,94.0
POST0479,ACC06,YouTube,video,2026-03-02 16:12:00,13193.0,5212.0,5036.0,3897,378.0,27.0,52.0,79.0,45.0,6.1,21.0,1,13,12.0,117.0
POST0203,ACC04,TikTok,video,2026-06-30 15:27:00,121088.0,,82003.0,116477,5174.0,607.0,356.0,774.0,30.0,10.9,1921.0,57,260,2.0,108.0
POST0237,ACC06,YouTube,video,"May 04, 2026 06:32 PM",13980.0,30454.0,15417.0,18128,1013.0,128.0,47.0,60.0,180.0,102.3,218.0,15,43,12.0,21.0
POST0150,ACC01,Instagram,video,2026-05-07 10:22:00,17952.0,8565.0,,5077,565.0,48.0,9.0,41.0,60.0,3.7,108.0,8,19,9.0,187.0
POST0218,ACC01,Instagram,text,2026-03-20 16:52:00,16789.0,5114.0,3863.0,0,93.0,5.0,6.0,3.0,,,52.0,3,17,12.0,2.0
POST0674,ACC01,Instagram,Carousel,"Jun 03, 2026 08:43 PM",18176.0,11970.0,16758.0,0,605.0,122.0,45.0,69.0,,,181.0,5,6,9.0,376.0
POST0565,ACC08,facebook,video ,"Jun 16, 2026 10:14 PM",10032.0,8883.0,8548.0,5573,510.0,46.0,29.0,120.0,60.0,13.7,75.0,3,36,4.0,64.0
POST0912,ACC02,Instagram,video,05/04/2026 06:39,53377.0,29174.0,14900.0,26255,873.0,81.0,105.0,209.0,90.0,26.0,271.0,18,54,10.0,337.0
POST0797,ACC08,Facebook,image,"May 25, 2026 02:01 PM",9617.0,3815.0,3242.0,0,192.0,16.0,10.0,12.0,,,30.0,0,9,3.0,354.0
POST0400,ACC03,TikTok,video,2026-06-26 15:11:00,28017.0,46550.0,34405.0,32536,1458.0,420.0,326.0,205.0,15.0,4.4,359.0,14,78,14.0,
POST0303,ACC01,Instagram,video,2026-02-05 19:34:00,15877.0,11061.0,9014.0,9360,679.0,90.0,85.0,34.0,60.0,11.5,88.0,4,41,2.0,95.0
POST0853,ACC08,Facebook,image ,2026-01-29 05:08:00,8609.0,3096.0,1921.0,0,119.0,16.0,8.0,3.0,,,33.0,3,5,5.0,51.0
POST0913,ACC04,TikTok,video,27/05/2026 16:59,116729.0,30459.0,26063.0,24954,1185.0,140.0,,420.0,180.0,106.4,199.0,15,29,6.0,276.0
POST0668,ACC07,Facebook,video,"Mar 01, 2026 09:05 AM",65299.0,54305.0,29990.0,45239,1668.0,172.0,288.0,172.0,60.0,16.4,440.0,30,99,14.0,51.0
POST0561,ACC05,youtube,video,2026-06-25 17:00:00,38724.0,30519.0,22302.0,20265,1581.0,222.0,80.0,103.0,300.0,178.7,338.0,19,19,4.0,395.0
POST0389,ACC08,Facebook,Image,23/04/2026 23:17,9381.0,4430.0,3170.0,0,148.0,18.0,21.0,4.0,,,65.0,4,1,4.0,260.0
POST0410,ACC01,Instagram,VIDEO,30/01/2026 18:18,15357.0,17540.0,14531.0,15333,601.0,89.0,45.0,201.0,90.0,31.1,77.0,1,12,7.0,104.0
POST0388,ACC07,Facebook,image,18/01/2026 15:51,60747.0,24578.0,34409.2,0,1093.0,118.0,-135.0,124.0,,,202.0,12,62,4.0,
POST0535,ACC05,YouTube,video,2026-05-09 11:02:00,36354.0,39450.0,33993.0,35226,2234.0,146.0,166.0,251.0,15.0,3.4,322.0,8,40,10.0,116.0
POST0391,ACC06,YouTube,video,2026-05-18 20:20:00,14402.0,10441.0,8874.0,6942,409.0,72.0,26.0,98.0,30.0,21.0,155.0,6,9,2.0,66.0
POST0829,ACC07,Facebook,IMAGE,"May 18, 2026 06:22 PM",70854.0,133857.0,95498.0,0,5045.0,680.0,198.0,686.0,,,1033.0,30,55,1.0,207.0
POST0353,ACC03,TikTok,image,"Jan 25, 2026 01:14 PM",23005.0,7282.0,6883.0,0,412.0,42.0,5.0,,,,84.0,2,25,10.0,212.0
POST0194,ACC03,TikTok,video,29/06/2026 13:05,0.0,17220.0,16295.0,13452,974.0,228.0,55.0,209.0,60.0,38.1,106.0,10,22,15.0,107.0
POST0236,ACC06,YouTube,video,2026-01-01 17:48:00,12097.0,13528.0,9747.0,9421,634.0,128.0,70.0,144.0,15.0,11.6,147.0,6,44,7.0,286.0
POST0611,ACC07,Facebook,carousel,"Feb 17, 2026 02:00 AM",64440.0,,27278.0,0,986.0,264.0,43.0,131.0,,,330.0,4,33,1.0,174.0
POST0831,ACC02,Instagram,carousel,11/04/2026 23:00,54753.0,27883.0,24278.0,0,1052.0,250.0,167.0,231.0,,,339.0,32,16,10.0,62.0
POST0056,ACC01,Instagram,carousel,2026-03-08 13:05:00,16547.0,20505.0,12587.0,0,809.0,146.0,120.0,144.0,,,109.0,4,45,7.0,142.0
POST0669,ACC08,Facebook,image,2026-03-21 20:07:00,8886.0,4317.0,1945.0,0,63.0,6.0,19.0,26.0,,,25.0,2,4,9.0,181.0
POST0097,ACC02,Insta,video,"Feb 01, 2026 03:16 PM",50916.0,28843.0,25059.0,17661,2190.0,261.0,240.0,385.0,60.0,35.3,256.0,9,69,15.0,398.0
POST0142,ACC02,Instagram,Reel,01/02/2026 16:08,49532.0,30386.0,21965.0,18856,1365.0,167.0,122.0,150.0,30.0,21.6,301.0,10,50,0.0,317.0
POST0696,ACC03,TikTok,video,"Jan 22, 2026 07:15 PM",22787.0,15979.0,15135.0,12647,,165.0,85.0,,15.0,1.2,171.0,11,12,4.0,225.0
POST0857,ACC02,Instagram,video,2026-03-22 14:39:00,53974.0,45117.0,41420.0,25674,3393.0,244.0,170.0,,45.0,32.2,276.0,9,19,2.0,149.0
POST0541,ACC06,YouTube,image,2026-04-07 14:47:00,13914.0,9105.0,4676.0,0,230.0,36.0,34.0,11.0,,,53.0,2,15,11.0,195.0
POST0568,ACC02,Instagram,text,2026-05-30 12:21:00,59004.0,,12838.0,0,374.0,44.0,,75.0,,,171.0,5,27,9.0,269.0
POST0121,ACC04,TikTok,Text,"May 16, 2026 12:52 PM",112853.0,34200.0,28426.0,0,896.0,116.0,52.0,24.0,,,278.0,14,64,3.0,175.0
POST0597,ACC05,YouTube,video,2026-04-05 04:56:00,35019.0,14454.0,13258.0,9003,,52.0,18.0,92.0,30.0,19.2,137.0,3,40,3.0,335.0
POST0504,ACC07,Facebook,image,2026-06-02 15:00:00,72787.0,41007.0,20078.0,0,1212.0,68.0,63.0,74.0,,,568.0,19,72,13.0,261.0
POST0063,ACC03,TikTok ,video,2026-02-09 12:29:00,23208.0,28879.0,14685.0,18713,840.0,85.0,123.0,149.0,30.0,10.5,233.0,9,13,6.0,334.0
POST0757,ACC06,YouTube,image,"Jun 30, 2026 07:04 PM",15394.0,5625.0,4847.0,0,,35.0,12.0,21.0,,,80.0,2,14,4.0,110.0
POST0443,ACC02,Instagram,video,2026-06-23 13:07:00,60137.0,50881.0,48403.0,45343,4055.0,599.0,204.0,,180.0,112.2,400.0,12,145,0.0,137.0
POST0415,ACC01,Instagram,video,2026-01-22 05:56:00,15755.0,,17809.0,21150,980.0,209.0,83.0,190.0,15.0,6.8,390.0,15,46,5.0,180.0
POST0004,ACC04,TikTok ,video,2026-04-03 12:09:00,107479.0,63634.0,48324.0,40812,3260.0,583.0,,701.0,90.0,67.1,,8,188,14.0,286.0
POST0059,ACC06,YouTube,video,14/05/2026 16:11,14664.0,11130.0,5750.0,9416,254.0,54.0,19.0,65.0,30.0,5.6,83.0,5,19,2.0,229.0
POST0224,ACC02,Instagram,image,2026-02-08 05:24:00,50963.0,,,0,682.0,131.0,28.0,26.0,,,64.0,3,23,10.0,115.0
POST0614,ACC04,TikTok,video,17/05/2026 09:41,,64280.0,53424.0,42991,4426.0,260.0,544.0,435.0,90.0,83.9,293.0,16,109,7.0,324.0
POST0102,ACC02,Instagram,video,26/05/2026 14:46,58263.0,34858.0,24223.0,29711,1348.0,133.0,119.0,332.0,15.0,6.2,209.0,14,72,13.0,73.0
POST0718,ACC04,TikTok,video,"Apr 17, 2026 06:36 PM",108215.0,176469.0,140821.0,134518,11375.0,1605.0,1154.0,874.0,60.0,8.1,2331.0,178,302,12.0,323.0
POST0222,ACC04,TikTok,VIDEO,2026-04-22 16:26:00,112311.0,48795.0,41237.0,37186,2110.0,334.0,188.0,598.0,90.0,72.7,291.0,17,54,3.0,155.0
POST0456,ACC05,YouTube,image,2026-01-13 18:29:00,31477.0,24524.0,11355.0,0,464.0,55.0,33.0,46.0,,,229.0,12,12,11.0,318.0
POST0005,ACC04,tiktok,video,"Mar 28, 2026 08:31 AM",107246.0,146632.0,142152.0,114766,9094.0,1895.0,252.0,386.0,45.0,11.1,886.0,66,237,14.0,259.0
POST0053,ACC03,TikTok,video,2026-03-18 01:49:00,24769.0,16935.0,15209.0,13717,735.0,132.0,16.0,218.0,300.0,216.6,190.0,10,43,4.0,292.0
POST0018,ACC02,INSTAGRAM,video,2026-04-19 18:35:00,55497.0,20752.0,18305.0,17028,736.0,196.0,65.0,138.0,60.0,20.5,193.0,13,34,10.0,136.0
POST0911,ACC07,Facebook,video,2026-05-21 08:47:00,73623.0,38902.0,38624.0,25745,1687.0,343.0,58.0,472.0,300.0,42.8,484.0,22,171,6.0,393.0
POST0983,ACC05,YOUTUBE,video,27/03/2026 08:01,34984.0,75160.0,28750.0,57071,1394.0,274.0,57.0,279.0,90.0,10.6,1013.0,33,30,12.0,70.0
POST0307,ACC03,TikTok,video ,2026-03-28 16:26:00,24578.0,,11503.0,9659,620.0,145.0,125.0,151.0,15.0,9.5,110.0,7,37,3.0,255.0
POST0661,ACC02,Instagram,video,2026-03-22 06:50:00,53102.0,28703.0,24185.0,23460,2000.0,136.0,63.0,182.0,30.0,20.4,130.0,11,41,1.0,254.0
POST0156,ACC06,YouTube,video,2026-04-08 12:15:00,13962.0,7146.0,6824.0,4446,619.0,37.0,40.0,72.0,15.0,3.6,20.0,0,5,5.0,17.0
POST0819,ACC06,YouTube,image,24/01/2026 21:07,12324.0,3245.0,2805.0,0,159.0,14.0,16.0,20.0,,,47.0,2,8,2.0,134.0
POST0675,ACC05,YouTube,video,"May 31, 2026 11:43 AM",37609.0,13564.0,8851.0,9593,463.0,96.0,25.0,73.0,30.0,,186.0,7,39,5.0,93.0
POST0249,ACC07,Facebook,video,2026-01-26 22:46:00,62467.0,64200.0,89880.0,57263,2226.0,333.0,107.0,510.0,180.0,100.4,836.0,65,66,0.0,25.0
POST0250,ACC01,Instagram,carousel,2026-02-24 11:16:00,16172.0,9550.0,6141.0,0,429.0,46.0,47.0,65.0,,,68.0,5,9,11.0,182.0
POST0359,ACC01,Instagram,video,2026-02-10 16:16:00,15945.0,5981.0,5894.0,3457,556.0,59.0,63.0,58.0,180.0,42.4,39.0,4,34,2.0,263.0
POST0772,ACC08,Facebook ,image,20/01/2026 20:20,8512.0,3735.0,3697.0,0,158.0,13.0,16.0,15.0,,,9.0,0,2,8.0,169.0
POST0431,ACC01,Insta,image,2026-02-14 17:17:00,15939.0,2797.0,2769.0,0,198.0,13.0,5.0,10.0,,,,1,1,15.0,48.0
POST0442,ACC03,TikTok,video,24/03/2026 22:02,24631.0,18451.0,15859.0,12143,1308.0,105.0,173.0,254.0,180.0,80.7,278.0,7,18,15.0,322.0
POST0882,ACC07,Facebook,text,2026-02-05 13:55:00,62876.0,16324.0,8453.0,0,166.0,12.0,-24.0,45.0,,,147.0,7,17,9.0,246.0
POST0843,ACC08,Facebook,carousel,"Jan 12, 2026 06:36 PM",8177.0,2133.0,1930.0,0,83.0,6.0,2.0,14.0,,,9.0,0,1,8.0,45.0
POST0031,ACC04,TikTok,Video,2026-04-28 20:15:00,112118.0,54450.0,51962.0,42359,2590.0,332.0,153.0,740.0,300.0,127.6,519.0,36,212,11.0,169.0
POST0282,ACC04,TikTok,video,07/03/2026 19:02,104530.0,14224.0,13971.0,11904,,,108.0,119.0,60.0,15.2,151.0,15,50,5.0,45.0
POST0673,ACC06,YouTube,image,2026-02-12 16:37:00,12752.0,9403.0,4134.0,0,185.0,22.0,34.0,,,,52.0,3,2,4.0,87.0
POST0960,ACC04,TikTok,image,2026-05-23 18:04:00,113194.0,49785.0,39149.0,0,1121.0,200.0,122.0,368.0,,,568.0,29,122,0.0,200.0
POST0118,ACC02,Instagram,image,2026-02-13 12:41:00,51232.0,65832.0,40048.0,0,1746.0,145.0,232.0,,,,,45,49,6.0,94.0
POST0898,ACC01,Instagram,text,"Jan 19, 2026 04:54 PM",15458.0,8012.0,6672.0,0,115.0,13.0,9.0,25.0,,,113.0,6,10,6.0,188.0
POST0117,ACC01,Instagram,image,2026-03-29 12:26:00,17082.0,6112.0,4266.0,0,210.0,27.0,21.0,10.0,,,57.0,1,10,10.0,137.0
POST0581,ACC01,Instagram,text,2026-01-14 16:52:00,15181.0,2321.0,2248.0,0,77.0,11.0,1.0,12.0,,,,0,10,0.0,377.0
POST0663,ACC01,instagram,Reel,2026-03-16 21:01:00,16763.0,8438.0,7328.0,6416,390.0,69.0,27.0,36.0,15.0,7.5,46.0,0,14,14.0,301.0
POST0292,ACC03,TikTok,text ,19/05/2026 23:57,26661.0,11335.0,5193.0,0,106.0,16.0,12.0,21.0,,,67.0,4,12,3.0,344.0
POST0028,ACC07,Facebook,carousel,2026-05-25 12:34:00,72770.0,43411.0,36042.0,0,1176.0,,89.0,107.0,,,,29,61,6.0,346.0
POST0382,ACC08,Facebook,carousel,05/04/2026 20:38,0.0,3420.0,2553.0,0,140.0,21.0,4.0,23.0,,,25.0,1,13,,318.0
POST0308,ACC05,YouTube,video,2026-05-15 09:11:00,37458.0,32224.0,26590.0,24849,2037.0,214.0,267.0,178.0,60.0,48.3,452.0,23,63,2.0,350.0
POST0626,ACC02,Instagram,video,2026-06-09 21:45:00,59044.0,46557.0,42284.0,36672,2868.0,445.0,379.0,444.0,90.0,74.7,615.0,32,117,14.0,2.0
POST0593,ACC02,Instagram,carousel,09/06/2026 19:30,59755.0,29381.0,28036.0,0,2077.0,122.0,136.0,356.0,,,380.0,11,28,7.0,309.0
POST0201,ACC03,TikTok,video,"Jun 03, 2026 01:51 PM",27245.0,77143.0,31114.0,66350,2684.0,293.0,317.0,197.0,300.0,107.3,389.0,6,19,0.0,250.0
POST0569,ACC06,YouTube,video,31/01/2026 01:43,12549.0,3964.0,3819.0,2711,193.0,23.0,27.0,52.0,60.0,35.5,39.0,2,7,12.0,216.0
POST0386,ACC01,Instagram,image,2026-04-09 19:42:00,17120.0,5374.0,5305.0,0,194.0,38.0,22.0,22.0,,,59.0,3,14,11.0,177.0
POST0864,ACC07,Facebook,image,2026-04-24 20:32:00,71158.0,38487.0,37076.0,0,1842.0,303.0,233.0,82.0,,,355.0,9,87,2.0,118.0
POST0659,ACC01,Instagram,carousel,2026-01-14 11:09:00,15267.0,23644.0,12973.0,0,785.0,65.0,33.0,113.0,,,205.0,2,33,,219.0
POST0900,ACC05,YouTube,Video,"Mar 29, 2026 03:52 AM",34981.0,68919.0,27393.0,51158,1869.0,335.0,41.0,312.0,45.0,32.3,942.0,65,84,7.0,340.0
POST0793,ACC06,YouTube,image ,2026-06-28 07:31:00,15285.0,6432.0,3799.0,0,192.0,14.0,18.0,5.0,,,86.0,7,1,5.0,47.0
POST0724,ACC01,Instagram,video,"Apr 08, 2026 11:44 PM",16979.0,16039.0,13676.0,11708,892.0,86.0,116.0,188.0,30.0,16.9,126.0,7,25,13.0,338.0
POST0315,ACC02,Instagram,video,27/06/2026 09:22,60106.0,54878.0,23199.0,42936,1730.0,255.0,51.0,289.0,60.0,12.8,338.0,25,15,4.0,345.0
POST0893,ACC05,YouTube,video,"Mar 07, 2026 11:31 AM",33864.0,31228.0,29936.0,21007,,340.0,222.0,273.0,30.0,17.5,,17,41,6.0,337.0
POST0281,ACC03,TikTok,video,14/04/2026 16:54,25762.0,8393.0,8259.0,6014,685.0,38.0,43.0,58.0,15.0,9.2,79.0,9,45,3.0,331.0
POST0946,ACC01,Instagram,text,04/04/2026 08:52,17084.0,2557.0,2420.0,0,83.0,12.0,4.0,17.0,,,27.0,0,2,4.0,367.0
POST0755,ACC05,YouTube,video,2026-06-03 08:41:00,38399.0,36457.0,27775.0,23750,2171.0,120.0,269.0,355.0,60.0,36.4,189.0,16,98,13.0,
POST0354,ACC04,TikTok,video,05/01/2026 06:54,96441.0,64377.0,36894.0,51227,1901.0,448.0,360.0,377.0,15.0,,895.0,29,142,5.0,358.0
POST0642,ACC08,Facebook,Text,"Mar 03, 2026 08:49 PM",8754.0,1934.0,1500.0,0,48.0,10.0,2.0,4.0,,,16.0,1,5,0.0,317.0
POST0208,ACC08,Facebook,video,2026-01-30 20:12:00,8364.0,8452.0,5309.0,5998,466.0,49.0,5.0,41.0,30.0,18.1,147.0,15,8,11.0,103.0
POST0380,ACC03,TikTok,text,14/01/2026 02:49,22720.0,4050.0,3815.0,0,114.0,19.0,14.0,12.0,,,70.0,6,6,14.0,213.0
POST0879,ACC05,YouTube,image,2026-04-30 19:14:00,36304.0,34664.0,31889.0,0,1963.0,103.0,92.0,304.0,,,221.0,8,115,6.0,179.0
POST0413,ACC03,TikTok,video,"Feb 22, 2026 08:07 AM",23492.0,22921.0,20816.0,20208,891.0,283.0,99.0,290.0,60.0,43.4,222.0,18,20,3.0,249.0
POST0790,ACC01,Instagram,image ,13/02/2026 15:23,16040.0,2916.0,2634.0,0,90.0,13.0,13.0,23.0,,,23.0,2,3,1.0,303.0
POST0024,ACC08,Facebook,video,2026-02-21 06:19:00,8522.0,5430.0,3789.0,4481,296.0,54.0,20.0,16.0,30.0,14.6,86.0,1,18,14.0,136.0
POST0341,ACC06,YouTube,video,25/05/2026 23:41,14661.0,21114.0,9486.0,17977,741.0,88.0,16.0,78.0,300.0,119.5,251.0,12,34,4.0,184.0
POST0692,ACC07,Facebook,VIDEO,2026-04-27 13:56:00,71189.0,103058.0,58804.0,89951,2915.0,670.0,537.0,,60.0,41.3,524.0,14,182,11.0,215.0
POST0636,ACC06,YouTube,video,2026-01-21 08:38:00,12322.0,3388.0,3358.0,2996,268.0,32.0,6.0,42.0,60.0,10.2,51.0,1,7,3.0,104.0
POST0155,ACC04,TikTok,video,"Feb 12, 2026 12:22 PM",100055.0,96386.0,72267.0,80616,6452.0,652.0,168.0,793.0,30.0,10.2,1291.0,77,305,5.0,264.0
POST0855,ACC03,TikTok,video,2026-04-20 22:28:00,25421.0,10255.0,7664.0,6663,560.0,28.0,79.0,,180.0,61.4,44.0,1,22,6.0,325.0
POST0554,ACC03,TikTok,video,2026-01-11 17:06:00,22479.0,11328.0,9815.0,8848,638.0,57.0,99.0,49.0,45.0,17.7,152.0,7,37,13.0,97.0
POST0725,ACC07,Facebook,image,"May 13, 2026 08:52 PM",72277.0,23009.0,18582.0,0,875.0,52.0,64.0,130.0,,,191.0,12,25,1.0,397.0
POST0729,ACC04,TikTok,video,14/04/2026 13:47,110156.0,56059.0,54855.0,32172,2091.0,467.0,499.0,557.0,15.0,6.7,268.0,12,60,13.0,52.0
POST0784,ACC01,Instagram,Reel,2026-05-01 06:47:00,17552.0,10297.0,7432.0,8763,399.0,78.0,37.0,114.0,45.0,6.8,121.0,7,5,7.0,333.0
POST0323,ACC05,YouTube,image,2026-02-14 17:09:00,32405.0,26003.0,16249.0,0,767.0,58.0,118.0,80.0,,,240.0,10,38,10.0,211.0
POST0771,ACC06,YouTube,image,"Jun 29, 2026 06:11 AM",15200.0,13061.0,10363.0,0,640.0,22.0,11.0,69.0,,,169.0,8,41,4.0,87.0
POST0599,ACC06,YouTube,video,2026-05-10 18:40:00,14233.0,3635.0,3448.0,2962,197.0,17.0,15.0,33.0,180.0,39.9,27.0,4,16,14.0,375.0
POST0583,ACC01,Instagram,video,2026-01-24 17:17:00,15507.0,4288.0,4021.0,3421,347.0,40.0,40.0,50.0,15.0,1.2,57.0,1,1,3.0,231.0
POST0566,ACC02,instagram,image,2026-05-30 17:17:00,58851.0,18176.0,17696.0,0,794.0,168.0,57.0,80.0,,,124.0,4,30,2.0,111.0
POST0263,ACC03,TikTok,video ,"Mar 19, 2026 06:55 AM",24381.0,16519.0,8540.0,13086,648.0,36.0,26.0,97.0,90.0,32.1,154.0,14,15,12.0,61.0
POST0458,ACC06,YouTube,Reel,"Feb 10, 2026 06:10 PM",12749.0,11926.0,6957.0,8156,518.0,96.0,39.0,75.0,45.0,13.5,62.0,3,36,13.0,163.0
POST0083,ACC02,Instagram,image,28/01/2026 14:49,50913.0,29373.0,25750.0,0,1309.0,77.0,129.0,272.0,,,233.0,5,38,8.0,22.0
POST0564,ACC02,Instagram,text,03/05/2026 01:57,57408.0,25282.0,13030.0,0,405.0,64.0,37.0,64.0,,,286.0,15,9,7.0,260.0
POST0408,ACC02,Instagram,image,2026-01-09 17:54:00,48799.0,31994.0,19558.0,0,1236.0,71.0,54.0,172.0,,,300.0,9,80,5.0,283.0
POST0453,ACC04,TikTok,video,"Apr 26, 2026 07:45 PM",111316.0,71094.0,46640.0,45841,3894.0,630.0,437.0,251.0,30.0,20.0,883.0,36,47,7.0,211.0
POST0465,ACC01,Instagram,image,2026-02-21 18:08:00,16379.0,4277.0,3083.0,0,109.0,11.0,5.0,15.0,,,30.0,4,6,9.0,316.0
POST0962,ACC04,TikTok,video,2026-01-13 09:33:00,95557.0,82170.0,73955.0,58788,5256.0,852.0,255.0,401.0,300.0,90.2,347.0,34,70,10.0,320.0
POST0548,ACC05,YouTube,video,2026-02-26 10:38:00,33385.0,21235.0,18576.0,12914,1269.0,64.0,70.0,264.0,60.0,49.2,244.0,27,55,13.0,372.0
POST0039,ACC03,TikTok,video,"Jun 04, 2026 08:56 AM",27216.0,13371.0,9880.0,12032,695.0,107.0,74.0,129.0,90.0,45.5,141.0,4,20,0.0,145.0
POST0418,ACC01,Instagram,carousel,2026-02-25 04:42:00,16244.0,8959.0,5575.0,0,338.0,34.0,27.0,15.0,,,55.0,1,6,6.0,363.0
POST0164,ACC04,TikTok,image,05/01/2026 21:37,95906.0,36937.0,29475.0,0,863.0,237.0,184.0,273.0,,,248.0,15,94,15.0,196.0
POST0334,ACC07,Facebook ,image,2026-02-01 15:19:00,62299.0,27266.0,19973.0,0,1025.0,82.0,128.0,37.0,,,347.0,24,60,5.0,139.0
POST0011,ACC05,YouTube,video,18/04/2026 20:08,36057.0,53980.0,30667.0,38607,2119.0,141.0,134.0,360.0,60.0,13.0,385.0,30,24,4.0,90.0
POST0471,ACC06,YouTube,video,2026-06-27 23:17:00,14976.0,6367.0,6147.0,4728,442.0,32.0,52.0,79.0,45.0,19.1,65.0,6,14,15.0,150.0
POST0033,ACC01,Instagram,image,2026-05-22 22:11:00,18043.0,8384.0,8314.0,0,370.0,34.0,49.0,73.0,,,39.0,2,5,,89.0
POST0572,ACC04,TikTok,video,2026-01-25 14:53:00,98120.0,95991.0,92439.0,72416,,474.0,184.0,518.0,300.0,209.3,959.0,19,218,,222.0
POST0872,ACC02,Instagram,image,03/03/2026 13:08,,19378.0,18586.0,0,773.0,173.0,89.0,187.0,,,220.0,8,21,0.0,227.0
POST0383,ACC08,Facebook,carousel,2026-01-10 10:02:00,8094.0,5938.0,4854.0,0,186.0,39.0,23.0,13.0,,,58.0,2,10,9.0,247.0
POST0602,ACC07,Facebook,image,08/05/2026 16:48,71587.0,37721.0,25975.0,0,1111.0,146.0,129.0,56.0,,,324.0,17,54,10.0,151.0
POST0552,ACC04,TikTok,video,01/06/2026 16:26,116149.0,114674.0,90950.0,98672,5652.0,1154.0,784.0,1240.0,300.0,188.5,1441.0,25,131,5.0,173.0
POST0909,ACC03,TikTok,video,2026-04-21 16:43:00,25533.0,44092.0,17838.0,38112,1146.0,188.0,186.0,258.0,90.0,48.5,389.0,31,51,13.0,344.0
POST0904,ACC08,facebook,image,"Feb 28, 2026 10:30 AM",8856.0,1851.0,1587.0,0,72.0,16.0,6.0,12.0,,,24.0,0,9,10.0,198.0
POST0379,ACC04,TikTok,video,2026-06-03 06:16:00,115953.0,23507.0,23267.0,15846,1507.0,180.0,109.0,114.0,180.0,110.7,274.0,14,25,5.0,18.0
POST0090,ACC07,FACEBOOK,video,2026-02-04 05:05:00,63547.0,39128.0,36581.0,27595,1975.0,265.0,356.0,499.0,180.0,145.1,248.0,14,76,7.0,58.0
POST0214,ACC04,tiktok,video,"May 29, 2026 08:26 AM",116018.0,87300.0,85189.0,55168,7179.0,635.0,662.0,338.0,300.0,198.9,804.0,20,360,6.0,91.0
POST0947,ACC08,Facebook,TEXT,2026-06-22 10:41:00,10126.0,2292.0,1407.0,0,32.0,5.0,1.0,2.0,,,27.0,1,3,15.0,55.0
POST0134,ACC05,YouTube,video,"Feb 11, 2026 09:44 PM",32515.0,22097.0,21678.0,18406,1908.0,245.0,195.0,256.0,90.0,50.1,199.0,12,35,2.0,370.0
POST0347,ACC08,Facebook,image,"Feb 18, 2026 08:37 AM",8642.0,2522.0,2426.0,0,141.0,10.0,4.0,16.0,,,23.0,2,2,0.0,118.0
POST0008,ACC06,YouTube,video,2026-06-26 21:14:00,15126.0,10006.0,7044.0,8473,631.0,80.0,46.0,41.0,300.0,132.8,119.0,9,9,11.0,359.0
POST0766,ACC07,Facebook ,image,2026-04-26 14:52:00,69921.0,26910.0,26433.0,0,1229.0,236.0,165.0,277.0,,,129.0,5,66,14.0,245.0
POST0321,ACC03,TikTok,video,"Jun 17, 2026 10:28 PM",27709.0,31628.0,27614.0,27912,1350.0,186.0,253.0,274.0,180.0,131.2,455.0,27,53,15.0,196.0
POST0778,ACC01,Instagram,text,2026-03-14 09:06:00,16951.0,3574.0,,0,61.0,7.0,13.0,9.0,,,22.0,0,4,6.0,168.0
POST0188,ACC04,TikTok,video,23/03/2026 11:55,106979.0,32345.0,25560.0,25522,1728.0,289.0,144.0,382.0,30.0,5.0,125.0,4,56,12.0,371.0
POST0305,ACC05,YouTube,video,2026-03-16 20:42:00,33972.0,14059.0,12213.0,9342,612.0,138.0,110.0,90.0,15.0,5.7,146.0,16,26,14.0,144.0
POST0032,ACC02,Instagram,VIDEO,16/05/2026 14:28,58196.0,37367.0,28176.0,23306,1773.0,291.0,150.0,217.0,45.0,27.5,528.0,45,52,14.0,41.0
POST0715,ACC08,Facebook,image,2026-02-09 11:31:00,8555.0,5234.0,5185.0,0,201.0,24.0,30.0,32.0,,,39.0,2,10,9.0,182.0
POST0241,ACC02,Instagram,image,2026-02-01 23:00:00,50556.0,27167.0,26159.0,0,1171.0,115.0,122.0,57.0,,,279.0,26,30,5.0,370.0
POST0723,ACC07,Facebook,image,20/05/2026 20:11,71955.0,44630.0,25990.0,0,1637.0,86.0,104.0,255.0,,,360.0,24,107,13.0,131.0
POST0175,ACC06,YouTube,text,2026-05-24 11:40:00,14535.0,6138.0,5536.0,0,93.0,34.0,20.0,32.0,,,65.0,3,7,11.0,72.0
POST0246,ACC01,Instagram,image,16/06/2026 06:36,18896.0,10065.0,9238.0,0,540.0,47.0,54.0,51.0,,,38.0,3,8,14.0,25.0
POST0057,ACC05,YOUTUBE,video,"Apr 02, 2026 07:43 PM",35366.0,20294.0,18304.0,14841,1065.0,156.0,111.0,177.0,60.0,44.5,225.0,5,52,5.0,393.0
POST0747,ACC05,YouTube,video,2026-02-11 15:53:00,33277.0,39903.0,37706.0,27168,2316.0,295.0,313.0,532.0,45.0,7.5,423.0,24,47,10.0,339.0
POST0146,ACC07,Facebook,carousel,"Mar 08, 2026 09:51 PM",65739.0,16969.0,13461.0,0,863.0,44.0,107.0,33.0,,,170.0,4,55,14.0,328.0
POST0091,ACC04,TikTok,video,09/06/2026 22:37,117777.0,41059.0,39884.0,33470,1880.0,382.0,213.0,335.0,30.0,20.0,363.0,15,169,4.0,252.0
POST0393,ACC03,TikTok,VIDEO,2026-01-24 14:09:00,22828.0,9130.0,7218.0,5369,562.0,55.0,20.0,118.0,300.0,98.9,140.0,5,14,4.0,301.0
POST0311,ACC06,YouTube,VIDEO,2026-04-27 13:16:00,13999.0,12240.0,11470.0,7546,710.0,64.0,71.0,64.0,180.0,94.9,60.0,4,8,4.0,31.0
POST0360,ACC06,YouTube,image,2026-03-14 15:43:00,13329.0,4446.0,3588.0,0,190.0,24.0,17.0,14.0,,,15.0,1,5,8.0,359.0
POST0094,ACC04,TikTok,video,2026-01-31 06:35:00,97904.0,110083.0,101121.0,92168,8724.0,496.0,467.0,1574.0,30.0,4.0,1634.0,111,311,13.0,79.0
POST0830,ACC01,Instagram,video,2026-06-28 19:26:00,19065.0,6982.0,6458.0,5965,386.0,,17.0,111.0,60.0,,93.0,6,7,8.0,254.0
POST0895,ACC06,YouTube,video,2026-02-10 13:26:00,12635.0,6678.0,4685.0,4559,196.0,29.0,47.0,34.0,45.0,23.3,52.0,6,17,0.0,314.0
POST0377,ACC06,YouTube,video,2026-06-04 20:04:00,14526.0,8071.0,7006.0,5356,355.0,64.0,69.0,25.0,15.0,5.0,,4,19,0.0,63.0
POST0244,ACC06,YouTube,video,27/06/2026 15:20,15116.0,14449.0,14142.0,12024,566.0,129.0,103.0,140.0,15.0,7.8,83.0,4,7,13.0,199.0
POST0816,ACC07,Facebook,video,18/03/2026 18:35,67097.0,54090.0,51171.0,46391,4507.0,432.0,213.0,183.0,180.0,112.2,346.0,29,41,2.0,41.0
POST0088,ACC03,TikTok,video,2026-03-01 14:58:00,23721.0,14647.0,12830.0,10276,1066.0,82.0,63.0,100.0,60.0,31.5,136.0,10,15,11.0,308.0
POST0215,ACC06,Youtube,video,2026-04-20 15:08:00,14005.0,9857.0,9414.0,7571,576.0,56.0,44.0,140.0,60.0,48.2,102.0,2,9,13.0,301.0
POST0970,ACC01,Instagram,video,2026-04-26 01:35:00,17544.0,17091.0,9744.0,13774,566.0,64.0,94.0,139.0,300.0,41.9,212.0,5,4,6.0,273.0
POST0174,ACC06,YouTube,video,"Apr 02, 2026 07:55 PM",13693.0,6497.0,5486.0,4329,266.0,52.0,45.0,45.0,300.0,66.1,37.0,3,10,12.0,137.0
POST0426,ACC02,Instagram,video,2026-05-31 23:11:00,58699.0,30856.0,27600.0,24170,1151.0,141.0,145.0,290.0,60.0,22.5,323.0,8,106,6.0,281.0
POST0770,ACC04,TikTok,video,02/01/2026 16:31,95433.0,,41716.0,31465,3595.0,202.0,378.0,444.0,15.0,6.4,510.0,45,44,14.0,317.0
POST0119,ACC02,Instagram,image,2026-05-22 18:31:00,58204.0,35397.0,49555.799999999996,0,1211.0,209.0,189.0,106.0,,,343.0,20,25,14.0,54.0
POST0120,ACC01,INSTAGRAM,text,2026-04-16 14:16:00,17321.0,3453.0,2553.0,0,81.0,9.0,4.0,10.0,,,-,5,1,13.0,102.0
POST0903,ACC02,Instagram,video,04/01/2026 02:24,48406.0,15259.0,15228.0,9590,1119.0,142.0,83.0,190.0,180.0,156.9,-,5,49,15.0,261.0
POST0001,ACC01,Instagram,video,2026-04-29 11:11:00,17610.0,7032.0,6909.0,5490,425.0,45.0,56.0,15.0,180.0,152.3,76.0,2,21,10.0,101.0
POST0395,ACC06,YouTube,video,22/05/2026 18:18,14529.0,3741.0,3638.0,2911,150.0,39.0,21.0,11.0,15.0,11.4,37.0,1,13,,110.0
POST0402,ACC07,Facebook,CAROUSEL,2026-01-11 11:19:00,60082.0,32576.0,25923.0,0,918.0,202.0,202.0,127.0,,,371.0,12,94,1.0,33.0
POST0405,ACC04,TikTok,video,2026-04-06 12:51:00,109721.0,,47194.0,31888,3538.0,327.0,347.0,166.0,30.0,,612.0,28,52,9.0,399.0
POST0612,ACC04,TikTok,video,2026-03-18 20:04:00,105559.0,60316.0,48288.0,38133,3385.0,385.0,270.0,330.0,15.0,7.1,785.0,49,60,2.0,252.0
POST0619,ACC01,Instagram,image,2026-03-01 14:50:00,16523.0,1721.0,1686.0,0,55.0,11.0,6.0,17.0,,,19.0,1,2,13.0,234.0
POST0163,ACC04,TikTok,video,"Apr 27, 2026 11:43 PM",112988.0,132053.0,57836.0,87021,2732.0,694.0,592.0,802.0,30.0,17.6,1734.0,86,173,2.0,365.0
POST0115,ACC05,YouTube,Reel,"Jan 13, 2026 06:29 PM",31834.0,15574.0,12122.0,9189,580.0,50.0,72.0,85.0,30.0,13.8,147.0,13,21,11.0,22.0
POST0151,ACC07,Facebook,video,"Feb 24, 2026 11:28 AM",64388.0,113925.0,72806.0,90668,3228.0,411.0,679.0,458.0,90.0,83.1,1298.0,45,125,4.0,244.0
POST0937,ACC02,instagram,Image,2026-06-17 22:06:00,60180.0,27747.0,14065.0,0,786.0,92.0,68.0,160.0,,,221.0,6,29,4.0,158.0
POST0806,ACC07,Facebook ,Carousel,"Feb 01, 2026 12:28 PM",62469.0,31972.0,24396.0,0,1554.0,115.0,112.0,314.0,,,385.0,18,52,,21.0
POST0860,ACC07,Facebook,video,11/03/2026 19:12,66809.0,55968.0,46798.0,37439,3381.0,370.0,153.0,419.0,15.0,10.7,n/a,10,108,4.0,321.0
POST0369,ACC01,Instagram,carousel,2026-04-26 16:02:00,17469.0,6483.0,5952.0,0,465.0,55.0,19.0,37.0,,,N/A,8,25,,
POST0544,ACC02,Instagram,video,2026-01-23 07:40:00,48929.0,36256.0,30914.0,19953,1606.0,142.0,190.0,101.0,30.0,9.6,283.0,12,57,15.0,364.0
POST0478,ACC01,Instagram,video,2026-02-07 13:41:00,16266.0,5534.0,5484.0,3229,481.0,37.0,46.0,46.0,90.0,41.2,16.0,2,6,4.0,93.0
POST0533,ACC02,Insta,video,2026-06-23 22:32:00,59536.0,110317.0,67052.0,82041,,369.0,553.0,711.0,300.0,134.9,1639.0,56,156,7.0,65.0
POST0976,ACC02,Instagram,carousel,09/05/2026 13:02,0.0,28726.0,27345.0,0,1710.0,248.0,75.0,121.0,,,158.0,9,52,4.0,54.0
POST0586,ACC08,Facebook,image,2026-05-14 18:48:00,9404.0,5301.0,3889.0,0,163.0,21.0,19.0,29.0,,,63.0,4,9,7.0,344.0
POST0948,ACC02,Instagram,video,2026-04-03 20:55:00,54328.0,70585.0,46615.0,39060,2062.0,386.0,490.0,593.0,60.0,,857.0,44,127,13.0,127.0
POST0259,ACC02,Instagram,video,24/06/2026 04:49,61271.0,28115.0,24972.0,16432,1832.0,239.0,177.0,107.0,300.0,84.5,313.0,23,11,14.0,373.0
POST0838,ACC02,Instagram,carousel,2026-02-16 19:09:00,51767.0,,23996.0,0,1860.0,217.0,195.0,165.0,,,306.0,27,49,12.0,30.0
POST0136,ACC03,tiktok,video,2026-03-04 18:28:00,24442.0,53400.0,29674.0,29424,1204.0,277.0,143.0,223.0,180.0,58.5,619.0,53,124,5.0,24.0
POST0917,ACC05,YouTube,video,"Jan 19, 2026 02:32 AM",31610.0,37099.0,28628.0,27096,1747.0,309.0,111.0,178.0,15.0,1.9,,7,35,14.0,108.0
POST0631,ACC06,YouTube,video,09/02/2026 13:56,12734.0,16542.0,8459.0,13093,675.0,55.0,76.0,20.0,15.0,8.5,93.0,5,30,0.0,142.0
POST0792,ACC04,tiktok,image,23/03/2026 21:01,105128.0,89668.0,75093.0,0,4482.0,479.0,521.0,293.0,,,513.0,27,248,13.0,367.0
POST0502,ACC06,YouTube,image,16/05/2026 20:25,14282.0,2628.0,2584.0,0,89.0,8.0,6.0,9.0,,,31.0,0,2,7.0,272.0
POST0539,ACC05,YT,video,2026-05-15 16:11:00,36844.0,17718.0,13926.0,12983,1235.0,71.0,106.0,141.0,60.0,6.9,147.0,11,16,2.0,389.0
POST0650,ACC07,Facebook,carousel,2026-06-17 21:06:00,75034.0,33658.0,33356.0,0,1956.0,139.0,105.0,372.0,,,201.0,15,120,14.0,375.0
POST0582,ACC07,Facebook,carousel,2026-01-06 15:33:00,61891.0,27932.0,27789.0,0,1750.0,329.0,124.0,146.0,,,280.0,26,27,13.0,95.0
POST0344,ACC05,YT,video,2026-04-08 09:32:00,35539.0,33217.0,31766.0,24012,1787.0,175.0,53.0,197.0,90.0,38.4,392.0,22,120,6.0,62.0
POST0884,ACC02,Instagram,image,23/06/2026 11:04,59346.0,15562.0,14913.0,0,825.0,64.0,87.0,50.0,,,188.0,7,34,11.0,157.0
POST0832,ACC02,Instagram,video,2026-02-02 15:53:00,49303.0,44176.0,35787.0,31387,2217.0,312.0,49.0,145.0,90.0,41.7,488.0,20,50,2.0,396.0
POST0294,ACC03,TikTok,video,"Jan 26, 2026 06:11 AM",22897.0,38242.0,13595.0,26128,531.0,175.0,45.0,78.0,45.0,17.4,180.0,10,52,1.0,35.0
POST0365,ACC01,Instagram,carousel ,2026-01-07 13:33:00,15146.0,12607.0,6495.0,0,259.0,69.0,24.0,50.0,,,50.0,2,18,13.0,321.0
POST0624,ACC04,TikTok,video ,"Jun 09, 2026 07:11 AM",116845.0,139558.0,106704.0,123547,8928.0,1106.0,214.0,1582.0,15.0,3.0,846.0,62,138,3.0,161.0
POST0015,ACC06,YouTube,video,"Apr 26, 2026 05:54 PM",14060.0,,10770.0,15423,583.0,81.0,91.0,49.0,15.0,8.4,141.0,7,23,3.0,320.0
POST0087,ACC01,Instagram,video,2026-02-22 22:51:00,16208.0,4601.0,3375.0,3507,259.0,21.0,26.0,20.0,90.0,33.5,44.0,3,3,13.0,213.0
POST0371,ACC03,TikTok,video,2026-05-22 08:00:00,26230.0,28536.0,,18972,1010.0,153.0,137.0,81.0,60.0,27.0,,9,80,1.0,123.0
POST0166,ACC07,Facebook,image,2026-04-23 16:00:00,69144.0,15407.0,15045.0,0,926.0,97.0,93.0,46.0,,,125.0,7,8,11.0,243.0
POST0873,ACC01,Instagram,image,2026-04-10 14:23:00,17047.0,8646.0,5271.0,0,284.0,30.0,26.0,25.0,,,40.0,1,4,7.0,398.0
POST0336,ACC07,Facebook,carousel,2026-03-15 11:19:00,66415.0,46062.0,43722.0,0,2030.0,219.0,343.0,367.0,,,415.0,24,78,8.0,27.0
POST0060,ACC06,Youtube,video,2026-03-30 17:03:00,13692.0,13848.0,6992.0,7789,311.0,49.0,17.0,26.0,300.0,169.2,70.0,1,6,7.0,17.0
POST0355,ACC08,facebook,image,"Jun 20, 2026 10:32 AM",10030.0,4596.0,4500.0,0,246.0,20.0,8.0,12.0,,,40.0,1,5,8.0,243.0
POST0425,ACC04,TikTok,video,13/03/2026 17:03,103565.0,61439.0,57776.0,46754,4078.0,558.0,483.0,769.0,60.0,13.7,557.0,38,199,11.0,
POST0293,ACC08,Facebook,image,2026-01-17 14:13:00,8157.0,2137.0,2023.0,0,97.0,11.0,14.0,6.0,,,19.0,2,7,1.0,94.0
POST0042,ACC07,Facebook,video,"Feb 24, 2026 11:49 AM",63548.0,42000.0,36005.0,30640,2734.0,218.0,242.0,184.0,60.0,,386.0,21,155,7.0,367.0
POST0330,ACC05,YouTube,video,2026-03-16 19:16:00,34018.0,14357.0,13970.0,11083,1129.0,67.0,52.0,177.0,300.0,82.1,74.0,10,26,7.0,271.0
POST0430,ACC06,YouTube,video,2026-05-25 16:36:00,14585.0,12821.0,8271.0,8619,565.0,34.0,73.0,53.0,30.0,9.0,123.0,7,5,15.0,17.0
POST0080,ACC06,YouTube,video,2026-01-19 12:33:00,12319.0,16312.0,15989.0,12256,1.2K,67.0,114.0,192.0,300.0,169.9,97.0,5,49,1.0,134.0
POST0029,ACC05,YouTube,video,2026-05-29 20:59:00,37178.0,15116.0,14976.0,10797,962.0,76.0,135.0,41.0,180.0,67.5,132.0,7,38,2.0,10.0
POST0255,ACC06,YouTube,Reel,2026-02-12 21:14:00,12748.0,7485.0,5772.0,5065,,33.0,24.0,43.0,300.0,122.8,71.0,4,1,13.0,
POST0745,ACC07,Facebook,image,2026-05-18 20:05:00,71745.0,18119.0,15853.0,0,884.0,115.0,88.0,132.0,,,100.0,1,31,12.0,
POST0459,ACC07,Facebook,video,2026-01-17 17:01:00,61585.0,40956.0,33271.0,33619,1851.0,313.0,276.0,418.0,30.0,18.1,278.0,17,27,3.0,266.0
POST0384,ACC02,Instagram,image,05/06/2026 16:44,59608.0,37787.0,30082.0,0,1682.0,235.0,104.0,154.0,,,519.0,25,38,6.0,76.0
POST0314,ACC03,TikTok ,video,"Jan 25, 2026 06:15 PM",22690.0,35023.0,28728.0,24255,2489.0,360.0,49.0,147.0,60.0,34.8,177.0,8,44,6.0,164.0
POST0085,ACC06,youtube,video,2026-02-05 11:07:00,12815.0,5124.0,4571.0,3773,,46.0,14.0,48.0,30.0,6.5,58.0,1,15,4.0,150.0
POST0575,ACC01,Insta,image,2026-01-22 15:42:00,15664.0,12240.0,8820.0,0,447.0,60.0,53.0,43.0,,,50.0,3,13,5.0,230.0
POST0137,ACC05,YouTube,video ,2026-03-12 18:06:00,34193.0,21228.0,12524.0,14855,711.0,127.0,94.0,109.0,60.0,17.8,193.0,11,8,9.0,372.0
POST0112,ACC07,Facebook,text,31/05/2026 09:17,74154.0,29662.0,14751.0,0,398.0,33.0,15.0,44.0,,,278.0,8,35,9.0,299.0
POST0195,ACC08,Facebook,text,"Jan 20, 2026 08:49 PM",8342.0,2206.0,1154.0,0,31.0,2.0,1.0,5.0,,,35.0,2,3,8.0,50.0
POST0179,ACC08,Facebook,image,2026-01-15 19:23:00,8106.0,1571.0,,0,79.0,3.0,10.0,10.0,,,11.0,0,2,4.0,49.0
POST0877,ACC05,YOUTUBE,video,2026-02-06 10:38:00,32744.0,9396.0,8820.0,7876,319.0,76.0,42.0,129.0,45.0,24.5,,2,43,10.0,280.0
POST0497,ACC01,INSTAGRAM,carousel,2026-01-10 20:44:00,15266.0,7542.0,5578.0,0,205.0,38.0,42.0,,,,83.0,2,26,14.0,224.0
POST0130,ACC06,YouTube,text,2026-03-03 10:14:00,13176.0,4756.0,2706.0,0,95.0,4.0,3.0,1.0,,,40.0,3,5,7.0,233.0
POST0338,ACC03,TikTok,video,2026-02-13 13:27:00,23559.0,20732.0,29024.8,15570,606.0,213.0,153.0,123.0,180.0,134.8,332.0,17,34,0.0,207.0
POST0609,ACC08,Facebook,video,25/05/2026 07:11,9800.0,4702.0,4327.0,3020,216.0,47.0,32.0,15.0,30.0,6.6,57.0,1,17,7.0,301.0
POST0125,ACC07,Facebook,video,23/03/2026 21:14,68260.0,155024.0,44731.0,99187,2461.0,526.0,428.0,543.0,300.0,145.1,1248.0,33,17,14.0,18.0
POST0949,ACC08,Facebook,video,2026-01-03 03:25:00,7948.0,11989.0,7473.0,8416,429.0,74.0,64.0,85.0,300.0,162.9,,10,22,8.0,115.0
POST0227,ACC07,Facebook,text,2026-02-05 06:08:00,62880.0,18894.0,18035.0,0,301.0,90.0,29.0,38.0,,,102.0,5,47,3.0,148.0
POST0269,ACC05,YouTube,video,2026-05-21 12:47:00,37599.0,50772.0,30262.0,29373,2028.0,367.0,85.0,419.0,60.0,24.5,618.0,32,25,8.0,351.0
POST0965,ACC08,Facebook,image,2026-04-22 18:26:00,9386.0,4332.0,3682.0,0,165.0,29.0,7.0,36.0,,,45.0,1,9,5.0,216.0
POST0485,ACC04,TikTok,video,2026-05-31 17:34:00,116482.0,95834.0,76824.0,64836,4464.0,424.0,581.0,657.0,15.0,3.2,608.0,57,140,11.0,182.0
POST0104,ACC01,Instagram,carousel,2026-03-12 20:35:00,16666.0,5344.0,5145.0,0,413.0,21.0,42.0,34.0,,,54.0,1,11,3.0,44.0
POST0594,ACC08,Facebook,carousel,2026-02-25 15:33:00,8621.0,3986.0,3409.0,0,136.0,17.0,8.0,25.0,,,51.0,2,5,3.0,
POST0844,ACC01,Instagram,video,02/01/2026 04:00,15003.0,8372.0,6299.0,5224,421.0,32.0,27.0,53.0,60.0,,73.0,6,13,15.0,284.0
POST0652,ACC06,YouTube,video,2026-03-01 22:39:00,13109.0,4307.0,3429.0,3441,168.0,13.0,23.0,54.0,30.0,5.9,,0,3,2.0,311.0
POST0228,ACC05,YouTube,video ,16/05/2026 15:43,37065.0,23222.0,21797.0,17866,1508.0,168.0,174.0,113.0,90.0,38.9,316.0,21,42,3.0,378.0
POST0875,ACC06,YouTube,video,2026-01-28 09:14:00,12514.0,6064.0,5982.0,4970,433.0,36.0,37.0,69.0,45.0,11.2,51.0,3,18,12.0,370.0
POST0302,ACC07,Facebook,video,2026-02-01 17:40:00,63121.0,41205.0,23495.0,33598,2112.0,299.0,174.0,334.0,15.0,5.9,287.0,9,65,15.0,282.0
POST0276,ACC04,TikTok,video,2026-06-02 09:51:00,114937.0,47158.0,28634.0,40955,2100.0,197.0,178.0,339.0,15.0,12.6,619.0,26,42,5.0,385.0
POST0127,ACC01,Instagram,video,"May 29, 2026 04:34 AM",18514.0,10751.0,9992.0,6333,616.0,43.0,,107.0,180.0,78.5,76.0,1,50,2.0,199.0
POST0406,ACC05,YouTube,video,2026-06-28 08:03:00,38909.0,34626.0,23197.0,19817,1844.0,168.0,241.0,135.0,90.0,62.1,264.0,16,41,5.0,39.0
POST0881,ACC01,instagram,carousel,2026-05-12 12:51:00,,9960.0,6430.0,0,449.0,35.0,22.0,29.0,,,79.0,8,5,8.0,34.0
POST0037,ACC07,Facebook,video,2026-04-26 15:15:00,70849.0,74875.0,69348.0,46936,5103.0,588.0,143.0,371.0,30.0,13.6,391.0,11,53,2.0,299.0
POST0140,ACC04,TikTok ,video,14/06/2026 08:18,117143.0,89652.0,74524.0,69448,5841.0,556.0,363.0,657.0,30.0,22.0,1331.0,76,188,12.0,80.0
POST0304,ACC08,FB,video,2026-04-13 20:19:00,9046.0,3964.0,3762.0,2700,239.0,28.0,6.0,48.0,300.0,198.5,28.0,1,11,7.0,225.0
POST0268,ACC03,TikTok,video,2026-05-21 11:32:00,26976.0,23995.0,15294.0,16879,1003.0,113.0,30.0,78.0,180.0,54.6,246.0,15,43,6.0,238.0
POST0534,ACC03,TikTok,image,"Mar 22, 2026 08:48 PM",24583.0,14125.0,,0,442.0,38.0,31.0,28.0,,,200.0,4,21,9.0,19.0
POST0546,ACC01,Instagram,image,12/01/2026 20:11,15210.0,2353.0,2086.0,0,120.0,16.0,9.0,22.0,,,18.0,1,6,7.0,382.0
POST0213,ACC07,Facebook,image,2026-02-18 20:48:00,64370.0,24956.0,24418.0,0,746.0,150.0,157.0,238.0,,,230.0,4,51,13.0,52.0
POST0469,ACC02,Instagram,image,"Mar 11, 2026 02:34 PM",52799.0,18331.0,14197.0,0,469.0,71.0,62.0,142.0,,,186.0,12,25,3.0,192.0
POST0199,ACC03,TikTok,image,24/05/2026 11:36,26850.0,19721.0,11042.0,0,671.0,28.0,61.0,82.0,,,,17,34,3.0,86.0
POST0528,ACC02,Instagram,carousel,24/05/2026 09:16,59340.0,18018.0,17890.0,0,1387.0,91.0,,88.0,,,109.0,5,71,14.0,1.0
POST0916,ACC04,TIKTOK,image,2026-01-09 09:30:00,97767.0,55480.0,50673.0,0,2383.0,376.0,206.0,185.0,,,366.0,9,206,1.0,292.0
POST0242,ACC05,YouTube,video,"Feb 10, 2026 02:54 PM",32608.0,18147.0,15254.0,14757,779.0,200.0,70.0,118.0,15.0,4.9,157.0,6,56,5.0,156.0
POST0343,ACC05,YouTube,video,2026-06-14 12:16:00,38569.0,21511.0,20335.0,17438,1357.0,140.0,134.0,126.0,45.0,10.2,95.0,9,80,2.0,116.0
POST0550,ACC06,YouTube,video,04/01/2026 09:29,,37414.0,17173.0,21922,934.0,113.0,160.0,69.0,300.0,203.0,262.0,6,29,13.0,
POST0387,ACC01,Instagram,image,2026-02-25 15:08:00,16205.0,6149.0,5393.0,0,328.0,29.0,,60.0,,,47.0,2,9,7.0,68.0
POST0850,ACC05,YT,video,05/01/2026 21:57,31065.0,10135.0,8127.0,7853,530.0,101.0,53.0,98.0,45.0,20.7,109.0,6,8,15.0,176.0
POST0207,ACC07,Facebook,video,11/06/2026 13:50,74743.0,31188.0,29544.0,26084,2590.0,374.0,124.0,199.0,180.0,43.0,327.0,13,97,6.0,295.0
POST0296,ACC05,YOUTUBE,video,2026-03-03 07:57:00,33301.0,14622.0,11973.0,11200,707.0,101.0,106.0,89.0,60.0,33.7,209.0,6,22,7.0,89.0
POST0851,ACC08,Facebook,image,2026-06-03 11:01:00,9996.0,4346.0,3148.0,0,93.0,33.0,21.0,7.0,,,42.0,2,3,1.0,243.0
POST0074,ACC02, Instagram ,carousel,2026-02-10 21:49:00,50690.0,21256.0,18625.0,0,873.0,92.0,47.0,224.0,,,186.0,2,61,10.0,88.0
POST0741,ACC07,Facebook,IMAGE,2026-04-27 22:12:00,70834.0,23630.0,22127.0,0,1133.0,103.0,133.0,191.0,,,256.0,20,64,7.0,5.0
POST0105,ACC07,Facebook,image,2026-02-19 13:32:00,63567.0,49480.0,24477.0,0,1437.0,,86.0,204.0,,,320.0,20,38,13.0,280.0
POST0684,ACC08,Facebook,image,2026-01-15 19:45:00,8124.0,2564.0,1352.0,0,87.0,7.0,7.0,10.0,,,32.0,1,2,9.0,50.0
POST0944,ACC04,TikTok,video,2026-02-24 18:05:00,102948.0,113122.0,74828.0,95178,6126.0,773.0,702.0,554.0,15.0,3.8,573.0,16,310,2.0,
POST0953,ACC05,YouTube,video,2026-06-25 08:10:00,38552.0,28270.0,18433.0,24615,1080.0,224.0,76.0,143.0,15.0,7.4,349.0,19,40,15.0,373.0
POST0017,ACC05,YouTube,video,10/01/2026 10:44,31411.0,24139.0,13248.0,20690,663.0,111.0,64.0,212.0,15.0,11.8,128.0,10,27,8.0,355.0
POST0440,ACC04,TikTok,video,2026-03-02 21:40:00,103968.0,143911.0,95566.0,92273,4374.0,486.0,728.0,,60.0,23.0,958.0,33,142,0.0,236.0
POST0092,ACC07,Facebook ,text ,2026-05-12 10:49:00,70776.0,18922.0,17133.0,0,417.0,51.0,69.0,59.0,,,214.0,6,67,6.0,271.0
POST0089,ACC07,Facebook,image,2026-04-06 07:45:00,68394.0,21228.0,15125.0,0,905.0,139.0,76.0,89.0,,,231.0,11,29,5.0,333.0
POST0451,ACC08,Facebook,image,2026-03-05 07:37:00,8840.0,1886.0,1702.0,0,85.0,14.0,1.0,7.0,,,14.0,1,1,6.0,178.0
POST0103,ACC07,Facebook,video,2026-01-27 11:39:00,63023.0,34394.0,30727.0,25101,1186.0,247.0,138.0,252.0,45.0,17.9,160.0,7,42,1.0,250.0
POST0239,ACC03,TikTok ,video,2026-02-04 08:05:00,23304.0,25341.0,11235.0,17392,665.0,133.0,32.0,92.0,15.0,6.1,273.0,19,25,6.0,360.0
POST0717,ACC05,YouTube,video,"Jan 18, 2026 10:47 AM",31530.0,16976.0,16964.0,15173,1206.0,107.0,116.0,244.0,45.0,18.4,221.0,13,17,12.0,367.0
POST0247,ACC07,FB,image,2026-06-15 07:05:00,75742.0,,27042.0,0,1484.0,242.0,151.0,222.0,,,324.0,7,80,4.0,228.0
POST0709,ACC04,tiktok,video,2026-06-24 19:19:00,119321.0,80727.0,59488.0,71411,3129.0,712.0,409.0,515.0,15.0,4.5,510.0,13,131,14.0,152.0
POST0158,ACC05,YouTube,video,2026-01-11 11:13:00,31049.0,35614.0,30272.0,27419,2546.0,206.0,73.0,120.0,90.0,43.0,393.0,4,87,0.0,176.0
POST0480,ACC01,Instagram,video,2026-02-12 17:38:00,15816.0,5341.0,4207.0,3943,277.0,35.0,23.0,29.0,300.0,64.9,75.0,1,6,8.0,172.0
POST0646,ACC03,TikTok,video,2026-03-22 15:32:00,24612.0,19043.0,12053.0,11343,695.0,66.0,29.0,170.0,180.0,38.5,143.0,9,19,,357.0
POST0921,ACC07,Facebook,text,2026-04-20 08:37:00,69502.0,6587.0,6057.0,0,142.0,9.0,14.0,11.0,,,,3,23,11.0,364.0
POST0815,ACC07,Facebook ,image,2026-03-02 09:16:00,65381.0,86033.0,62472.0,0,2661.0,282.0,73.0,218.0,,,509.0,37,224,5.0,33.0
POST0019,ACC07,Facebook,carousel,2026-06-27 23:06:00,74754.0,149605.0,66360.0,0,5072.0,422.0,518.0,777.0,,,653.0,8,101,9.0,311.0
POST0701,ACC05,YouTube,text,2026-03-29 17:20:00,34969.0,8394.0,6938.0,0,196.0,11.0,10.0,9.0,,,110.0,9,16,8.0,119.0
POST0122,ACC06,YouTube,video,2026-01-20 20:42:00,12224.0,7613.0,7550.0,4476,611.0,44.0,67.0,49.0,60.0,34.6,64.0,5,17,14.0,387.0
POST0827,ACC06,YouTube,image,2026-02-11 17:23:00,12774.0,7350.0,4313.0,0,123.0,21.0,,49.0,,,79.0,5,16,0.0,237.0
POST0700,ACC01,Instagram,carousel,2026-05-02 14:43:00,17330.0,,,0,466.0,71.0,31.0,47.0,,,76.0,7,4,14.0,317.0
POST0275,ACC04,tiktok,video,2026-06-01 12:10:00,116198.0,40883.0,40143.0,30943,2669.0,475.0,62.0,426.0,45.0,27.8,493.0,13,110,13.0,29.0
POST0434,ACC02, Instagram ,video,2026-02-22 21:40:00,51900.0,84728.0,69618.0,68876,3398.0,402.0,453.0,278.0,300.0,257.0,987.0,39,106,3.0,110.0
POST0888,ACC02,Instagram,image,2026-04-12 13:41:00,55890.0,32877.0,27895.0,0,848.0,103.0,170.0,190.0,,,410.0,31,41,5.0,328.0
POST0312,ACC06,YouTube,video,14/05/2026 09:18,14475.0,27897.0,14318.0,20769,713.0,189.0,112.0,96.0,30.0,19.5,333.0,14,52,1.0,279.0
POST0761,ACC02,Instagram,image,21/02/2026 00:11,52198.0,25694.0,23776.0,0,1397.0,158.0,101.0,140.0,,,210.0,5,21,15.0,243.0
POST0826,ACC01,Instagram,carousel,11/01/2026 16:38,15097.0,4849.0,4469.0,0,213.0,33.0,23.0,46.0,,,34.0,0,6,12.0,347.0
POST0547,ACC04,TikTok,video ,2026-04-26 08:17:00,111035.0,98181.0,,58257,3542.0,646.0,189.0,224.0,30.0,14.6,1385.0,95,55,1.0,167.0
POST0182,ACC02,Instagram,image,2026-04-16 03:58:00,54902.0,17090.0,12733.0,0,357.0,75.0,69.0,92.0,,,210.0,11,39,1.0,238.0
POST0185,ACC04,TikTok,video,"Mar 31, 2026 05:18 PM",108681.0,127360.0,81559.0,84343,6614.0,346.0,333.0,1014.0,60.0,27.4,1032.0,44,266,12.0,254.0
POST0407,ACC04,TikTok,video,"May 15, 2026 08:46 PM",113061.0,237710.0,224967.0,148213,20272.0,,332.0,1229.0,15.0,9.3,n/a,96,369,5.0,210.0
POST0607,ACC03,TikTok,video,2026-01-31 18:16:00,23062.0,17894.0,16816.0,14658,1524.0,94.0,150.0,140.0,45.0,18.2,135.0,4,22,1.0,306.0
POST0693,ACC08,Facebook,carousel,2026-04-19 13:28:00,9235.0,2676.0,2304.0,0,111.0,17.0,3.0,22.0,,,19.0,1,1,7.0,103.0
POST0521,ACC03,TikTok ,text,2026-02-09 22:51:00,23004.0,6821.0,3767.0,0,63.0,4.0,2.0,15.0,,,,1,8,12.0,114.0
POST0381,ACC01,Instagram,image,2026-02-11 05:24:00,15878.0,6765.0,5548.0,0,274.0,22.0,36.0,60.0,,,82.0,5,16,5.0,216.0
POST0411,ACC02,Instagram,image,2026-05-16 20:46:00,57937.0,28733.0,23930.0,0,968.0,114.0,151.0,152.0,,,373.0,24,99,0.0,117.0
POST0635,ACC02,Instagram,image,14/06/2026 03:10,60663.0,32381.0,30808.0,0,1095.0,111.0,143.0,,,,383.0,21,20,9.0,288.0
POST0370,ACC07,Facebook,carousel,20/03/2026 06:22,66702.0,30170.0,29819.0,0,,211.0,78.0,72.0,,,359.0,18,36,1.0,205.0
POST0805,ACC06,YouTube,video,"Apr 12, 2026 07:56 PM",13670.0,5406.0,2900.0,3479,181.0,21.0,19.0,23.0,30.0,10.4,49.0,2,4,12.0,297.0
POST0974,ACC04,TikTok,video,2026-04-30 08:11:00,111415.0,88403.0,77663.0,63539,3135.0,517.0,141.0,553.0,60.0,45.9,694.0,24,232,13.0,286.0
POST0749,ACC03,TikTok,video,2026-06-13 01:34:00,27186.0,19827.0,14068.0,16331,785.0,144.0,96.0,196.0,60.0,27.7,171.0,6,5,14.0,244.0
POST0079,ACC05,YouTube,video,21/01/2026 08:52,31758.0,25241.0,20705.0,19981,1761.0,259.0,191.0,227.0,90.0,33.7,335.0,18,40,5.0,348.0
POST0574,ACC01,Instagram,image,03/02/2026 10:33,15853.0,12475.0,10877.0,0,376.0,59.0,32.0,89.0,,,182.0,7,25,5.0,56.0
POST0638,ACC03,TikTok,text,2026-06-28 10:42:00,28005.0,4509.0,4346.0,0,133.0,6.0,6.0,14.0,,,48.0,4,2,14.0,282.0
POST0608,ACC05,YouTube,video,"Mar 18, 2026 08:33 PM",34446.0,33049.0,21245.0,25998,,272.0,90.0,119.0,30.0,12.7,410.0,13,18,13.0,17.0
POST0789,ACC05,YouTube,video,2026-03-21 18:19:00,35038.0,50067.0,31316.0,40799,1782.0,213.0,81.0,327.0,30.0,21.1,697.0,46,130,1.0,270.0
POST0981,ACC05,YouTube,video,03/06/2026 08:08,38038.0,21693.0,12984.0,13299,605.0,161.0,124.0,163.0,45.0,13.9,215.0,8,16,8.0,293.0
POST0822,ACC06,YouTube,video,"Apr 07, 2026 06:19 AM",13841.0,,19724.0,13113,809.0,154.0,157.0,51.0,300.0,156.6,235.0,12,60,7.0,30.0
POST0915,ACC05,YouTube,video,09/05/2026 16:32,36800.0,16752.0,14422.0,10707,1294.0,119.0,82.0,179.0,180.0,53.8,249.0,22,59,0.0,371.0
POST0417,ACC08,Facebook,video,"Feb 13, 2026 11:03 PM",8488.0,1460.0,1417.0,965,112.0,17.0,9.0,6.0,300.0,213.6,15.0,2,2,2.0,309.0
POST0738,ACC03,TikTok,Video,2026-02-05 10:48:00,23451.0,9021.0,7057.0,7043,651.0,96.0,61.0,100.0,15.0,3.1,107.0,6,12,9.0,23.0
POST0562,ACC01,Instagram,video,2026-01-31 17:07:00,15793.0,5488.0,3989.0,3998,219.0,32.0,44.0,57.0,45.0,13.1,75.0,2,2,13.0,191.0
POST0068,ACC03,TikTok,video,2026-03-12 02:09:00,24334.0,11298.0,7059.0,6846,352.0,34.0,56.0,23.0,15.0,6.2,64.0,6,11,3.0,
POST0537,ACC04,TikTok,Video,2026-04-26 21:17:00,109611.0,90991.0,127387.4,65418,2470.0,219.0,236.0,442.0,180.0,53.7,674.0,18,22,2.0,384.0
POST0078,ACC02,Instagram,video,2026-04-12 16:32:00,55813.0,45828.0,38945.0,32234,1583.0,459.0,116.0,317.0,30.0,14.1,247.0,15,91,11.0,243.0
POST0106,ACC07,Facebook,text,2026-02-14 16:06:00,64351.0,18214.0,15282.0,0,237.0,52.0,28.0,52.0,,,77.0,5,47,3.0,163.0
POST0530,ACC08,FACEBOOK,text,2026-03-15 15:19:00,8904.0,2383.0,2172.0,0,59.0,11.0,6.0,18.0,,,24.0,0,5,8.0,369.0
POST0821,ACC01,Instagram,video,04/02/2026 20:41,15923.0,8656.0,8045.0,7145,558.0,34.0,65.0,90.0,60.0,16.9,77.0,5,12,9.0,207.0
POST0639,ACC07,Facebook,image,2026-04-13 18:34:00,68600.0,23500.0,17702.0,0,669.0,60.0,48.0,103.0,,,135.0,7,51,12.0,128.0
POST0560,ACC07,Facebook,video,2026-02-17 17:09:00,63745.0,87717.0,60077.0,59970,3569.0,306.0,208.0,699.0,15.0,10.1,816.0,39,159,11.0,272.0
POST0756,ACC04,TikTok,Image,"Mar 07, 2026 07:01 PM",104170.0,69156.0,33502.0,0,1119.0,,91.0,62.0,,,N/A,8,74,4.0,383.0
POST0691,ACC08,FACEBOOK,video,"Apr 06, 2026 08:08 PM",9162.0,19029.0,9345.0,16947,472.0,44.0,49.0,87.0,45.0,10.8,170.0,12,14,,377.0
POST0859,ACC06,YouTube,video,2026-03-22 20:31:00,13350.0,7339.0,6032.0,5415,302.0,53.0,51.0,35.0,60.0,38.1,,3,22,7.0,245.0
POST0977,ACC01, Instagram ,video,14/01/2026 11:52,15156.0,11643.0,9975.0,10097,457.0,103.0,53.0,124.0,180.0,99.8,146.0,17,34,0.0,395.0
POST0861,ACC08,Facebook,video,2026-01-13 09:33:00,8239.0,3836.0,3286.0,2750,161.0,38.0,15.0,48.0,30.0,23.0,13.0,1,7,0.0,186.0
POST0736,ACC06,YouTube,image,14/03/2026 14:42,13399.0,6984.0,5379.0,0,,15.0,5.0,58.0,,,85.0,7,11,1.0,257.0
POST0954,ACC04,Tik Tok,image,2026-02-05 18:33:00,100104.0,70268.0,64350.0,0,2969.0,191.0,201.0,662.0,,,543.0,26,265,,363.0
POST0491,ACC08,Facebook,image,2026-05-09 20:32:00,9420.0,6333.0,4873.0,0,270.0,38.0,,35.0,,,64.0,4,7,5.0,150.0
POST0954,ACC04,Tik Tok,image,2026-02-05 18:33:00,100104.0,70268.0,64350.0,0,2969.0,191.0,201.0,662.0,,,543.0,26,265,,363.0
POST0835,ACC07,Facebook,image,27/02/2026 07:52,66035.0,19669.0,14443.0,0,773.0,82.0,57.0,65.0,,,N/A,7,43,6.0,230.0
POST0606,ACC05,YouTube,image,2026-01-13 17:18:00,31651.0,8350.0,8219.0,0,267.0,55.0,11.0,35.0,,,101.0,5,35,2.0,1.0
POST0364,ACC08,Facebook,carousel,2026-02-16 08:50:00,8520.0,5579.0,3878.0,0,188.0,21.0,,20.0,,,25.0,5,11,5.0,373.0
POST0070,ACC04,TikTok,video,"Mar 09, 2026 07:36 PM",106560.0,67148.0,37305.0,57003,2112.0,471.0,377.0,199.0,45.0,21.1,518.0,17,52,5.0,30.0
POST0549,ACC05,YouTube,video,2026-02-06 16:20:00,32746.0,19763.0,19556.0,15199,950.0,121.0,95.0,130.0,300.0,78.9,243.0,14,61,15.0,393.0
POST0161,ACC08,Facebook,video,2026-04-01 09:07:00,9222.0,8204.0,7794.0,4586,682.0,89.0,29.0,106.0,60.0,32.9,70.0,6,9,3.0,78.0
POST0012,ACC08,Facebook,image,2026-02-13 12:47:00,8544.0,3660.0,3659.0,0,185.0,24.0,8.0,25.0,,,24.0,0,4,13.0,182.0
POST0145,ACC08,Facebook,carousel,19/02/2026 01:50,8619.0,,2753.0,0,117.0,17.0,24.0,27.0,,,30.0,0,3,3.0,160.0
POST0518,ACC01,Instagram,image,2026-05-13 19:35:00,17896.0,4319.0,3409.0,0,176.0,25.0,11.0,4.0,,,26.0,4,9,4.0,362.0
POST0428,ACC07,Facebook,video,2026-06-23 09:04:00,74772.0,45919.0,28051.0,37305,1545.0,132.0,49.0,90.0,60.0,15.0,404.0,27,85,15.0,94.0
POST0640,ACC08,Facebook,Video,2026-02-15 12:42:00,8640.0,6682.0,5763.0,4417,258.0,64.0,36.0,45.0,90.0,20.6,75.0,2,16,5.0,171.0
POST0177,ACC06,YouTube,video,25/03/2026 07:26,13711.0,9329.0,8593.0,7905,531.0,103.0,57.0,124.0,180.0,82.3,40.0,6,17,5.0,331.0
POST0441,ACC08,Facebook,carousel ,24/05/2026 18:20,9742.0,3125.0,2622.0,0,138.0,27.0,7.0,37.0,,,15.0,1,5,15.0,124.0
POST0522,ACC02,Insta,video,"Apr 10, 2026 01:44 PM",54349.0,52879.0,45569.0,29107,3883.0,349.0,360.0,282.0,300.0,97.6,667.0,39,201,8.0,114.0
POST0862,ACC08,Facebook,carousel,23/03/2026 14:41,9035.0,2706.0,2541.0,0,146.0,13.0,13.0,29.0,,,32.0,5,6,12.0,176.0
POST0932,ACC06,YouTube,video,2026-01-16 21:51:00,12404.0,6342.0,4459.0,4512,365.0,45.0,38.0,46.0,30.0,10.1,38.0,3,6,11.0,158.0
POST0689,ACC04,tiktok,video,31/03/2026 07:07,108316.0,26866.0,26404.0,14830,1559.0,141.0,79.0,434.0,30.0,14.5,384.0,33,46,4.0,361.0
POST0232,ACC07,Facebook,video,2026-05-19 21:00:00,74171.0,60687.0,51223.0,46658,3813.0,416.0,,230.0,90.0,38.7,435.0,13,34,11.0,279.0
POST0211,ACC03,TikTok,image,"Mar 14, 2026 07:13 PM",24533.0,17209.0,9055.0,0,383.0,60.0,17.0,22.0,,,204.0,8,35,8.0,214.0
POST0641,ACC06,YouTube,video,22/02/2026 20:33,12983.0,22335.0,11596.0,15871,1024.0,102.0,15.0,91.0,60.0,37.6,252.0,22,38,4.0,6.0
POST0144,ACC04,TikTok,video,"Feb 03, 2026 05:16 PM",100775.0,72433.0,61759.0,57008,4953.0,540.0,562.0,608.0,60.0,39.8,379.0,24,190,6.0,268.0
POST0754,ACC08,Facebook,image,2026-03-31 13:16:00,9100.0,3459.0,2833.0,0,90.0,9.0,15.0,11.0,,,22.0,1,7,6.0,11.0
POST0520,ACC05,Youtube,video,2026-02-23 17:08:00,33222.0,11992.0,11437.0,10002,1008.0,103.0,68.0,146.0,180.0,109.6,146.0,1,45,8.0,178.0
POST0356,ACC08,Facebook,video,03/04/2026 23:05,9230.0,7715.0,6150.0,6195,263.0,28.0,18.0,68.0,180.0,53.6,72.0,2,7,1.0,340.0
POST0299,ACC03,TikTok,video,09/03/2026 18:17,23791.0,13225.0,10696.0,9611,500.0,119.0,55.0,127.0,45.0,38.6,122.0,5,19,14.0,
POST0429,ACC01,Instagram,carousel,2026-06-15 07:48:00,18870.0,9099.0,8690.0,0,440.0,71.0,60.0,17.0,,,52.0,2,21,0.0,164.0
POST0613,ACC07,Facebook,carousel,2026-01-28 06:09:00,62207.0,23712.0,15105.0,0,625.0,,119.0,52.0,,,343.0,17,16,1.0,17.0
POST0919,ACC03,TikTok,text,2026-03-27 07:28:00,24773.0,9804.0,6462.0,0,209.0,35.0,8.0,16.0,,,113.0,6,7,6.0,389.0
POST0927,ACC05,YouTube,text,2026-02-10 22:42:00,32774.0,9061.0,7787.0,0,279.0,12.0,27.0,44.0,,,40.0,2,31,6.0,
POST0009,ACC02,Instagram,carousel,13/01/2026 19:40,48392.0,17443.0,14801.0,0,792.0,122.0,33.0,46.0,,,144.0,7,22,6.0,222.0
POST0157,ACC02,Instagram,video,2026-05-19 12:22:00,58159.0,39082.0,29640.0,26133,1212.0,249.0,83.0,452.0,180.0,108.0,518.0,20,35,2.0,368.0
POST0540,ACC01,Instagram,image,2026-06-17 17:08:00,18477.0,4730.0,4402.0,0,219.0,27.0,17.0,23.0,,,39.0,1,11,0.0,344.0
POST0507,ACC05,YT,video,2026-06-21 08:12:00,38514.0,33880.0,27690.0,24784,2290.0,303.0,69.0,79.0,90.0,5.8,476.0,16,65,,190.0
POST0437,ACC05,YouTube,video,05/04/2026 16:33,35077.0,5568.0,4759.0,4054,320.0,53.0,34.0,68.0,300.0,202.2,38.0,6,7,11.0,59.0
POST0267,ACC04,TikTok,video,15/02/2026 08:44,101145.0,68887.0,54590.0,59828,2434.0,680.0,225.0,533.0,300.0,86.9,981.0,70,115,6.0,371.0
POST0462,ACC02,Instagram,text,2026-04-22 18:04:00,57192.0,26992.0,26665.0,0,463.0,86.0,57.0,38.0,,,174.0,11,32,2.0,241.0
POST0577,ACC08,Facebook,image,"Jan 13, 2026 10:47 PM",8251.0,2034.0,1916.0,0,86.0,8.0,8.0,8.0,,,25.0,1,4,14.0,334.0
POST0339,ACC02,Instagram,image,2026-02-22 17:03:00,51671.0,20752.0,12944.0,0,429.0,42.0,71.0,58.0,,,210.0,11,30,3.0,338.0
POST0256,ACC02,Instagram,carousel,2026-06-23 10:39:00,61678.0,32690.0,25779.0,0,1210.0,182.0,88.0,83.0,,,214.0,2,35,7.0,170.0
POST0799,ACC03,TikTok,video,2026-02-18 20:12:00,23562.0,50168.0,23837.0,43633,1564.0,202.0,82.0,144.0,300.0,,259.0,18,84,6.0,395.0
POST0841,ACC03,TikTok,text,19/02/2026 04:43,23625.0,16743.0,7203.0,0,102.0,22.0,12.0,21.0,,,137.0,4,2,2.0,172.0
POST0666,ACC06,YouTube,video,30/06/2026 13:25,15265.0,5966.0,5919.0,5368,237.0,32.0,21.0,66.0,30.0,8.9,100.0,1,21,8.0,352.0
POST0561,ACC05,youtube,video,2026-06-25 17:00:00,38724.0,30519.0,22302.0,20265,1581.0,222.0,80.0,103.0,300.0,178.7,338.0,19,19,4.0,395.0
POST0209,ACC03,TikTok ,Reel,"Feb 26, 2026 10:30 AM",23981.0,16295.0,11906.0,10556,1079.0,98.0,32.0,84.0,300.0,194.0,220.0,14,27,10.0,160.0
POST0288,ACC05,YOUTUBE,video,2026-06-12 19:15:00,39271.0,53122.0,32107.0,38818,2181.0,249.0,246.0,251.0,180.0,32.0,772.0,9,45,4.0,12.0
POST0002,ACC07,Facebook,carousel,2026-01-18 22:20:00,60585.0,41810.0,35429.0,0,,125.0,66.0,166.0,,,321.0,21,110,1.0,88.0
POST0342,ACC03,TikTok,video,2026-02-08 06:11:00,23409.0,21742.0,17771.0,16676,973.0,108.0,110.0,167.0,30.0,12.1,208.0,16,66,7.0,263.0
POST0270,ACC05,YouTube,video,2026-04-21 16:55:00,35629.0,48199.0,44840.0,39984,2906.0,455.0,69.0,,45.0,21.9,509.0,21,60,13.0,163.0
POST0266,ACC05,YouTube,video,2026-05-07 20:27:00,36383.0,25342.0,12165.0,20833,759.0,43.0,,52.0,30.0,23.0,352.0,22,20,9.0,323.0
POST0808,ACC01,Instagram,video,"Apr 15, 2026 03:40 PM",17398.0,22664.0,19803.0,17591,1102.0,223.0,82.0,336.0,180.0,98.5,131.0,12,37,6.0,183.0
POST0814,ACC03,TikTok ,Video,2026-05-27 12:20:00,27450.0,40141.0,23852.0,28488,1105.0,,215.0,161.0,45.0,14.3,463.0,22,37,12.0,43.0
POST0096,ACC03,tiktok,video,01/06/2026 21:14,27540.0,14784.0,10718.0,12009,743.0,122.0,86.0,112.0,15.0,12.6,74.0,5,51,3.0,20.0
POST0959,ACC08,Facebook,image,"Apr 10, 2026 12:44 PM",9240.0,4571.0,2986.0,0,81.0,16.0,16.0,19.0,,,30.0,1,2,13.0,127.0
POST0043,ACC06,YouTube,video ,2026-03-04 08:11:00,13133.0,6783.0,5861.0,3929,460.0,69.0,,58.0,15.0,6.0,99.0,6,23,8.0,388.0
POST0869,ACC04,TikTok,video,02/02/2026 12:08,99482.0,120070.0,65272.0,82190,3042.0,379.0,,883.0,180.0,92.4,769.0,39,199,3.0,29.0
POST0724,ACC01,Instagram,video,"Apr 08, 2026 11:44 PM",16979.0,16039.0,13676.0,11708,892.0,86.0,116.0,188.0,30.0,16.9,126.0,7,25,13.0,338.0
POST0966,ACC05,YouTube,image,19/06/2026 14:19,38526.0,34412.0,18433.0,0,1021.0,83.0,94.0,102.0,,,372.0,17,14,11.0,68.0
POST0629,ACC05,YouTube,video,25/02/2026 21:19,33340.0,44260.0,43128.0,38229,2085.0,514.0,406.0,430.0,30.0,16.3,245.0,24,42,4.0,308.0
POST0046,ACC08,Facebook,video,2026-05-21 15:42:00,9686.0,9402.0,5212.0,7490,412.0,32.0,32.0,71.0,90.0,,103.0,9,18,14.0,253.0
POST0162,ACC06,YouTube,image,2026-04-24 19:42:00,14008.0,7446.0,7056.0,0,362.0,55.0,43.0,65.0,,,58.0,7,14,6.0,44.0
POST0728,ACC01,Instagram,video ,2026-02-09 03:05:00,16007.0,9885.0,9208.0,8257,468.0,88.0,26.0,97.0,180.0,22.7,130.0,7,8,14.0,375.0
POST0630,ACC03,TikTok,VIDEO,17/05/2026 22:08,26156.0,11033.0,7529.0,7546,,28.0,25.0,51.0,90.0,16.7,148.0,3,5,14.0,200.0
POST0289,ACC05,YouTube,image,2026-04-04 05:09:00,35004.0,17312.0,12147.0,0,483.0,104.0,104.0,50.0,,,155.0,5,47,10.0,360.0
POST0590,ACC07,Facebook,text,07/01/2026 03:28,60038.0,11434.0,11167.0,0,204.0,39.0,44.0,42.0,,,70.0,6,44,8.0,153.0
POST0885,ACC07,Facebook,carousel ,2026-06-22 19:43:00,74883.0,28361.0,27553.0,0,1781.0,118.0,83.0,186.0,,,311.0,14,27,4.0,75.0
POST0943,ACC08,Facebook,text,2026-01-04 16:40:00,8039.0,1848.0,1578.0,0,31.0,5.0,5.0,10.0,,,22.0,2,5,12.0,165.0
POST0576,ACC03,TikTok,video,10/03/2026 12:55,24232.0,25251.0,18128.0,16304,1645.0,170.0,,,15.0,3.1,152.0,10,30,5.0,384.0
POST0316,ACC06,YouTube,VIDEO,"Jan 30, 2026 06:42 AM",12556.0,3752.0,2182.0,2711,198.0,20.0,11.0,8.0,15.0,4.7,41.0,1,5,13.0,189.0
POST0231,ACC04,TikTok,text,2026-06-21 07:19:00,120523.0,30335.0,29750.0,0,726.0,143.0,,143.0,,,377.0,16,21,15.0,254.0
POST0699,ACC01,Instagram,image,"Apr 04, 2026 04:05 PM",17076.0,4598.0,4302.0,0,291.0,28.0,11.0,44.0,,,39.0,0,2,5.0,40.0
POST0818,ACC01,Instagram,image,2026-04-06 16:35:00,17075.0,6559.0,4921.0,0,202.0,38.0,36.0,33.0,,,45.0,4,15,4.0,119.0
POST0712,ACC05,YouTube,video,2026-04-17 20:56:00,36238.0,12423.0,7680.0,9897,330.0,87.0,18.0,84.0,45.0,,157.0,5,8,4.0,320.0
POST0077,ACC03,TikTok,video,2026-02-19 14:54:00,23517.0,10662.0,6141.0,9388,,32.0,29.0,,300.0,39.1,107.0,6,10,13.0,240.0
POST0634,ACC04,TikTok,Video,2026-04-28 19:35:00,114173.0,61903.0,50265.0,42695,2046.0,424.0,205.0,641.0,300.0,181.3,323.0,24,53,15.0,
POST0964,ACC02, Instagram ,video,2026-01-11 20:19:00,49218.0,13944.0,11350.0,8840,912.0,128.0,80.0,155.0,15.0,7.4,164.0,7,30,5.0,178.0
POST0248,ACC04,tiktok,video,2026-05-20 21:36:00,114002.0,89762.0,61194.0,52457,3813.0,602.0,600.0,,300.0,67.9,1307.0,108,183,13.0,11.0
POST0477,ACC07,Facebook,video,2026-05-20 05:29:00,72442.0,21334.0,16588.0,14691,850.0,80.0,151.0,94.0,300.0,169.0,319.0,11,61,11.0,55.0
POST0671,ACC08,Facebook,video,2026-05-15 18:27:00,9617.0,2114.0,1624.0,1869,93.0,11.0,7.0,15.0,30.0,22.6,16.0,1,4,14.0,264.0
POST0086,ACC06,Youtube,image ,2026-03-13 14:12:00,13166.0,6196.0,5353.0,0,213.0,29.0,22.0,47.0,,,35.0,2,7,14.0,391.0
POST0470,ACC08,Facebook,video,21/04/2026 19:17,9304.0,7512.0,7198.0,4889,408.0,62.0,43.0,94.0,15.0,8.1,59.0,4,4,8.0,68.0
POST0226,ACC03,TikTok,video,2026-02-10 20:10:00,23901.0,11535.0,11214.0,7601,888.0,114.0,82.0,133.0,180.0,93.7,95.0,2,10,1.0,307.0
POST0775,ACC07,Facebook,text,2026-04-26 12:22:00,71349.0,16880.0,14802.0,0,250.0,,45.0,60.0,,,133.0,6,24,5.0,344.0
POST0332,ACC03,TikTok,video,2026-01-24 19:09:00,22556.0,13631.0,6964.0,8086,437.0,84.0,44.0,96.0,30.0,23.6,130.0,8,15,7.0,88.0
POST0234,ACC07,Facebook,video,2026-01-11 09:57:00,61788.0,19868.0,15766.0,13664,1039.0,196.0,118.0,91.0,15.0,2.5,,10,49,0.0,145.0
POST0589,ACC07,Facebook,text,"May 21, 2026 02:18 PM",72143.0,14665.0,10264.0,0,281.0,19.0,46.0,31.0,,,160.0,11,19,2.0,37.0
POST0476,ACC07,FB,image,15/02/2026 16:33,62555.0,16035.0,12112.0,0,476.0,42.0,59.0,55.0,,,169.0,7,41,1.0,288.0
POST0883,ACC04,TikTok,video,2026-04-19 20:51:00,110923.0,82400.0,70961.0,72010,4697.0,903.0,178.0,306.0,180.0,35.5,946.0,14,69,7.0,328.0
POST0863,ACC01,Instagram,video,2026-05-26 14:57:00,18087.0,24042.0,17044.0,14318,863.0,142.0,162.0,266.0,300.0,163.9,315.0,11,39,3.0,187.0
POST0600,ACC06,YouTube,video ,2026-03-17 23:02:00,13212.0,12269.0,12045.0,9950,815.0,75.0,27.0,83.0,90.0,31.9,105.0,2,6,14.0,393.0
POST0422,ACC06,YouTube,text,02/04/2026 19:41,13849.0,2515.0,1889.0,0,28.0,7.0,2.0,4.0,,,32.0,1,3,10.0,227.0
POST0688,ACC05,YouTube,video,2026-06-18 16:28:00,39089.0,29274.0,25463.0,19773,1446.0,208.0,100.0,270.0,60.0,44.0,109.0,8,47,9.0,185.0
POST0183,ACC04,TikTok,video,2026-03-28 19:10:00,108364.0,73151.0,68237.0,61862,3447.0,577.0,430.0,877.0,180.0,41.0,553.0,19,219,13.0,362.0
POST0618,ACC03,TikTok,video,2026-05-05 08:28:00,26207.0,27742.0,22494.0,17885,983.0,188.0,134.0,261.0,300.0,72.8,278.0,2,17,1.0,220.0
POST0333,ACC03,TikTok,video ,2026-02-06 14:55:00,23016.0,10589.0,6444.0,9416,347.0,44.0,31.0,41.0,300.0,146.5,82.0,5,10,5.0,19.0
POST0439,ACC01,Instagram,image,2026-02-04 11:28:00,15749.0,5343.0,5279.0,0,311.0,20.0,19.0,49.0,,,66.0,4,9,5.0,342.0
POST0050,ACC07,Facebook,carousel,2026-05-08 12:52:00,72307.0,34954.0,27871.0,0,1346.0,91.0,30.0,61.0,,,217.0,10,40,2.0,131.0
POST0006,ACC07,Facebook,image,2026-06-16 09:00:00,74484.0,46549.0,30550.0,0,1127.0,213.0,67.0,115.0,,,694.0,39,22,10.0,178.0
POST0530,ACC08,FACEBOOK,text,2026-03-15 15:19:00,8904.0,2383.0,2172.0,0,59.0,11.0,6.0,18.0,,,24.0,0,5,8.0,369.0
POST0235,ACC04,TikTok,video,2026-05-31 11:04:00,116457.0,55235.0,52112.0,37707,2576.0,716.0,273.0,595.0,45.0,21.2,N/A,28,141,4.0,321.0
POST0487,ACC03,TikTok,video,2026-01-05 17:33:00,21878.0,11270.0,7663.0,9951,343.0,68.0,64.0,91.0,180.0,96.1,65.0,5,8,0.0,88.0
POST0897,ACC05,YouTube,video,2026-01-09 13:29:00,31121.0,44419.0,32521.0,25405,1866.0,191.0,228.0,244.0,15.0,8.8,619.0,33,96,10.0,
POST0498,ACC03,TikTok,video,2026-03-23 17:38:00,25084.0,68686.0,34505.0,45395,1406.0,288.0,228.0,408.0,180.0,111.8,925.0,58,51,4.0,22.0
POST0891,ACC01,Instagram,text,2026-03-28 13:51:00,16984.0,4347.0,3619.0,0,74.0,16.0,12.0,1.0,,,62.0,5,12,3.0,102.0
POST0107,ACC07,Facebook,image,2026-02-25 22:19:00,63562.0,31807.0,21719.0,0,590.0,122.0,12.0,115.0,,,,24,37,8.0,157.0
POST0444,ACC04,TikTok,IMAGE,2026-01-02 16:52:00,94909.0,54082.0,27160.0,0,1622.0,208.0,173.0,184.0,,,343.0,13,79,5.0,6.0
POST0489,ACC07,Facebook,carousel,09/02/2026 10:34,63251.0,15370.0,15153.0,0,551.0,74.0,84.0,152.0,,,128.0,6,61,4.0,247.0
POST0647,ACC04,TIKTOK,video,21/04/2026 09:08,112345.0,66778.0,53999.0,46599,3174.0,615.0,328.0,686.0,300.0,115.3,,32,130,0.0,340.0
POST0013,ACC06,YouTube,video,2026-02-11 20:39:00,12977.0,,6584.0,5115,360.0,87.0,60.0,94.0,15.0,8.1,96.0,3,19,14.0,8.0
POST0739,ACC06,YouTube,video,2026-03-01 08:33:00,13254.0,8613.0,7286.0,5054,,24.0,65.0,24.0,90.0,40.6,90.0,5,22,13.0,383.0
POST0727,ACC06,YouTube,video,06/01/2026 20:05,12157.0,6889.0,5016.0,5239,296.0,35.0,20.0,18.0,15.0,9.4,58.0,3,7,0.0,283.0
POST0191,ACC06,YouTube,video,10/04/2026 14:12,13881.0,9050.0,7708.0,7802,569.0,70.0,67.0,27.0,60.0,21.3,108.0,15,16,12.0,
POST0938,ACC02,Instagram,text,20/03/2026 05:24,54737.0,15349.0,12751.0,0,381.0,27.0,37.0,19.0,,,227.0,18,13,13.0,327.0
POST0833,ACC04,TikTok,image,"Jan 04, 2026 05:31 AM",95943.0,,33556.0,0,1807.0,118.0,218.0,,,,680.0,27,45,2.0,10.0
POST0283,ACC06,YouTube,image,"Jun 29, 2026 12:15 PM",15352.0,3792.0,3359.0,0,154.0,40.0,9.0,6.0,,,37.0,2,8,6.0,170.0
POST0030,ACC04,TikTok,video,11/05/2026 15:10,112964.0,92122.0,85992.0,74257,6609.0,522.0,254.0,918.0,30.0,4.9,934.0,43,281,8.0,248.0
POST0170,ACC01,instagram,video,"Mar 21, 2026 08:38 PM",16641.0,22090.0,14610.0,16787,1220.0,93.0,28.0,100.0,15.0,4.3,,18,29,14.0,134.0
POST0181,ACC08,Facebook,carousel,2026-01-03 18:12:00,7964.0,4413.0,3757.0,0,210.0,17.0,4.0,45.0,,,41.0,1,2,5.0,175.0
POST0101,ACC07,Facebook,image,2026-03-28 20:23:00,66693.0,87165.0,70910.0,0,2166.0,235.0,490.0,298.0,,,1362.0,49,79,4.0,82.0
POST0198,ACC01,Instagram,video,"Feb 05, 2026 01:46 PM",15600.0,,6294.0,4519,404.0,60.0,22.0,73.0,180.0,66.1,35.0,4,11,0.0,385.0
POST0496,ACC04,TikTok,video,2026-03-27 19:55:00,105942.0,71587.0,50423.0,46248,4217.0,639.0,326.0,340.0,15.0,4.1,1030.0,30,169,4.0,16.0
POST0722,ACC08,Facebook,video,2026-03-08 12:03:00,8797.0,9597.0,5833.0,5862,495.0,30.0,40.0,34.0,45.0,6.6,138.0,6,4,7.0,92.0
POST0648,ACC05,YouTube,video,29/01/2026 20:19,32615.0,16200.0,13111.0,10664,1012.0,130.0,117.0,41.0,60.0,16.6,112.0,8,4,12.0,187.0
POST0969,ACC08,Facebook,image,17/03/2026 10:35,8903.0,3051.0,2135.0,0,117.0,15.0,2.0,17.0,,,39.0,2,8,3.0,52.0
POST0925,ACC02,Instagram,image,2026-01-08 23:03:00,48540.0,42905.0,41325.0,0,1919.0,184.0,94.0,113.0,,,471.0,12,145,12.0,236.0
POST0711,ACC06,YouTube,video,23/03/2026 19:06,13607.0,9543.0,8792.0,8201,65200.0,26.0,15.0,48.0,15.0,4.6,75.0,2,30,8.0,210.0
POST0374,ACC03,TikTok,image,2026-03-13 11:10:00,24497.0,10136.0,9924.0,0,402.0,34.0,9.0,32.0,,,122.0,9,7,8.0,146.0
POST0679,ACC05,Youtube,Video,2026-05-18 18:14:00,37304.0,30198.0,20036.0,21021,1340.0,275.0,40.0,150.0,30.0,2.4,212.0,7,57,1.0,
POST0878,ACC06,YouTube,video,27/05/2026 05:01,14701.0,14756.0,6337.0,9067,261.0,64.0,40.0,94.0,90.0,51.2,99.0,6,22,7.0,291.0
POST0649,ACC08,Facebook,carousel,2026-04-23 20:57:00,9314.0,4796.0,4518.0,0,212.0,57.0,34.0,57.0,,,,1,13,14.0,247.0
POST0798,ACC04,TikTok,video,2026-06-23 18:19:00,118427.0,89911.0,66516.0,78795,3721.0,370.0,170.0,219.0,15.0,5.0,1083.0,49,110,15.0,354.0
POST0848,ACC01,Instagram,video,2026-05-26 17:27:00,18350.0,14310.0,6624.0,9819,387.0,42.0,49.0,64.0,90.0,44.4,150.0,4,7,8.0,201.0
POST0461,ACC06,YouTube,video,2026-03-16 20:59:00,13203.0,4053.0,2514.0,3242,103.0,12.0,6.0,23.0,45.0,6.1,38.0,1,5,0.0,338.0
POST0414,ACC02,Instagram,image,2026-03-18 00:57:00,54195.0,10037.0,9666.0,0,384.0,64.0,51.0,59.0,,,68.0,1,37,9.0,311.0
POST0132,ACC05,YouTube,text,2026-02-02 07:23:00,32918.0,22012.0,14108.0,0,394.0,62.0,16.0,12.0,,,105.0,3,49,1.0,392.0
POST0040,ACC06,YouTube,video,20/05/2026 18:30,14496.0,6592.0,4726.0,4324,321.0,31.0,20.0,65.0,300.0,,109.0,7,12,15.0,78.0
POST0435,ACC04,TikTok,image,03/05/2026 19:10,113490.0,61673.0,51551.0,0,2518.0,159.0,156.0,503.0,,,901.0,63,38,3.0,259.0
POST0216,ACC03,TikTok,video,2026-04-24 08:14:00,26252.0,22100.0,13787.0,19729,1046.0,,50.0,91.0,15.0,7.5,309.0,26,34,15.0,342.0
POST0556,ACC05,YouTube,Image,25/06/2026 08:31,39485.0,11727.0,9749.0,0,530.0,41.0,33.0,90.0,,,74.0,2,18,6.0,296.0
POST0567,ACC02,Instagram,carousel,02/03/2026 19:14,52948.0,31543.0,30741.0,0,1142.0,332.0,93.0,134.0,,,349.0,26,67,4.0,385.0
POST0763,ACC08,Facebook,carousel,"Feb 15, 2026 04:20 PM",8570.0,3303.0,3133.0,0,223.0,20.0,,8.0,,,28.0,3,4,1.0,387.0
POST0475,ACC06,YouTube,video,2026-02-24 15:14:00,12983.0,3128.0,3051.0,1913,277.0,30.0,7.0,26.0,90.0,53.5,31.0,0,2,5.0,36.0
POST0457,ACC02,Instagram,video,2026-06-28 06:49:00,61336.0,72500.0,28347.0,55013,1052.0,285.0,235.0,91.0,180.0,75.0,329.0,14,72,9.0,183.0
POST0812,ACC08,Facebook,carousel,2026-05-03 07:19:00,9471.0,1984.0,1619.0,0,90.0,7.0,18.0,11.0,,,17.0,0,2,0.0,103.0
POST0261,ACC07,Facebook,image,2026-02-17 12:32:00,64697.0,59145.0,47770.0,0,1811.0,189.0,262.0,386.0,,,671.0,49,42,15.0,72.0
POST0817,ACC01,Instagram,text,2026-03-01 18:51:00,16393.0,6215.0,3146.0,0,85.0,12.0,7.0,4.0,,,41.0,3,12,11.0,255.0
POST0036,ACC01,Instagram,carousel,2026-03-24 20:07:00,16635.0,7577.0,7223.0,0,489.0,74.0,8.0,72.0,,,72.0,3,9,5.0,34.0
POST0828,ACC08,Facebook,image,2026-01-19 12:08:00,8081.0,,2753.0,0,113.0,11.0,15.0,2.0,,,,1,6,4.0,324.0
POST0310,ACC01,Instagram,carousel,2026-04-06 17:56:00,17151.0,24908.0,21329.0,0,976.0,141.0,,276.0,,,174.0,3,18,7.0,114.0
POST0277,ACC04,TikTok,video,"Feb 08, 2026 10:23 AM",101844.0,44681.0,27696.0,35176,1444.0,315.0,241.0,297.0,300.0,159.9,546.0,13,33,13.0,30.0
POST0637,ACC02,INSTAGRAM,text,2026-02-23 17:41:00,51651.0,12399.0,10029.0,0,,47.0,5.0,12.0,,,173.0,10,15,5.0,172.0
POST0655,ACC05,YouTube,video,2026-05-03 16:02:00,36348.0,45269.0,22902.0,36193,1387.0,93.0,86.0,110.0,30.0,17.5,348.0,25,16,0.0,166.0
POST0623,ACC02,Instagram,video,"Jun 05, 2026 06:29 PM",58980.0,52994.0,,31879,1795.0,241.0,380.0,602.0,30.0,22.0,253.0,18,101,11.0,378.0
POST0836,ACC07,Facebook,video,2026-01-21 10:51:00,61641.0,49116.0,35567.0,33768,2583.0,210.0,311.0,368.0,30.0,9.2,376.0,12,15,1.0,134.0
POST0845,ACC01,Instagram,image,10/01/2026 02:39,15184.0,6623.0,,0,284.0,30.0,20.0,41.0,,,76.0,0,13,2.0,71.0
POST0394,ACC05,YouTube,video,23/01/2026 20:35,32212.0,11804.0,11042.0,6752,715.0,115.0,37.0,152.0,15.0,6.9,105.0,6,13,13.0,62.0
POST0934,ACC06,YouTube,video,26/01/2026 23:20,12376.0,20627.0,10331.0,12107,890.0,65.0,36.0,91.0,15.0,7.0,229.0,22,22,2.0,180.0
POST0108,ACC06,youtube,video,2026-03-11 09:04:00,13212.0,19664.0,11848.0,17694,651.0,97.0,28.0,84.0,180.0,69.1,268.0,7,10,11.0,203.0
POST0940,ACC05,YouTube,video,21/04/2026 16:09,35256.0,32999.0,20305.0,29614,1275.0,216.0,127.0,112.0,90.0,38.4,266.0,19,70,,332.0
POST0525,ACC03,TikTok,video,2026-05-22 20:36:00,26820.0,10438.0,8996.0,9309,408.0,58.0,85.0,95.0,30.0,22.8,77.0,0,12,2.0,220.0
POST0785,ACC04,TikTok,video,"May 31, 2026 08:08 PM",115578.0,106713.0,78500.0,92993,6421.0,510.0,,657.0,60.0,31.1,1064.0,25,110,2.0,89.0
POST0048,ACC08,Facebook,text,2026-06-18 03:42:00,10111.0,,1485.0,0,19.0,7.0,2.0,9.0,,,20.0,0,1,10.0,30.0
POST0204,ACC06,YouTube,video,"May 01, 2026 08:37 AM",14150.0,12371.0,11112.0,8757,719.0,73.0,79.0,163.0,30.0,8.7,104.0,5,26,8.0,42.0
POST0922,ACC05,YouTube,video,06/05/2026 23:13,36233.0,31283.0,21065.0,23656,1611.0,153.0,126.0,96.0,30.0,14.5,358.0,20,88,2.0,374.0
POST0632,ACC03,TikTok,video,2026-03-23 18:57:00,24894.0,17962.0,16318.0,11324,1284.0,92.0,55.0,174.0,90.0,41.9,249.0,4,37,11.0,373.0
POST0022,ACC03,TikTok,video,2026-03-31 18:32:00,24506.0,7121.0,6820.0,5384,293.0,27.0,75.0,55.0,30.0,15.5,36.0,3,20,0.0,319.0
POST0403,ACC03,TikTok,image,2026-06-08 11:02:00,,14232.0,14049.0,0,626.0,44.0,33.0,110.0,,,172.0,9,15,15.0,288.0
POST0084,ACC07,Facebook,Text,2026-02-21 20:39:00,65056.0,9942.0,6937.0,0,226.0,20.0,7.0,14.0,,,122.0,12,16,3.0,221.0
POST0131,ACC05,YouTube,video,"Mar 07, 2026 07:23 PM",33940.0,24742.0,13989.0,20983,911.0,113.0,26.0,,300.0,264.0,308.0,8,9,15.0,0.0
POST0416,ACC06,YouTube,video,2026-06-28 19:08:00,15019.0,11133.0,9038.0,8834,427.0,97.0,27.0,77.0,15.0,6.2,167.0,5,17,4.0,15.0
POST0979,ACC03,TikTok,video,"May 13, 2026 10:06 PM",26463.0,63448.0,31103.0,34974,2744.0,365.0,255.0,275.0,15.0,10.1,407.0,25,32,3.0,164.0
POST0842,ACC06,YouTube,text,2026-05-05 20:25:00,14275.0,4568.0,2948.0,0,77.0,15.0,16.0,9.0,,,30.0,1,18,5.0,54.0
POST0742,ACC07,Facebook,video ,2026-02-25 10:50:00,65313.0,68749.0,58289.0,42429,4182.0,580.0,295.0,,90.0,54.8,697.0,41,125,9.0,231.0
POST0698,ACC05,YouTube,video,"Mar 16, 2026 06:59 AM",34415.0,36060.0,30984.0,20682,1778.0,325.0,144.0,297.0,300.0,,,31,34,15.0,358.0
POST0287,ACC02,Instagram,carousel,"Feb 07, 2026 09:37 PM",50546.0,26092.0,15341.0,0,749.0,131.0,110.0,52.0,,,,7,35,14.0,12.0
POST0124,ACC04,TIKTOK,video,07/02/2026 09:56,,92662.0,77761.0,74159,6584.0,446.0,203.0,1036.0,30.0,,467.0,28,239,11.0,340.0
POST0034,ACC05,YouTube,text,2026-06-13 17:39:00,38985.0,4384.0,3746.0,0,83.0,17.0,4.0,11.0,,,,1,13,2.0,330.0
POST0971,ACC03,TikTok,video,2026-04-14 23:18:00,24881.0,34426.0,28469.0,28658,1587.0,310.0,48.0,228.0,180.0,41.9,341.0,34,70,15.0,363.0
POST0517,ACC08,Facebook,image,2026-05-16 19:58:00,9526.0,3867.0,5413.799999999999,0,168.0,21.0,,29.0,,,19.0,3,3,9.0,142.0
POST0020,ACC04,TikTok,video,2026-01-04 08:15:00,94940.0,101630.0,77436.0,89432,7119.0,1045.0,753.0,950.0,45.0,21.3,841.0,51,127,10.0,292.0
POST0923,ACC04,TikTok ,video,"Feb 14, 2026 05:26 PM",100393.0,63782.0,,39801,1874.0,444.0,392.0,209.0,45.0,11.1,877.0,48,100,3.0,16.0
POST0220,ACC08,Facebook,carousel,30/06/2026 21:22,10104.0,7993.0,6467.0,0,334.0,59.0,59.0,21.0,,,120.0,7,7,12.0,244.0
POST0892,ACC06,YT,text,20/05/2026 15:04,14664.0,17580.0,12610.0,0,298.0,34.0,53.0,20.0,,,208.0,17,51,6.0,103.0
POST0224,ACC02,Instagram,image,2026-02-08 05:24:00,50963.0,,,0,682.0,131.0,28.0,26.0,,,64.0,3,23,10.0,115.0
POST0482,ACC07,Facebook,video,"Feb 23, 2026 06:23 PM",64289.0,,14281.0,11974,604.0,139.0,133.0,69.0,60.0,,177.0,9,13,3.0,326.0
POST0357,ACC02,Instagram,text,2026-03-14 09:41:00,53306.0,12216.0,8283.0,0,277.0,,14.0,21.0,,,155.0,4,8,7.0,15.0
POST0662,ACC06,YT,video,2026-01-10 15:38:00,12106.0,4642.0,4374.0,3736,333.0,27.0,11.0,56.0,30.0,3.8,43.0,1,10,0.0,332.0
POST0225,ACC06,YouTube,video,2026-01-31 17:39:00,12493.0,13984.0,9677.0,11883,541.0,122.0,48.0,43.0,90.0,26.2,80.0,3,18,14.0,143.0
POST0760,ACC06,YouTube,Reel,12/05/2026 21:22,14218.0,31886.0,16405.0,27348,823.0,168.0,182.0,244.0,45.0,15.9,437.0,8,62,12.0,113.0
POST0093,ACC07,Facebook,image,"May 18, 2026 03:38 PM",71379.0,32576.0,25201.0,0,966.0,183.0,42.0,95.0,,,444.0,22,74,8.0,176.0
POST0152,ACC03,Tik Tok,video,05/06/2026 03:47,27126.0,20973.0,,17363,945.0,229.0,176.0,,300.0,112.0,186.0,7,52,14.0,275.0
POST0978,ACC05,YouTube,image,2026-05-08 19:21:00,36073.0,20563.0,14475.0,0,809.0,108.0,102.0,52.0,,,305.0,21,74,2.0,170.0
POST0318,ACC06,YouTube,video ,2026-04-29 19:39:00,14184.0,15928.0,10029.0,13694,509.0,82.0,40.0,96.0,90.0,11.6,71.0,2,32,14.0,18.0
POST0449,ACC05,YouTube,video,2026-06-28 06:02:00,39890.0,45432.0,34008.0,36226,2556.0,332.0,188.0,503.0,15.0,2.9,336.0,22,111,10.0,2.0
POST0804,ACC08,Facebook,video,2026-01-15 05:33:00,8107.0,3907.0,3367.0,2653,198.0,32.0,39.0,53.0,180.0,19.3,51.0,3,2,12.0,113.0
POST0746,ACC03,TikTok,VIDEO,2026-01-28 09:50:00,0.0,10629.0,8430.0,6578,594.0,79.0,45.0,43.0,180.0,34.9,110.0,3,9,6.0,22.0
POST0523,ACC02,Instagram,video,2026-04-07 05:15:00,53627.0,59922.0,38263.0,44037,1623.0,374.0,212.0,307.0,45.0,31.4,634.0,36,126,6.0,187.0
POST0280,ACC01,Instagram,image,2026-04-14 12:27:00,17326.0,12240.0,6982.0,0,249.0,42.0,22.0,54.0,,,166.0,3,8,1.0,376.0
POST0584,ACC01,Instagram,image,2026-04-06 22:20:00,17068.0,9912.0,8184.0,0,400.0,65.0,38.0,49.0,,,112.0,3,25,1.0,368.0
POST0765,ACC03,TikTok,video,2026-02-17 10:33:00,23303.0,19290.0,17202.0,14079,1505.0,161.0,153.0,129.0,90.0,40.2,151.0,11,72,4.0,284.0
POST0605,ACC07,facebook,carousel,26/03/2026 16:48,67108.0,21442.0,17871.0,0,569.0,92.0,102.0,106.0,,,196.0,14,67,5.0,134.0
POST0350,ACC02,Instagram,image,22/01/2026 21:56,49651.0,29458.0,24085.0,0,1188.0,197.0,149.0,122.0,,,282.0,12,41,7.0,227.0
POST0928,ACC03,TikTok,video,"Apr 15, 2026 09:03 AM",25264.0,9567.0,8881.0,7466,802.0,59.0,16.0,,30.0,15.9,134.0,5,11,13.0,171.0
POST0375,ACC08,Facebook,carousel,"Jun 16, 2026 06:27 PM",10272.0,5459.0,3547.0,0,202.0,35.0,6.0,35.0,,,70.0,4,15,7.0,86.0
POST0401,ACC08,Facebook,video,"Mar 21, 2026 02:28 PM",8909.0,5770.0,3726.0,3707,172.0,30.0,38.0,52.0,45.0,12.0,30.0,1,12,10.0,147.0
POST0705,ACC02,Insta,image,2026-03-31 16:12:00,53747.0,32835.0,19105.0,0,976.0,136.0,54.0,74.0,,,352.0,23,10,13.0,193.0
POST0258,ACC01,Instagram,video,2026-03-03 06:46:00,16221.0,14692.0,7376.0,8568,334.0,52.0,52.0,54.0,300.0,,,16,30,14.0,281.0
POST0945,ACC02,Instagram,image,2026-06-17 14:52:00,60007.0,29757.0,25114.0,0,1539.0,162.0,62.0,256.0,,,211.0,7,73,15.0,342.0
POST0852,ACC07,Facebook,text,19/01/2026 18:17,61954.0,7881.0,6396.0,0,191.0,22.0,18.0,28.0,,,89.0,6,3,3.0,261.0
POST0073,ACC04,TikTok,video,2026-05-16 17:55:00,114311.0,36461.0,33628.0,22985,2307.0,435.0,,441.0,180.0,35.4,438.0,27,99,2.0,252.0
POST0196,ACC01,Instagram,carousel,10/05/2026 10:38,,16212.0,11393.0,0,535.0,66.0,73.0,58.0,,,112.0,0,24,1.0,304.0
POST0484,ACC07,Facebook,image,2026-06-19 19:33:00,74948.0,55676.0,45022.0,0,2333.0,148.0,207.0,242.0,,,434.0,28,161,5.0,14.0
POST0856,ACC07,Facebook,image,2026-02-11 19:55:00,63957.0,40244.0,26557.0,0,1259.0,146.0,50.0,180.0,,,302.0,31,79,14.0,169.0
POST0138,ACC01,Instagram,text,2026-05-11 23:34:00,18005.0,2733.0,3826.2,0,83.0,9.0,6.0,5.0,,,20.0,3,9,2.0,
POST0495,ACC03,TikTok,video,2026-03-31 09:48:00,24509.0,15670.0,13630.0,13914,847.0,83.0,66.0,153.0,180.0,82.5,137.0,7,40,6.0,97.0
POST0773,ACC01,Instagram,carousel,2026-04-06 08:44:00,17186.0,,12753.0,0,930.0,60.0,45.0,66.0,,,157.0,7,33,0.0,
POST0551,ACC07,Facebook,image,2026-06-10 08:10:00,74640.0,47912.0,45655.0,0,2750.0,204.0,313.0,203.0,,,257.0,15,167,15.0,316.0
POST0463,ACC06,YouTube,image,2026-06-08 17:56:00,14818.0,5496.0,4854.0,0,246.0,31.0,7.0,30.0,,,22.0,3,11,9.0,146.0
POST0202,ACC08,Facebook,text,20/05/2026 10:29,9744.0,3019.0,2291.0,0,53.0,12.0,6.0,12.0,,,,2,5,3.0,82.0
POST0313,ACC01,Instagram,Video,2026-05-05 12:40:00,17814.0,18522.0,14013.0,11212,870.0,127.0,104.0,205.0,60.0,32.3,276.0,9,14,7.0,322.0
POST0291,ACC07,Facebook,image,27/05/2026 18:56,73151.0,18731.0,17580.0,0,653.0,141.0,48.0,86.0,,,171.0,10,21,5.0,392.0
POST0190,ACC03,TikTok,video,2026-05-19 04:14:00,26335.0,23381.0,18675.0,16425,1643.0,225.0,173.0,55.0,15.0,7.4,279.0,17,35,14.0,180.0
POST0764,ACC08,Facebook,carousel,04/05/2026 12:31,9469.0,4168.0,,0,106.0,15.0,16.0,25.0,,,47.0,1,5,3.0,31.0
POST0113,ACC05,YouTube,video,08/05/2026 18:19,37265.0,20228.0,17788.0,13915,1191.0,179.0,116.0,228.0,60.0,26.8,146.0,8,10,14.0,57.0
POST0950,ACC03,TikTok,video,"Jun 08, 2026 06:49 PM",28037.0,44404.0,30452.0,25813,2494.0,237.0,96.0,389.0,15.0,1.8,273.0,6,99,1.0,327.0
POST0184,ACC06,YouTube,image,2026-03-26 19:27:00,13282.0,5211.0,2825.0,0,170.0,16.0,8.0,30.0,,,56.0,6,7,13.0,278.0
POST0153,ACC08,FACEBOOK,carousel ,"Mar 08, 2026 11:22 AM",8765.0,3975.0,2227.0,0,105.0,13.0,3.0,13.0,,,49.0,6,10,10.0,289.0
POST0825,ACC05,YouTube,VIDEO,2026-03-22 20:19:00,35164.0,31964.0,14332.0,20713,1060.0,142.0,101.0,177.0,60.0,30.8,480.0,28,30,9.0,242.0
POST0326,ACC02,Instagram,image,2026-01-16 04:40:00,48692.0,54585.0,35235.0,0,2034.0,301.0,,167.0,,,,36,42,10.0,212.0
POST0704,ACC02,Instagram,video,2026-03-02 14:03:00,53061.0,32819.0,30156.0,24100,2534.0,143.0,76.0,97.0,30.0,16.2,370.0,18,36,12.0,352.0
POST0045,ACC01,Insta,video,2026-04-30 13:40:00,17482.0,5818.0,5438.0,5221,474.0,52.0,7.0,31.0,60.0,16.9,36.0,3,4,7.0,369.0
POST0445,ACC05,YouTube,video,2026-05-11 15:44:00,37471.0,22890.0,17013.0,18382,1476.0,168.0,142.0,196.0,180.0,14.6,190.0,7,11,15.0,264.0
POST0788,ACC06,YouTube,video,2026-06-19 18:46:00,15243.0,8451.0,6741.0,6748,448.0,87.0,19.0,66.0,90.0,35.4,52.0,2,2,11.0,257.0
POST0007,ACC01,Instagram,image,18/03/2026 14:19,16814.0,7855.0,6855.0,0,283.0,34.0,46.0,53.0,,,96.0,2,18,15.0,203.0
POST0251,ACC02,Instagram,video,2026-05-03 12:14:00,56970.0,41837.0,34125.0,31750,1470.0,378.0,269.0,375.0,90.0,36.3,396.0,25,72,15.0,91.0
POST0824,ACC06,YouTube,video ,28/06/2026 23:41,15051.0,4226.0,3782.0,2896,245.0,29.0,21.0,42.0,180.0,88.5,45.0,3,11,3.0,264.0
POST0076,ACC04,TikTok,video,2026-05-13 04:18:00,113436.0,70098.0,60915.0,41452,2433.0,334.0,293.0,176.0,15.0,2.0,404.0,30,108,4.0,130.0
POST0513,ACC07,FB,image,"Feb 16, 2026 07:10 AM",64348.0,26321.0,19391.0,0,1159.0,149.0,,166.0,,,349.0,9,48,13.0,52.0
POST0941,ACC06,YouTube,video,18/06/2026 18:21,15073.0,18460.0,16005.0,11197,1142.0,118.0,68.0,224.0,45.0,24.3,231.0,13,54,4.0,215.0
POST0392,ACC02,Instagram,video,20/04/2026 05:00,56272.0,48454.0,43437.0,38146,2882.0,220.0,313.0,377.0,15.0,8.9,263.0,11,58,2.0,11.0
POST0896,ACC05,YouTube,image,13/05/2026 07:31,36961.0,30419.0,12383.0,0,683.0,77.0,21.0,101.0,,,435.0,15,14,15.0,
POST0433,ACC07,Facebook,video ,2026-05-14 19:39:00,71811.0,43258.0,39708.0,32794,,421.0,358.0,530.0,300.0,26.5,538.0,10,64,0.0,37.0
POST0069,ACC01,Instagram,video,2026-02-05 17:12:00,15743.0,6334.0,6331.0,4328,575.0,29.0,55.0,37.0,60.0,21.3,99.0,5,8,10.0,238.0
POST0168,ACC02,Instagram,video,2026-03-27 19:11:00,53939.0,29058.0,27882.0,21280,1656.0,200.0,131.0,193.0,90.0,72.7,196.0,14,76,9.0,240.0
POST0905,ACC04,tiktok,image,2026-03-21 07:22:00,106676.0,43058.0,41579.0,0,2245.0,176.0,159.0,88.0,,,525.0,36,132,4.0,331.0
POST0731,ACC06,YouTube,video,2026-01-28 18:19:00,12557.0,12881.0,12423.0,10311,620.0,168.0,125.0,110.0,60.0,25.8,82.0,5,11,14.0,165.0
POST0555,ACC08,Facebook,carousel,2026-03-05 21:07:00,8757.0,3368.0,3356.0,0,154.0,32.0,7.0,27.0,,,,2,5,10.0,111.0
POST0367,ACC04,TikTok,video,2026-01-30 20:04:00,,44042.0,36083.0,30509,2709.0,349.0,380.0,371.0,15.0,5.1,263.0,18,63,12.0,219.0
POST0346,ACC03,TikTok,video,2026-04-26 11:07:00,25573.0,43438.0,20095.0,27805,1472.0,233.0,25.0,258.0,60.0,28.2,653.0,44,60,5.0,198.0
POST0585,ACC04,TikTok,video,2026-05-30 11:16:00,116263.0,52462.0,41634.0,32839,2910.0,355.0,211.0,521.0,15.0,12.7,310.0,17,62,4.0,392.0
POST0536,ACC02,Instagram,Carousel,2026-01-20 05:45:00,50576.0,35634.0,26021.0,0,1749.0,121.0,196.0,58.0,,,241.0,23,45,13.0,117.0
POST0399,ACC03,TikTok,text,"May 12, 2026 12:23 PM",26567.0,2816.0,2793.0,0,39.0,12.0,14.0,11.0,,,8.0,0,2,0.0,146.0
POST0186,ACC04,TikTok,VIDEO,"Mar 31, 2026 08:38 PM",107410.0,122343.0,95092.0,89128,7497.0,900.0,180.0,1183.0,180.0,44.8,598.0,41,302,10.0,297.0
POST0349,ACC02,Instagram,carousel,2026-02-19 15:43:00,51763.0,47543.0,23363.0,0,1422.0,171.0,91.0,124.0,,,461.0,19,47,3.0,219.0
POST0616,ACC06,YouTube,text,2026-05-25 14:04:00,14501.0,3109.0,2677.0,0,46.0,2.0,6.0,7.0,,,41.0,0,10,2.0,337.0
POST0920,ACC06,YouTube,video,2026-04-23 07:17:00,14074.0,9287.0,5749.0,8226,355.0,60.0,48.0,66.0,180.0,69.6,89.0,5,16,14.0,55.0
POST0212,ACC06,YouTube,video,16/05/2026 22:35,14726.0,2177.0,2032.0,1747,160.0,24.0,12.0,9.0,300.0,120.7,17.0,0,5,12.0,331.0
POST0580,ACC01,Instagram,image,16/01/2026 11:06,15331.0,9577.0,4511.0,0,206.0,28.0,27.0,29.0,,,153.0,10,11,3.0,242.0
POST0503,ACC08,Facebook,image,2026-01-06 18:05:00,8020.0,2314.0,2101.0,0,111.0,6.0,3.0,,,,14.0,0,3,6.0,98.0
POST0538,ACC01,Instagram,image,2026-03-09 21:41:00,16335.0,3697.0,3482.0,0,163.0,14.0,16.0,11.0,,,40.0,4,2,10.0,45.0
POST0197,ACC03,TikTok,video,10/02/2026 21:01,23487.0,11770.0,9523.0,9870,725.0,77.0,18.0,93.0,45.0,30.8,96.0,8,8,13.0,73.0
POST0176,ACC04,TikTok,video,06/03/2026 21:45,103444.0,93998.0,85632.0,56166,4982.0,566.0,501.0,1042.0,300.0,148.9,427.0,36,48,11.0,11.0