comment_id,parent_comment_id,user_id,comment_text,comment_clean,created_at,is_reply,has_text,author_digged,is_pinned,digg_count,reply_count,comment_length,word_count,hour,hour_sin,hour_cos,digg_count_minmax,digg_count_z,reply_count_minmax,reply_count_z,comment_length_minmax,comment_length_z,word_count_minmax,word_count_z,digg_count_log_minmax,reply_count_log_minmax,comment_length_robust
7669319408842081044,,6602052900607623174,🥰🥰🥰,🥰🥰🥰,2026-08-02 12:21:30,False,True,1,0,1,0,3,1,12,1.2246467991473532e-16,-1.0,0.1,1.0880720250906732,0.0,-0.40873061708160113,0.010948905109489052,-1.2382897110401225,0.0196078431372549,-1.1892030056996599,0.2890648263178878,0.0,-1.0
7669319064204641044,,6602052900607623174,🥰🥰🥰,🥰🥰🥰,2026-08-02 12:20:13,False,True,1,0,1,0,3,1,12,1.2246467991473532e-16,-1.0,0.1,1.0880720250906732,0.0,-0.40873061708160113,0.010948905109489052,-1.2382897110401225,0.0196078431372549,-1.1892030056996599,0.2890648263178878,0.0,-1.0
7669318657889272596,,6602052900607623174,🥰🥰🥰,🥰🥰🥰,2026-08-02 12:18:36,False,True,1,0,1,0,3,1,12,1.2246467991473532e-16,-1.0,0.1,1.0880720250906732,0.0,-0.40873061708160113,0.010948905109489052,-1.2382897110401225,0.0196078431372549,-1.1892030056996599,0.2890648263178878,0.0,-1.0
7666354577964712720,,7410829670142657542,❤️❤️❤️,❤️❤️❤️,2026-07-25 12:36:20,False,True,1,0,1,0,6,1,12,1.2246467991473532e-16,-1.0,0.1,1.0880720250906732,0.0,-0.40873061708160113,0.021897810218978103,-1.1471160913783145,0.0196078431372549,-1.1892030056996599,0.2890648263178878,0.0,-0.9142857142857143
7665424955869905685,,6555001822149350400,🙌🙌,🙌🙌,2026-07-23 00:28:58,False,True,1,0,1,1,2,1,0,0.0,1.0,0.1,1.0880720250906732,0.08333333333333333,0.47740622211970224,0.0072992700729927005,-1.2686809175940585,0.0196078431372549,-1.1892030056996599,0.2890648263178878,0.27023815442731974,-1.0285714285714285
7665989782560555784,7665424955869905685,7588871257367266322,❣️,❣️,2026-07-24 13:00:48,True,True,0,0,0,0,2,1,13,-0.2588190451025208,-0.9659258262890683,0.0,-0.3389076799462753,0.0,-0.40873061708160113,0.0072992700729927005,-1.2686809175940585,0.0196078431372549,-1.1892030056996599,0.0,0.0,-1.0285714285714285
7665388520731542292,,6989276656456975365,,,2026-07-22 22:07:37,False,False,1,0,1,1,0,0,22,-0.5000000000000004,0.8660254037844384,0.1,1.0880720250906732,0.08333333333333333,0.47740622211970224,0.0,-1.3294633307019306,0.0,-1.3553508234711804,0.2890648263178878,0.27023815442731974,-1.0857142857142856
7665389735800472327,7665388520731542292,7588871257367266322,❣️,❣️,2026-07-22 22:12:16,True,True,0,0,0,0,2,1,22,-0.5000000000000004,0.8660254037844384,0.0,-0.3389076799462753,0.0,-0.40873061708160113,0.0072992700729927005,-1.2686809175940585,0.0196078431372549,-1.1892030056996599,0.0,0.0,-1.0285714285714285
7665382149832917781,,6687364277055161349,mero ni baki xa hoo bro,mero ni baki xa hoo bro,2026-07-22 21:42:58,False,True,1,0,1,1,23,6,21,-0.7071067811865477,0.7071067811865474,0.1,1.0880720250906732,0.08333333333333333,0.47740622211970224,0.08394160583941605,-0.6304655799614024,0.11764705882352941,-0.3584639168420561,0.2890648263178878,0.27023815442731974,-0.42857142857142855
7665389773196870408,7665382149832917781,7588871257367266322,lau lihalnu paryo aba,lau lihalnu paryo aba,2026-07-22 22:12:27,True,True,0,0,1,0,21,4,22,-0.5000000000000004,0.8660254037844384,0.1,1.0880720250906732,0.0,-0.40873061708160113,0.07664233576642336,-0.6912479930692744,0.0784313725490196,-0.6907595523850976,0.2890648263178878,0.0,-0.4857142857142857
7670103883570381575,,6598121486987591686,म बिदेस मा छु येहा बाट लाइसेन्स रीनो गर्न मिल्दैन,म बिदेस मा छु येहा बाट लाइसेन्स रीनो गर्न मिल्दैन,2026-08-04 15:05:38,False,True,0,0,0,0,49,10,15,-0.7071067811865471,-0.7071067811865479,0.0,-0.3389076799462753,0.0,-0.40873061708160113,0.17883211678832117,0.1597057904409338,0.19607843137254902,0.3061273542440269,0.0,0.0,0.3142857142857143
7670094021976916756,,7043789851683505157,medical paxe kati din lagxa approve garna,medical paxe kati din lagxa approve garna,2026-08-04 14:27:25,False,True,0,0,0,0,41,7,14,-0.4999999999999997,-0.8660254037844388,0.0,-0.3389076799462753,0.0,-0.40873061708160113,0.14963503649635038,-0.08342386199055427,0.13725490196078433,-0.19231609907053535,0.0,0.0,0.08571428571428572
7670500447186387730,,7255479054580777989,मिलेन हो,मिलेन हो,2026-08-05 16:44:28,False,True,0,0,0,0,8,2,16,-0.8660254037844384,-0.5000000000000004,0.0,-0.3389076799462753,0.0,-0.40873061708160113,0.029197080291970802,-1.0863336782704425,0.0392156862745098,-1.023055187928139,0.0,0.0,-0.8571428571428571
7670081747802931986,,6673154273373160454,daju license ko number kasari change garne🥰,daju license ko number kasari change garne🥰,2026-08-04 13:39:37,False,True,0,0,0,0,43,7,13,-0.2588190451025208,-0.9659258262890683,0.0,-0.3389076799462753,0.0,-0.40873061708160113,0.15693430656934307,-0.022641448882682248,0.13725490196078433,-0.19231609907053535,0.0,0.0,0.14285714285714285
7670030772732166920,,6801281188831380486,phone number change garnu chai milxa ki mildaina ?,phone number change garnu chai milxa ki mildaina ?,2026-08-04 10:21:54,False,True,0,0,0,1,50,9,10,0.49999999999999994,-0.8660254037844387,0.0,-0.3389076799462753,0.08333333333333333,0.47740622211970224,0.18248175182481752,0.1900969969948698,0.17647058823529413,0.1399795364725061,0.0,0.27023815442731974,0.34285714285714286
7670034874158170898,7670030772732166920,7588871257367266322,milxa aja video aune cha,milxa aja video aune cha,2026-08-04 10:37:50,True,True,0,0,1,0,24,5,10,0.49999999999999994,-0.8660254037844387,0.1,1.0880720250906732,0.0,-0.40873061708160113,0.08759124087591241,-0.6000743734074664,0.09803921568627451,-0.5246117346135768,0.2890648263178878,0.0,-0.4
7669690242404025108,,6924118101551367174,sir Maya form kholeko X ki nqi,sir maya form kholeko x ki nqi,2026-08-03 12:20:36,False,True,0,0,0,0,30,7,12,1.2246467991473532e-16,-1.0,0.0,-0.3389076799462753,0.0,-0.40873061708160113,0.10948905109489052,-0.4177271340838503,0.13725490196078433,-0.19231609907053535,0.0,0.0,-0.22857142857142856
7665398460938552072,,6966962058097542149,k KO hunu medical ma Gaya pachi harako harakoi,k ko hunu medical ma gaya pachi harako harakoi,2026-07-22 22:46:11,False,True,1,0,1,4,46,9,22,-0.5000000000000004,0.8660254037844384,0.1,1.0880720250906732,0.3333333333333333,3.135816739723612,0.1678832116788321,0.06853217077912577,0.17647058823529413,0.1399795364725061,0.2890648263178878,0.6274735630753033,0.22857142857142856
7667092289931445010,7665398460938552072,7588871257367266322,medical ma gayexi dr lai phone garnu hola or office mai gayera pani medical garna sakinxa,medical ma gayexi dr lai phone garnu hola or office mai gayera pani medical garna sakinxa,2026-07-27 12:19:04,True,True,0,0,0,0,89,16,12,1.2246467991473532e-16,-1.0,0.0,-0.3389076799462753,0.0,-0.40873061708160113,0.3248175182481752,1.375354052598374,0.3137254901960784,1.3030142608731512,0.0,0.0,1.457142857142857
7667473041442210568,7665398460938552072,7060908934949438470,maile bagmati bata vareko Kun office ma Janey sir aba medical garna?,maile bagmati bata vareko kun office ma janey sir aba medical garna?,2026-07-28 12:56:36,True,True,0,0,0,0,68,12,12,1.2246467991473532e-16,-1.0,0.0,-0.3389076799462753,0.0,-0.40873061708160113,0.24817518248175183,0.7371387149657179,0.23529411764705882,0.6384229897870684,0.0,0.0,0.8571428571428571
7667475008553878290,7665398460938552072,7588871257367266322,jun office gaye pani hunxa ailey centralized system cha,jun office gaye pani hunxa ailey centralized system cha,2026-07-28 13:04:15,True,True,0,0,0,0,55,9,13,-0.2588190451025208,-0.9659258262890683,0.0,-0.3389076799462753,0.0,-0.40873061708160113,0.20072992700729927,0.3420530297645498,0.17647058823529413,0.1399795364725061,0.0,0.0,0.4857142857142857
7667458363324564231,7665398460938552072,6966962058097542149,doctor KO number Kata bata pauna,doctor ko number kata bata pauna,2026-07-28 11:59:41,True,True,0,0,0,0,32,6,11,0.258819045102521,-0.9659258262890682,0.0,-0.3389076799462753,0.0,-0.40873061708160113,0.11678832116788321,-0.35694472097597835,0.11764705882352941,-0.3584639168420561,0.0,0.0,-0.17142857142857143
7669735235198550785,,6783530506702160902,new license ko tax pay garni kasre ho?,new license ko tax pay garni kasre ho?,2026-08-03 15:15:51,False,True,0,0,0,0,38,8,15,-0.7071067811865471,-0.7071067811865479,0.0,-0.3389076799462753,0.0,-0.40873061708160113,0.1386861313868613,-0.17459748165236227,0.1568627450980392,-0.02616828129901462,0.0,0.0,0.0
7669597044721992464,,7432886243430646801,Log in nai Hunna 😏,log in nai hunna 😏,2026-08-03 06:18:56,False,True,0,0,0,0,18,5,6,1.0,6.123233995736766e-17,0.0,-0.3389076799462753,0.0,-0.40873061708160113,0.06569343065693431,-0.7824216127310825,0.09803921568627451,-0.5246117346135768,0.0,0.0,-0.5714285714285714
7669466305360347911,,7066352936279933978,License record ani license details pani baninxa yai bata?,license record ani license details pani baninxa yai bata?,2026-08-02 21:51:28,False,True,0,0,0,0,57,9,21,-0.7071067811865477,0.7071067811865474,0.0,-0.3389076799462753,0.0,-0.40873061708160113,0.20802919708029197,0.40283544287242185,0.17647058823529413,0.1399795364725061,0.0,0.0,0.5428571428571428
7669726546307154706,,6898601339547796482,karyalaya ma xaii jada hudaina rw,karyalaya ma xaii jada hudaina rw,2026-08-03 14:41:16,False,True,0,0,0,0,33,6,14,-0.4999999999999997,-0.8660254037844388,0.0,-0.3389076799462753,0.0,-0.40873061708160113,0.12043795620437957,-0.32655351442204233,0.11764705882352941,-0.3584639168420561,0.0,0.0,-0.14285714285714285
7669232341742715655,,6653044521670459398,Lumbini pardes ko ajhai khuleko xsin🥺,lumbini pardes ko ajhai khuleko xsin🥺,2026-08-02 06:43:35,False,True,0,0,0,0,37,6,6,1.0,6.123233995736766e-17,0.0,-0.3389076799462753,0.0,-0.40873061708160113,0.13503649635036497,-0.2049886882062983,0.11764705882352941,-0.3584639168420561,0.0,0.0,-0.02857142857142857
7669071706703840021,,6551923695558857743,insurance ko lagi k garnu parxa,insurance ko lagi k garnu parxa,2026-08-01 20:20:15,False,True,0,0,0,0,31,6,20,-0.8660254037844386,0.5000000000000001,0.0,-0.3389076799462753,0.0,-0.40873061708160113,0.11313868613138686,-0.3873359275299143,0.11764705882352941,-0.3584639168420561,0.0,0.0,-0.2
7668573954830992149,,6960600664029660161,32 gate trial pass vaisake aahile samma rajaswa tirna pako xaina kaseri tirne Rajaswa lisence ko ?,32 gate trial pass vaisake aahile samma rajaswa tirna pako xaina kaseri tirne rajaswa lisence ko ?,2026-07-31 12:08:49,False,True,0,0,0,0,98,17,12,1.2246467991473532e-16,-1.0,0.0,-0.3389076799462753,0.0,-0.40873061708160113,0.35766423357664234,1.6488749115837982,0.3333333333333333,1.469162078644672,0.0,0.0,1.7142857142857142
7668916940883051285,,6563565776606593029,sir license ma vako mistake correction garnu milxa ki nai?,sir license ma vako mistake correction garnu milxa ki nai?,2026-08-01 10:19:42,False,True,0,0,0,0,58,10,10,0.49999999999999994,-0.8660254037844387,0.0,-0.3389076799462753,0.0,-0.40873061708160113,0.2116788321167883,0.43322664942635786,0.19607843137254902,0.3061273542440269,0.0,0.0,0.5714285714285714
7668286854559400722,,7480220715972133895,category mistake vo k garne?,category mistake vo k garne?,2026-07-30 17:34:35,False,True,0,0,0,0,28,5,17,-0.9659258262890683,-0.25881904510252063,0.0,-0.3389076799462753,0.0,-0.40873061708160113,0.10218978102189781,-0.47850954719172234,0.09803921568627451,-0.5246117346135768,0.0,0.0,-0.2857142857142857
7668633477013357319,,6904397970482955270,re-trial ko kasari bhorne ho tyo pani sikaidinuna plz,re-trial ko kasari bhorne ho tyo pani sikaidinuna plz,2026-07-31 15:59:38,False,True,0,0,0,0,53,9,15,-0.7071067811865471,-0.7071067811865479,0.0,-0.3389076799462753,0.0,-0.40873061708160113,0.19343065693430658,0.2812706166566778,0.17647058823529413,0.1399795364725061,0.0,0.0,0.42857142857142855
7667831907757146887,,7263843869535929345,,,2026-07-29 12:09:11,False,False,0,0,0,0,0,0,12,1.2246467991473532e-16,-1.0,0.0,-0.3389076799462753,0.0,-0.40873061708160113,0.0,-1.3294633307019306,0.0,-1.3553508234711804,0.0,0.0,-1.0857142857142856
7668217817946899201,,6879601486914601985,dai rajasawa kasri bujauna ho online bata sikaidenuna,dai rajasawa kasri bujauna ho online bata sikaidenuna,2026-07-30 13:06:42,False,True,0,0,0,0,53,8,13,-0.2588190451025208,-0.9659258262890683,0.0,-0.3389076799462753,0.0,-0.40873061708160113,0.19343065693430658,0.2812706166566778,0.1568627450980392,-0.02616828129901462,0.0,0.0,0.42857142857142855
7670087596781224722,,7392143647686853650,Date of birth chenj garna milxa sr?,date of birth chenj garna milxa sr?,2026-08-04 14:02:22,False,True,0,0,0,1,35,7,14,-0.4999999999999997,-0.8660254037844388,0.0,-0.3389076799462753,0.08333333333333333,0.47740622211970224,0.12773722627737227,-0.2657711013141703,0.13725490196078433,-0.19231609907053535,0.0,0.27023815442731974,-0.08571428571428572
7670196296612283157,7670087596781224722,6987690958654063622,mero ni same Qustion ho milxa ki mildaina ???,mero ni same qustion ho milxa ki mildaina ???,2026-08-04 21:04:17,True,True,0,0,0,0,45,9,21,-0.7071067811865477,0.7071067811865474,0.0,-0.3389076799462753,0.0,-0.40873061708160113,0.16423357664233576,0.03814096422518977,0.17647058823529413,0.1399795364725061,0.0,0.0,0.2
7666379879197852423,,6949018073941869570,Medical ko option ma aaywsi K Garne ho?,medical ko option ma aaywsi k garne ho?,2026-07-25 14:14:35,False,True,1,0,2,8,39,8,14,-0.4999999999999997,-0.8660254037844388,0.2,2.5150517301276216,0.6666666666666666,6.680364096528826,0.14233576642335766,-0.14420627509842626,0.1568627450980392,-0.02616828129901462,0.45815690999132613,0.8566346820627895,0.02857142857142857
7666468618254697237,7666379879197852423,7500623349687075846,hajur ko ma yo website chaleko xa form fill up garna milyo biometric ko lagi??,hajur ko ma yo website chaleko xa form fill up garna milyo biometric ko lagi??,2026-07-25 19:58:50,True,True,0,0,0,0,78,15,19,-0.9659258262890684,0.2588190451025203,0.0,-0.3389076799462753,0.0,-0.40873061708160113,0.2846715328467153,1.041050780505078,0.29411764705882354,1.1368664431016304,0.0,0.0,1.1428571428571428
7666471316141081352,7666379879197852423,6949018073941869570,Chalnu Tah chalyo but medical option ma pugyo tyaa Bata k garne Dr. Ko Number Deko xa tesma phn lagdaina. K garne ho idea nai vyena.,chalnu tah chalyo but medical option ma pugyo tyaa bata k garne dr. ko number deko xa tesma phn lagdaina. k garne ho idea nai vyena.,2026-07-25 20:09:19,True,True,0,0,2,0,132,26,20,-0.8660254037844386,0.5000000000000001,0.2,2.5150517301276216,0.0,-0.40873061708160113,0.48175182481751827,2.682175934417622,0.5098039215686274,2.964492438588359,0.45815690999132613,0.0,2.6857142857142855
7666472702442390292,7666379879197852423,7500623349687075846,ehh mero tw website nai chaldaina tyo nid card nai chahinxa ho??,ehh mero tw website nai chaldaina tyo nid card nai chahinxa ho??,2026-07-25 20:14:48,True,True,0,0,0,0,64,12,20,-0.8660254037844386,0.5000000000000001,0.0,-0.3389076799462753,0.0,-0.40873061708160113,0.23357664233576642,0.6155738887499739,0.23529411764705882,0.6384229897870684,0.0,0.0,0.7428571428571429
7666473736036270856,7666379879197852423,6949018073941869570,NID number enter Garne ho tya NID card dekhauxa then auto fill hunxa. Afno category choose garne. New apply ho tpiko?,nid number enter garne ho tya nid card dekhauxa then auto fill hunxa. afno category choose garne. new apply ho tpiko?,2026-07-25 20:18:48,True,True,0,0,0,0,117,21,20,-0.8660254037844386,0.5000000000000001,0.0,-0.3389076799462753,0.0,-0.40873061708160113,0.42700729927007297,2.226307836108582,0.4117647058823529,2.133753349730755,0.0,0.0,2.257142857142857
7666474477810828052,7666379879197852423,7500623349687075846,"hajur mailey tyo thyaka yo biometric ko new update hunu Vanda 3,4 days aagdai form fill up gareko thi vayena vanya","hajur mailey tyo thyaka yo biometric ko new update hunu vanda 3,4 days aagdai form fill up gareko thi vayena vanya",2026-07-25 20:21:37,True,True,0,0,0,0,114,21,20,-0.8660254037844386,0.5000000000000001,0.0,-0.3389076799462753,0.0,-0.40873061708160113,0.41605839416058393,2.135134216446774,0.4117647058823529,2.133753349730755,0.0,0.0,2.1714285714285713
7666476117931016967,7666379879197852423,6949018073941869570,Same here. Biometric ko day nai new update aayo transport office NAI pugeko thiya.Sabai cancelled new update anusaar aafai garnu vnyo.,same here. biometric ko day nai new update aayo transport office nai pugeko thiya.sabai cancelled new update anusaar aafai garnu vnyo.,2026-07-25 20:27:56,True,True,0,0,0,0,134,21,20,-0.8660254037844386,0.5000000000000001,0.0,-0.3389076799462753,0.0,-0.40873061708160113,0.48905109489051096,2.742958347525494,0.4117647058823529,2.133753349730755,0.0,0.0,2.742857142857143
7666477701327749909,7666379879197852423,7500623349687075846,same kk aba yo new form nai fill up vayena ni,same kk aba yo new form nai fill up vayena ni,2026-07-25 20:34:20,True,True,0,0,0,0,45,11,20,-0.8660254037844386,0.5000000000000001,0.0,-0.3389076799462753,0.0,-0.40873061708160113,0.16423357664233576,0.03814096422518977,0.21568627450980393,0.4722751720155476,0.0,0.0,0.2
7666487701059371797,7666379879197852423,6655994650220232710,same problem,same problem,2026-07-25 21:12:56,True,True,0,0,0,0,12,2,21,-0.7071067811865477,0.7071067811865474,0.0,-0.3389076799462753,0.0,-0.40873061708160113,0.043795620437956206,-0.9647688520546984,0.0392156862745098,-1.023055187928139,0.0,0.0,-0.7428571428571429
7669292126434788103,,6614145656477024261,मेरो त यस्तो भन्छ सर के गर्नी आब,मेरो त यस्तो भन्छ सर के गर्नी आब,2026-08-02 10:35:38,False,True,0,0,0,1,32,8,10,0.49999999999999994,-0.8660254037844387,0.0,-0.3389076799462753,0.08333333333333333,0.47740622211970224,0.11678832116788321,-0.35694472097597835,0.1568627450980392,-0.02616828129901462,0.0,0.27023815442731974,-0.17142857142857143
7669292685743653640,7669292126434788103,6614145656477024261,,,2026-08-02 10:37:39,True,False,0,0,0,0,0,0,10,0.49999999999999994,-0.8660254037844387,0.0,-0.3389076799462753,0.0,-0.40873061708160113,0.0,-1.3294633307019306,0.0,-1.3553508234711804,0.0,0.0,-1.0857142857142856
7667842552151180048,,7142781549435077659,license ma vako number navayama chy k garne ?,license ma vako number navayama chy k garne ?,2026-07-29 12:50:35,False,True,0,0,0,1,45,9,12,1.2246467991473532e-16,-1.0,0.0,-0.3389076799462753,0.08333333333333333,0.47740622211970224,0.16423357664233576,0.03814096422518977,0.17647058823529413,0.1399795364725061,0.0,0.27023815442731974,0.2
7668186406519554834,7667842552151180048,7588871257367266322,office ma gayera bujhnu hola citizenship lagera,office ma gayera bujhnu hola citizenship lagera,2026-07-30 11:04:56,True,True,0,0,0,0,47,7,11,0.258819045102521,-0.9659258262890682,0.0,-0.3389076799462753,0.0,-0.40873061708160113,0.17153284671532848,0.09892337733306178,0.13725490196078433,-0.19231609907053535,0.0,0.0,0.2571428571428571
7668203171269935880,,7068314356517815322,bike KO lai 17 y leyh hunxa..??,bike ko lai 17 y leyh hunxa..??,2026-07-30 12:09:55,False,True,0,0,0,0,31,7,12,1.2246467991473532e-16,-1.0,0.0,-0.3389076799462753,0.0,-0.40873061708160113,0.11313868613138686,-0.3873359275299143,0.13725490196078433,-0.19231609907053535,0.0,0.0,-0.2
7666696140532171527,,6642847867281833989,mero ta chorharule dob nae mistake haleko xa nid samga link nae hudaena tesmathi tyo purano simcard harae sakyo,mero ta chorharule dob nae mistake haleko xa nid samga link nae hudaena tesmathi tyo purano simcard harae sakyo,2026-07-26 10:41:47,False,True,1,0,1,2,111,19,10,0.49999999999999994,-0.8660254037844387,0.1,1.0880720250906732,0.16666666666666666,1.3635430613210056,0.4051094890510949,2.043960596784966,0.37254901960784315,1.8014577141877135,0.2890648263178878,0.4283173410313946,2.085714285714286
7666784694176793351,7666696140532171527,7588871257367266322,NID ma dob bigreko?,nid ma dob bigreko?,2026-07-26 16:25:25,True,True,0,0,0,0,19,4,16,-0.8660254037844384,-0.5000000000000004,0.0,-0.3389076799462753,0.0,-0.40873061708160113,0.06934306569343066,-0.7520304061771464,0.0784313725490196,-0.6907595523850976,0.0,0.0,-0.5428571428571428
7666801802798154504,7666696140532171527,6642847867281833989,hoina driving license ma expire ne vaesakyo license,hoina driving license ma expire ne vaesakyo license,2026-07-26 17:31:47,True,True,0,0,0,0,51,8,17,-0.9659258262890683,-0.25881904510252063,0.0,-0.3389076799462753,0.0,-0.40873061708160113,0.18613138686131386,0.2204882035488058,0.1568627450980392,-0.02616828129901462,0.0,0.0,0.37142857142857144
7667919604052001554,,7513605503600051207,English ma exam Dina milxa kei Nai !,english ma exam dina milxa kei nai !,2026-07-29 17:49:23,False,True,0,0,0,1,36,8,17,-0.9659258262890683,-0.25881904510252063,0.0,-0.3389076799462753,0.08333333333333333,0.47740622211970224,0.13138686131386862,-0.2353798947602343,0.1568627450980392,-0.02616828129901462,0.0,0.27023815442731974,-0.05714285714285714
7668556183771300615,7667919604052001554,7106182951436534811,no,no,2026-07-31 10:59:46,True,True,0,0,0,0,2,1,10,0.49999999999999994,-0.8660254037844387,0.0,-0.3389076799462753,0.0,-0.40873061708160113,0.0072992700729927005,-1.2686809175940585,0.0196078431372549,-1.1892030056996599,0.0,0.0,-1.0285714285714285
7666653905006576404,,7664236354703901717,bike license age 16 haina,bike license age 16 haina,2026-07-26 07:57:59,False,True,1,0,1,5,25,5,7,0.9659258262890683,-0.25881904510252063,0.1,1.0880720250906732,0.4166666666666667,4.021953578924916,0.09124087591240876,-0.5696831668535304,0.09803921568627451,-0.5246117346135768,0.2890648263178878,0.6985554954587144,-0.37142857142857144
7666663299328787208,7666653905006576404,7588871257367266322,Ho. Age vanda ni citizenship huna parxa.,ho. age vanda ni citizenship huna parxa.,2026-07-26 08:34:21,True,True,0,0,0,0,40,7,8,0.8660254037844387,-0.4999999999999998,0.0,-0.3389076799462753,0.0,-0.40873061708160113,0.145985401459854,-0.11381506854449026,0.13725490196078433,-0.19231609907053535,0.0,0.0,0.05714285714285714
7666663422486037269,7666653905006576404,7664236354703901717,ani form varne Bela kina 18-60 only dekhairako xa sir,ani form varne bela kina 18-60 only dekhairako xa sir,2026-07-26 08:34:51,True,True,0,0,0,0,53,10,8,0.8660254037844387,-0.4999999999999998,0.0,-0.3389076799462753,0.0,-0.40873061708160113,0.19343065693430658,0.2812706166566778,0.19607843137254902,0.3061273542440269,0.0,0.0,0.42857142857142855
7666663638607004424,7666653905006576404,7588871257367266322,kun category lai apply gardai hunhunxa? bike 16 four wheeler 18 ho,kun category lai apply gardai hunhunxa? bike 16 four wheeler 18 ho,2026-07-26 08:35:50,True,True,0,0,0,0,66,12,8,0.8660254037844387,-0.4999999999999998,0.0,-0.3389076799462753,0.0,-0.40873061708160113,0.24087591240875914,0.6763563018578459,0.23529411764705882,0.6384229897870684,0.0,0.0,0.8
7667417287024116498,7666653905006576404,6882927049943286790,Yo option ta xhaina ta sir?,yo option ta xhaina ta sir?,2026-07-28 09:20:14,True,True,0,0,0,0,27,6,9,0.7071067811865476,-0.7071067811865475,0.0,-0.3389076799462753,0.0,-0.40873061708160113,0.09854014598540146,-0.5089007537456584,0.11764705882352941,-0.3584639168420561,0.0,0.0,-0.3142857142857143
7667042078145053448,7666653905006576404,7588871257367266322,DOB AD ma enter garnu hola BS ma hoina,dob ad ma enter garnu hola bs ma hoina,2026-07-27 09:04:19,True,True,0,0,0,0,38,9,9,0.7071067811865476,-0.7071067811865475,0.0,-0.3389076799462753,0.0,-0.40873061708160113,0.1386861313868613,-0.17459748165236227,0.17647058823529413,0.1399795364725061,0.0,0.0,0.0
7669441883378270996,,7017060111802205190,Good,good,2026-08-02 20:16:40,False,True,1,0,1,0,4,1,20,-0.8660254037844386,0.5000000000000001,0.1,1.0880720250906732,0.0,-0.40873061708160113,0.014598540145985401,-1.2078985044861865,0.0196078431372549,-1.1892030056996599,0.2890648263178878,0.0,-0.9714285714285714
7666685642684138247,,6640754150124371974,sir biometric ko form khulyo ki naii date naii dekhako xain form vory Pani kaila jani,sir biometric ko form khulyo ki naii date naii dekhako xain form vory pani kaila jani,2026-07-26 10:01:05,False,True,1,0,5,12,85,16,10,0.49999999999999994,-0.8660254037844387,0.5,6.795990845238468,1.0,10.22491145333404,0.3102189781021898,1.25378922638263,0.3137254901960784,1.3030142608731512,0.7472217363092141,1.0,1.3428571428571427
7666690418330895122,7666685642684138247,7588871257367266322,Naya license or renew?,naya license or renew?,2026-07-26 10:19:32,True,True,0,0,1,0,22,4,10,0.49999999999999994,-0.8660254037844387,0.1,1.0880720250906732,0.0,-0.40873061708160113,0.08029197080291971,-0.6608567865153384,0.0784313725490196,-0.6907595523850976,0.2890648263178878,0.0,-0.45714285714285713
7666690506537403154,7666685642684138247,6640754150124371974,Add license,add license,2026-07-26 10:19:58,True,True,0,0,0,0,11,2,10,0.49999999999999994,-0.8660254037844387,0.0,-0.3389076799462753,0.0,-0.40873061708160113,0.040145985401459854,-0.9951600586086344,0.0392156862745098,-1.023055187928139,0.0,0.0,-0.7714285714285715
7666690831093744402,7666685642684138247,6640754150124371974,voli Jada biometric hunxa ki naii form 7 Gatey voreyko aahila Banda vayara gako xain voli khulxa ki naii,voli jada biometric hunxa ki naii form 7 gatey voreyko aahila banda vayara gako xain voli khulxa ki naii,2026-07-26 10:21:18,True,True,0,0,0,0,104,19,10,0.49999999999999994,-0.8660254037844387,0.0,-0.3389076799462753,0.0,-0.40873061708160113,0.3795620437956204,1.8312221509074142,0.37254901960784315,1.8014577141877135,0.0,0.0,1.8857142857142857
7666706831456518919,7666685642684138247,7588871257367266322,jada hunxa biometric ko lagi,jada hunxa biometric ko lagi,2026-07-26 11:23:19,True,True,0,0,0,0,28,5,11,0.258819045102521,-0.9659258262890682,0.0,-0.3389076799462753,0.0,-0.40873061708160113,0.10218978102189781,-0.47850954719172234,0.09803921568627451,-0.5246117346135768,0.0,0.0,-0.2857142857142857
7666691207166591752,7666685642684138247,6640754150124371974,Date xain voli Jada HUXNA ?,date xain voli jada huxna ?,2026-07-26 10:22:42,True,True,0,0,0,0,27,6,10,0.49999999999999994,-0.8660254037844387,0.0,-0.3389076799462753,0.0,-0.40873061708160113,0.09854014598540146,-0.5089007537456584,0.11764705882352941,-0.3584639168420561,0.0,0.0,-0.3142857142857143
7666706938860782354,7666685642684138247,7588871257367266322,yasari NID number public nagarnu hola misuse huna sakxa 🙏,yasari nid number public nagarnu hola misuse huna sakxa 🙏,2026-07-26 11:23:45,True,True,0,0,0,0,57,10,11,0.258819045102521,-0.9659258262890682,0.0,-0.3389076799462753,0.0,-0.40873061708160113,0.20802919708029197,0.40283544287242185,0.19607843137254902,0.3061273542440269,0.0,0.0,0.5428571428571428
7666692275766559489,7666685642684138247,6689305963251745797,Sir form submit bhayesi medical KO lagi SMS auxa bhaneko cha Aja kati din bhaisako no any messages add category KO ! any update sir response garnu na hai,sir form submit bhayesi medical ko lagi sms auxa bhaneko cha aja kati din bhaisako no any messages add category ko ! any update sir response garnu na hai,2026-07-26 10:26:54,True,True,0,0,0,0,153,29,10,0.49999999999999994,-0.8660254037844387,0.0,-0.3389076799462753,0.0,-0.40873061708160113,0.5583941605839416,3.320391272050278,0.5686274509803921,3.462935891902921,0.0,0.0,3.2857142857142856
7666707116475892488,7666685642684138247,7588871257367266322,form print garera biometric ko lagi office jada hunxa,form print garera biometric ko lagi office jada hunxa,2026-07-26 11:24:19,True,True,0,0,0,0,53,9,11,0.258819045102521,-0.9659258262890682,0.0,-0.3389076799462753,0.0,-0.40873061708160113,0.19343065693430658,0.2812706166566778,0.17647058823529413,0.1399795364725061,0.0,0.0,0.42857142857142855
7666700714513679112,7666685642684138247,6949018073941869570,New license ko laagi medical option ma pugesi k hi option chhaina and Dr. ko number diyako ma call garda lagdaina. Office nai visit garnu parxa ho? please suggest me.,new license ko laagi medical option ma pugesi k hi option chhaina and dr. ko number diyako ma call garda lagdaina. office nai visit garnu parxa ho? please suggest me.,2026-07-26 10:59:40,True,True,0,0,0,0,166,30,10,0.49999999999999994,-0.8660254037844387,0.0,-0.3389076799462753,0.0,-0.40873061708160113,0.6058394160583942,3.7154769572514463,0.5882352941176471,3.629083709674442,0.0,0.0,3.657142857142857
7666706653635003154,7666685642684138247,7588871257367266322,medical transport office mai hunxa biometric sangai,medical transport office mai hunxa biometric sangai,2026-07-26 11:22:37,True,True,0,0,0,0,51,7,11,0.258819045102521,-0.9659258262890682,0.0,-0.3389076799462753,0.0,-0.40873061708160113,0.18613138686131386,0.2204882035488058,0.13725490196078433,-0.19231609907053535,0.0,0.0,0.37142857142857144
7666708202218242823,7666685642684138247,6949018073941869570,Voli Jada hunxa? But k hi office ko name nai deko chhaina? Najik ko transport office visit garda hunxa??,voli jada hunxa? but k hi office ko name nai deko chhaina? najik ko transport office visit garda hunxa??,2026-07-26 11:28:36,True,True,0,0,0,0,104,19,11,0.258819045102521,-0.9659258262890682,0.0,-0.3389076799462753,0.0,-0.40873061708160113,0.3795620437956204,1.8312221509074142,0.37254901960784315,1.8014577141877135,0.0,0.0,1.8857142857142857
7666726920600404744,7666685642684138247,7588871257367266322,form vorda select garnu vayeko transport office,form vorda select garnu vayeko transport office,2026-07-26 12:41:18,True,True,0,0,0,0,47,7,12,1.2246467991473532e-16,-1.0,0.0,-0.3389076799462753,0.0,-0.40873061708160113,0.17153284671532848,0.09892337733306178,0.13725490196078433,-0.19231609907053535,0.0,0.0,0.2571428571428571
7665968355988046612,,7434056393714467846,Sununa . Mero I'd register vayena . ma phone number mummy ko use garxu . harek thau ma tei number rakheko xu . Ani yeta register garna tyo number namilne rexa . aba k garum?,sununa . mero i'd register vayena . ma phone number mummy ko use garxu . harek thau ma tei number rakheko xu . ani yeta register garna tyo number namilne rexa . aba k garum?,2026-07-24 11:37:44,False,True,1,0,1,1,173,35,11,0.258819045102521,-0.9659258262890682,0.1,1.0880720250906732,0.08333333333333333,0.47740622211970224,0.6313868613138686,3.9282154031289984,0.6862745098039216,4.459822798532046,0.2890648263178878,0.27023815442731974,3.857142857142857
7665989762247049992,7665968355988046612,7588871257367266322,either use another number or transfer sim ownership to your name.,either use another number or transfer sim ownership to your name.,2026-07-24 13:00:40,True,True,0,0,1,0,65,11,13,-0.2588190451025208,-0.9659258262890683,0.1,1.0880720250906732,0.0,-0.40873061708160113,0.23722627737226276,0.6459650953039099,0.21568627450980393,0.4722751720155476,0.2890648263178878,0.0,0.7714285714285715
7666718497938375431,,6746132614639715329,Sir meroo chae add category ma. Mistake vako. Xa. Teslai. Kasari. Sachauna sakinxa,sir meroo chae add category ma. mistake vako. xa. teslai. kasari. sachauna sakinxa,2026-07-26 12:08:41,False,True,1,0,1,1,82,13,12,1.2246467991473532e-16,-1.0,0.1,1.0880720250906732,0.08333333333333333,0.47740622211970224,0.29927007299270075,1.162615606720822,0.2549019607843137,0.804570807558589,0.2890648263178878,0.27023815442731974,1.2571428571428571
7666727077941199624,7666718497938375431,7588871257367266322,tesko lagi transport office nai janu parxa hola,tesko lagi transport office nai janu parxa hola,2026-07-26 12:41:53,True,True,0,0,0,0,47,8,12,1.2246467991473532e-16,-1.0,0.0,-0.3389076799462753,0.0,-0.40873061708160113,0.17153284671532848,0.09892337733306178,0.1568627450980392,-0.02616828129901462,0.0,0.0,0.2571428571428571
7667045027579003655,,6695243401078735878,This license does not belong to this Province. vancha k ho yo Vena KO mero लाइसेन्स बागमती प्रदेश को हो भन्दिनु परो plz 😳,this license does not belong to this province. vancha k ho yo vena ko mero लाइसेन्स बागमती प्रदेश को हो भन्दिनु परो plz 😳,2026-07-27 09:15:41,False,True,1,0,1,4,121,24,9,0.7071067811865476,-0.7071067811865475,0.1,1.0880720250906732,0.3333333333333333,3.135816739723612,0.4416058394160584,2.3478726623243262,0.47058823529411764,2.6321968030453173,0.2890648263178878,0.6274735630753033,2.3714285714285714
7667047939860103954,7667045027579003655,7588871257367266322,edlvrs.bagamati.gov.np yas batai garnu vako ho ?,edlvrs.bagamati.gov.np yas batai garnu vako ho ?,2026-07-27 09:26:58,True,True,0,0,0,0,48,7,9,0.7071067811865476,-0.7071067811865475,0.0,-0.3389076799462753,0.0,-0.40873061708160113,0.17518248175182483,0.1293145838869978,0.13725490196078433,-0.19231609907053535,0.0,0.0,0.2857142857142857
7667049653334410002,7667045027579003655,6695243401078735878,hoo sir,hoo sir,2026-07-27 09:33:39,True,True,0,0,0,0,7,2,9,0.7071067811865476,-0.7071067811865475,0.0,-0.3389076799462753,0.0,-0.40873061708160113,0.025547445255474453,-1.1167248848243785,0.0392156862745098,-1.023055187928139,0.0,0.0,-0.8857142857142857
7667050794890806023,7667045027579003655,7588871257367266322,"ekchoti details verify garnu hola afno. Details thik cha vane, server issue huna sakxa","ekchoti details verify garnu hola afno. details thik cha vane, server issue huna sakxa",2026-07-27 09:38:17,True,True,0,0,0,0,86,14,9,0.7071067811865476,-0.7071067811865475,0.0,-0.3389076799462753,0.0,-0.40873061708160113,0.31386861313868614,1.284180432936566,0.27450980392156865,0.9707186253301098,0.0,0.0,1.3714285714285714
7667051111614350098,7667045027579003655,6695243401078735878,verifiy kashari garne ho sir plz,verifiy kashari garne ho sir plz,2026-07-27 09:39:16,True,True,0,0,0,0,32,6,9,0.7071067811865476,-0.7071067811865475,0.0,-0.3389076799462753,0.0,-0.40873061708160113,0.11678832116788321,-0.35694472097597835,0.11764705882352941,-0.3584639168420561,0.0,0.0,-0.17142857142857143
7667928320826524436,,7653058097460708373,BILLBOOK KO PANE VIDEO PLEASE,billbook ko pane video please,2026-07-29 18:23:17,False,True,1,0,2,2,29,5,18,-1.0,-1.8369701987210297e-16,0.2,2.5150517301276216,0.16666666666666666,1.3635430613210056,0.10583941605839416,-0.4481183406377863,0.09803921568627451,-0.5246117346135768,0.45815690999132613,0.4283173410313946,-0.2571428571428571
7668016544483836690,7667928320826524436,7588871257367266322,huss hunxa chadai auxa,huss hunxa chadai auxa,2026-07-30 00:05:37,True,True,0,0,1,0,22,4,0,0.0,1.0,0.1,1.0880720250906732,0.0,-0.40873061708160113,0.08029197080291971,-0.6608567865153384,0.0784313725490196,-0.6907595523850976,0.2890648263178878,0.0,-0.45714285714285713
7668119671665591061,7667928320826524436,7653058097460708373,thanks,thanks,2026-07-30 06:46:13,True,True,0,0,1,0,6,1,6,1.0,6.123233995736766e-17,0.1,1.0880720250906732,0.0,-0.40873061708160113,0.021897810218978103,-1.1471160913783145,0.0196078431372549,-1.1892030056996599,0.2890648263178878,0.0,-0.9142857142857143
7665741367209050881,,7431407284931527697,ani retrial ko rajaswa?,ani retrial ko rajaswa?,2026-07-23 20:56:41,False,True,1,0,1,1,23,4,20,-0.8660254037844386,0.5000000000000001,0.1,1.0880720250906732,0.08333333333333333,0.47740622211970224,0.08394160583941605,-0.6304655799614024,0.0784313725490196,-0.6907595523850976,0.2890648263178878,0.27023815442731974,-0.42857142857142855
7666690551777493778,7665741367209050881,7588871257367266322,office visit garera pay garnu parxa hola,office visit garera pay garnu parxa hola,2026-07-26 10:20:06,True,True,1,0,1,0,40,7,10,0.49999999999999994,-0.8660254037844387,0.1,1.0880720250906732,0.0,-0.40873061708160113,0.145985401459854,-0.11381506854449026,0.13725490196078433,-0.19231609907053535,0.2890648263178878,0.0,0.05714285714285714
7667948455439975188,,6584785833328590853,lekhit ni online huna lagya ho ki office janu parxa,lekhit ni online huna lagya ho ki office janu parxa,2026-07-29 19:41:23,False,True,0,0,0,3,51,10,19,-0.9659258262890684,0.2588190451025203,0.0,-0.3389076799462753,0.25,2.2496799005223087,0.18613138686131386,0.2204882035488058,0.19607843137254902,0.3061273542440269,0.0,0.5404763088546395,0.37142857142857144
7668017051152450322,7667948455439975188,7588871257367266322,likhit lai office nai janu parxa hola. System ma option xaina,likhit lai office nai janu parxa hola. system ma option xaina,2026-07-30 00:07:42,True,True,0,0,1,0,61,11,0,0.0,1.0,0.1,1.0880720250906732,0.0,-0.40873061708160113,0.22262773722627738,0.5244002690881658,0.21568627450980393,0.4722751720155476,0.2890648263178878,0.0,0.6571428571428571
7668243463326515989,7667948455439975188,7038368059363247110,Nid xa age 2009 milxa ki naii,nid xa age 2009 milxa ki naii,2026-07-30 14:46:17,True,True,0,0,1,0,29,7,14,-0.4999999999999997,-0.8660254037844388,0.1,1.0880720250906732,0.0,-0.40873061708160113,0.10583941605839416,-0.4481183406377863,0.13725490196078433,-0.19231609907053535,0.2890648263178878,0.0,-0.2571428571428571
7668021697547944724,7667948455439975188,6584785833328590853,Ea huss kaila khulxa ni form varna lai,ea huss kaila khulxa ni form varna lai,2026-07-30 00:25:47,True,True,0,0,0,0,38,8,0,0.0,1.0,0.0,-0.3389076799462753,0.0,-0.40873061708160113,0.1386861313868613,-0.17459748165236227,0.1568627450980392,-0.02616828129901462,0.0,0.0,0.0
7667571734120039176,,7271201390541882370,nagrita vaye hunna ra license ko form varna ??18 barsha lagna parxa ra ??,nagrita vaye hunna ra license ko form varna ??18 barsha lagna parxa ra ??,2026-07-28 19:19:33,False,True,0,0,0,2,73,14,19,-0.9659258262890684,0.2588190451025203,0.0,-0.3389076799462753,0.16666666666666666,1.3635430613210056,0.2664233576642336,0.889094747735398,0.27450980392156865,0.9707186253301098,0.0,0.4283173410313946,1.0
7667613257402204935,7667571734120039176,7588871257367266322,NID chayinxa. aba dekhi bike ko 18 gadi ko 21,nid chayinxa. aba dekhi bike ko 18 gadi ko 21,2026-07-28 22:00:39,True,True,0,0,2,0,45,10,22,-0.5000000000000004,0.8660254037844384,0.2,2.5150517301276216,0.0,-0.40873061708160113,0.16423357664233576,0.03814096422518977,0.19607843137254902,0.3061273542440269,0.45815690999132613,0.0,0.2
7667739793589175048,7667571734120039176,7271201390541882370,nid pani xa sir 17 barsha ko la paudaina aaba,nid pani xa sir 17 barsha ko la paudaina aaba,2026-07-29 06:11:47,True,True,0,0,0,0,45,10,6,1.0,6.123233995736766e-17,0.0,-0.3389076799462753,0.0,-0.40873061708160113,0.16423357664233576,0.03814096422518977,0.19607843137254902,0.3061273542440269,0.0,0.0,0.2
7667825580361073409,,7132314339066971141,sir new licence KO Saturday online form vareKo biometric garna Jani date Nai aXaina k hunXa abo,sir new licence ko saturday online form vareko biometric garna jani date nai axaina k hunxa abo,2026-07-29 11:45:10,False,True,0,0,0,1,95,17,11,0.258819045102521,-0.9659258262890682,0.0,-0.3389076799462753,0.08333333333333333,0.47740622211970224,0.3467153284671533,1.5577012919219901,0.3333333333333333,1.469162078644672,0.0,0.27023815442731974,1.6285714285714286
7668017698924364562,7667825580361073409,7588871257367266322,website update vaye paxi milxa,website update vaye paxi milxa,2026-07-30 00:10:08,True,True,0,0,0,0,30,5,0,0.0,1.0,0.0,-0.3389076799462753,0.0,-0.40873061708160113,0.10948905109489052,-0.4177271340838503,0.09803921568627451,-0.5246117346135768,0.0,0.0,-0.22857142857142856
7667176497551459080,,7545510895380710401,Fee xai kasari tirne ho,fee xai kasari tirne ho,2026-07-27 17:45:48,False,True,1,0,2,3,23,5,17,-0.9659258262890683,-0.25881904510252063,0.2,2.5150517301276216,0.25,2.2496799005223087,0.08394160583941605,-0.6304655799614024,0.09803921568627451,-0.5246117346135768,0.45815690999132613,0.5404763088546395,-0.42857142857142855
7667186914336965383,7667176497551459080,7588871257367266322,System update ko kaam sakke paxi online batai garna sakine cha,system update ko kaam sakke paxi online batai garna sakine cha,2026-07-27 18:26:22,True,True,0,0,1,0,62,11,18,-1.0,-1.8369701987210297e-16,0.1,1.0880720250906732,0.0,-0.40873061708160113,0.22627737226277372,0.5547914756421019,0.21568627450980393,0.4722751720155476,0.2890648263178878,0.0,0.6857142857142857
7667187329250034439,7667176497551459080,7545510895380710401,Ajja sake ko xaina,ajja sake ko xaina,2026-07-27 18:27:51,True,True,0,0,0,0,18,4,18,-1.0,-1.8369701987210297e-16,0.0,-0.3389076799462753,0.0,-0.40873061708160113,0.06569343065693431,-0.7824216127310825,0.0784313725490196,-0.6907595523850976,0.0,0.0,-0.5714285714285714
7667189577510355730,7667176497551459080,7588871257367266322,xaina hajur,xaina hajur,2026-07-27 18:36:38,True,True,0,0,0,0,11,2,18,-1.0,-1.8369701987210297e-16,0.0,-0.3389076799462753,0.0,-0.40873061708160113,0.040145985401459854,-0.9951600586086344,0.0392156862745098,-1.023055187928139,0.0,0.0,-0.7714285714285715
7667509799094321927,,7023581074648155142,Naya Liscense ko fee kasari varnay ho,naya liscense ko fee kasari varnay ho,2026-07-28 15:19:21,False,True,0,0,0,3,37,7,15,-0.7071067811865471,-0.7071067811865479,0.0,-0.3389076799462753,0.25,2.2496799005223087,0.13503649635036497,-0.2049886882062983,0.13725490196078433,-0.19231609907053535,0.0,0.5404763088546395,-0.02857142857142857
7667612877923435271,7667509799094321927,7588871257367266322,online batai milxa,online batai milxa,2026-07-28 21:59:13,True,True,0,0,0,0,18,3,21,-0.7071067811865477,0.7071067811865474,0.0,-0.3389076799462753,0.0,-0.40873061708160113,0.06569343065693431,-0.7824216127310825,0.058823529411764705,-0.8569073701566183,0.0,0.0,-0.5714285714285714
7667996994463810311,7667509799094321927,7274247128154457093,Mero trial pass vako 13 din vayesakyo Aile Samma rajaso tirnw pako xainw online bata payment kasari garinxa plz Sir vandinu nw...?,mero trial pass vako 13 din vayesakyo aile samma rajaso tirnw pako xainw online bata payment kasari garinxa plz sir vandinu nw...?,2026-07-29 22:49:43,True,True,0,0,0,0,130,22,22,-0.5000000000000004,0.8660254037844384,0.0,-0.3389076799462753,0.0,-0.40873061708160113,0.4744525547445255,2.62139352130975,0.43137254901960786,2.299901167502276,0.0,0.0,2.6285714285714286
7667633796477272850,7667509799094321927,7023581074648155142,How,how,2026-07-28 23:20:21,True,True,0,0,0,0,3,1,23,-0.25881904510252157,0.9659258262890681,0.0,-0.3389076799462753,0.0,-0.40873061708160113,0.010948905109489052,-1.2382897110401225,0.0196078431372549,-1.1892030056996599,0.0,0.0,-1.0
7666698475698275092,,6887107518960436229,form khuley ko xa ki nai,form khuley ko xa ki nai,2026-07-26 10:50:54,False,True,1,0,1,4,24,6,10,0.49999999999999994,-0.8660254037844387,0.1,1.0880720250906732,0.3333333333333333,3.135816739723612,0.08759124087591241,-0.6000743734074664,0.11764705882352941,-0.3584639168420561,0.2890648263178878,0.6274735630753033,-0.4
7666784608315179794,7666698475698275092,7588871257367266322,"khulirako hunxa, date select garna milxa","khulirako hunxa, date select garna milxa",2026-07-26 16:25:06,True,True,0,0,0,0,40,6,16,-0.8660254037844384,-0.5000000000000004,0.0,-0.3389076799462753,0.0,-0.40873061708160113,0.145985401459854,-0.11381506854449026,0.11764705882352941,-0.3584639168420561,0.0,0.0,0.05714285714285714
7666789487980086037,7666698475698275092,6887107518960436229,"aaja heyray ko sabai NiD details variyo
otp pani aayo .ani continue garda error vano kina",aaja heyray ko sabai nid details variyo otp pani aayo .ani continue garda error vano kina,2026-07-26 16:44:02,True,True,0,0,0,0,89,16,16,-0.8660254037844384,-0.5000000000000004,0.0,-0.3389076799462753,0.0,-0.40873061708160113,0.3248175182481752,1.375354052598374,0.3137254901960784,1.3030142608731512,0.0,0.0,1.457142857142857
7666790867014189832,7666698475698275092,7588871257367266322,server issue vayera hola. retry garnu hola,server issue vayera hola. retry garnu hola,2026-07-26 16:49:31,True,True,0,0,0,0,42,7,16,-0.8660254037844384,-0.5000000000000004,0.0,-0.3389076799462753,0.0,-0.40873061708160113,0.15328467153284672,-0.05303265543661825,0.13725490196078433,-0.19231609907053535,0.0,0.0,0.11428571428571428
7666813647520531220,7666698475698275092,6887107518960436229,medical ma chai k garni ho.teya vako number ma call garni hoki k ma click garnu ho,medical ma chai k garni ho.teya vako number ma call garni hoki k ma click garnu ho,2026-07-26 18:17:51,True,True,0,0,0,0,82,17,18,-1.0,-1.8369701987210297e-16,0.0,-0.3389076799462753,0.0,-0.40873061708160113,0.29927007299270075,1.162615606720822,0.3333333333333333,1.469162078644672,0.0,0.0,1.2571428571428571
7668302352709272321,,6683451857526490118,Mero add garna mila ko xaina Kina hola,mero add garna mila ko xaina kina hola,2026-07-30 18:34:41,False,True,0,0,0,0,38,8,18,-1.0,-1.8369701987210297e-16,0.0,-0.3389076799462753,0.0,-0.40873061708160113,0.1386861313868613,-0.17459748165236227,0.1568627450980392,-0.02616828129901462,0.0,0.0,0.0
7668300311173497620,,7392652598950249479,2083 ma bike KO license jikni fix umer vandina paryo,2083 ma bike ko license jikni fix umer vandina paryo,2026-07-30 18:26:51,False,True,0,0,1,1,52,10,18,-1.0,-1.8369701987210297e-16,0.1,1.0880720250906732,0.08333333333333333,0.47740622211970224,0.1897810218978102,0.25087941010274184,0.19607843137254902,0.3061273542440269,0.2890648263178878,0.27023815442731974,0.4
7668555960332469000,7668300311173497620,7106182951436534811,16+ for bike,16+ for bike,2026-07-31 10:58:56,True,True,0,0,0,0,12,3,10,0.49999999999999994,-0.8660254037844387,0.0,-0.3389076799462753,0.0,-0.40873061708160113,0.043795620437956206,-0.9647688520546984,0.058823529411764705,-0.8569073701566183,0.0,0.0,-0.7428571428571429
7667422740572324624,,7249290610389386246,Rajaswa chai kasari tirnu parxa?,rajaswa chai kasari tirnu parxa?,2026-07-28 09:42:18,False,True,1,0,1,1,32,5,9,0.7071067811865476,-0.7071067811865475,0.1,1.0880720250906732,0.08333333333333333,0.47740622211970224,0.11678832116788321,-0.35694472097597835,0.09803921568627451,-0.5246117346135768,0.2890648263178878,0.27023815442731974,-0.17142857142857143
7667429225095709448,7667422740572324624,7588871257367266322,application approve vayo vane online bata garna milxa. System update hunjel samma kurnu hola,application approve vayo vane online bata garna milxa. system update hunjel samma kurnu hola,2026-07-28 10:06:33,True,True,0,0,0,0,92,14,10,0.49999999999999994,-0.8660254037844387,0.0,-0.3389076799462753,0.0,-0.40873061708160113,0.3357664233576642,1.466527672260182,0.27450980392156865,0.9707186253301098,0.0,0.0,1.542857142857143
7667759987930743560,,6522287339984699394,Ani rajaswa tirna Lai system kaile aaucha,ani rajaswa tirna lai system kaile aaucha,2026-07-29 07:30:14,False,True,0,0,0,1,41,7,7,0.9659258262890683,-0.25881904510252063,0.0,-0.3389076799462753,0.08333333333333333,0.47740622211970224,0.14963503649635038,-0.08342386199055427,0.13725490196078433,-0.19231609907053535,0.0,0.27023815442731974,0.08571428571428572
7668016226488091400,7667759987930743560,7588871257367266322,"yasmai payment option cha , update ko kaam sake paxi chalxa","yasmai payment option cha , update ko kaam sake paxi chalxa",2026-07-30 00:04:22,True,True,0,0,0,0,59,11,0,0.0,1.0,0.0,-0.3389076799462753,0.0,-0.40873061708160113,0.21532846715328466,0.46361785598029387,0.21568627450980393,0.4722751720155476,0.0,0.0,0.6
7666802490214974224,,7499116225848673300,New license ko form kasari varnea Ra retrail kasari kasari garnea vandinu pareo,new license ko form kasari varnea ra retrail kasari kasari garnea vandinu pareo,2026-07-26 17:34:31,False,True,1,0,1,1,79,13,17,-0.9659258262890683,-0.25881904510252063,0.1,1.0880720250906732,0.08333333333333333,0.47740622211970224,0.28832116788321166,1.071441987059014,0.2549019607843137,0.804570807558589,0.2890648263178878,0.27023815442731974,1.1714285714285715
7667092142331151112,7666802490214974224,7588871257367266322,edlvrs.bagamati.gov.np ma gayera new license. aru pradesh bata ho vane chai pradesh ko naam change garnu hola,edlvrs.bagamati.gov.np ma gayera new license. aru pradesh bata ho vane chai pradesh ko naam change garnu hola,2026-07-27 12:18:34,True,True,0,0,0,0,109,17,12,1.2246467991473532e-16,-1.0,0.0,-0.3389076799462753,0.0,-0.40873061708160113,0.3978102189781022,1.983178183677094,0.3333333333333333,1.469162078644672,0.0,0.0,2.0285714285714285
7667453437331948295,,7064472808534279194,Rajaswo kasri tirne sir,rajaswo kasri tirne sir,2026-07-28 11:40:31,False,True,0,0,0,1,23,4,11,0.258819045102521,-0.9659258262890682,0.0,-0.3389076799462753,0.08333333333333333,0.47740622211970224,0.08394160583941605,-0.6304655799614024,0.0784313725490196,-0.6907595523850976,0.0,0.27023815442731974,-0.42857142857142855
7667613013543289618,7667453437331948295,7588871257367266322,online batai milxa Payment option bata 1 2 din kurnu hola,online batai milxa payment option bata 1 2 din kurnu hola,2026-07-28 21:59:41,True,True,0,0,0,0,57,11,21,-0.7071067811865477,0.7071067811865474,0.0,-0.3389076799462753,0.0,-0.40873061708160113,0.20802919708029197,0.40283544287242185,0.21568627450980393,0.4722751720155476,0.0,0.0,0.5428571428571428
7667734330386563848,,6865697642577085446,barga thap kasari garne ho auta video banaidinua na sir,barga thap kasari garne ho auta video banaidinua na sir,2026-07-29 05:50:37,False,True,1,0,1,1,55,10,5,0.9659258262890683,0.25881904510252074,0.1,1.0880720250906732,0.08333333333333333,0.47740622211970224,0.20072992700729927,0.3420530297645498,0.19607843137254902,0.3061273542440269,0.2890648263178878,0.27023815442731974,0.4857142857142857
7668016259875373831,7667734330386563848,7588871257367266322,huss chadai auxa,huss chadai auxa,2026-07-30 00:04:33,True,True,0,0,0,0,16,3,0,0.0,1.0,0.0,-0.3389076799462753,0.0,-0.40873061708160113,0.058394160583941604,-0.8432040258389544,0.058823529411764705,-0.8569073701566183,0.0,0.0,-0.6285714285714286
7667780954601177873,,7640429677916341264,server thik vayo ki nai sir,server thik vayo ki nai sir,2026-07-29 08:51:27,False,True,0,0,0,1,27,6,8,0.8660254037844387,-0.4999999999999998,0.0,-0.3389076799462753,0.08333333333333333,0.47740622211970224,0.09854014598540146,-0.5089007537456584,0.11764705882352941,-0.3584639168420561,0.0,0.27023815442731974,-0.3142857142857143
7668016474678608648,7667780954601177873,7588871257367266322,hudai cha sakeko xaina,hudai cha sakeko xaina,2026-07-30 00:05:23,True,True,0,0,0,0,22,4,0,0.0,1.0,0.0,-0.3389076799462753,0.0,-0.40873061708160113,0.08029197080291971,-0.6608567865153384,0.0784313725490196,-0.6907595523850976,0.0,0.0,-0.45714285714285713
7667636867823665941,,7259762774196454402,How to check license print B category?,how to check license print b category?,2026-07-28 23:32:29,False,True,0,0,0,1,38,7,23,-0.25881904510252157,0.9659258262890681,0.0,-0.3389076799462753,0.08333333333333333,0.47740622211970224,0.1386861313868613,-0.17459748165236227,0.13725490196078433,-0.19231609907053535,0.0,0.27023815442731974,0.0
7668017528564220690,7667636867823665941,7588871257367266322,application tracking option bata garna milxa,application tracking option bata garna milxa,2026-07-30 00:09:27,True,True,0,0,0,0,44,6,0,0.0,1.0,0.0,-0.3389076799462753,0.0,-0.40873061708160113,0.16058394160583941,0.0077497576712537595,0.11764705882352941,-0.3584639168420561,0.0,0.0,0.17142857142857143
7666704900269654804,,7084561665630979078,Sir mero garda feri aafnai sim ma cha number pani tei pani mobile number must be own vanera aauxa kina hola?,sir mero garda feri aafnai sim ma cha number pani tei pani mobile number must be own vanera aauxa kina hola?,2026-07-26 11:15:56,False,True,1,0,1,1,108,21,11,0.258819045102521,-0.9659258262890682,0.1,1.0880720250906732,0.08333333333333333,0.47740622211970224,0.39416058394160586,1.952786977123158,0.4117647058823529,2.133753349730755,0.2890648263178878,0.27023815442731974,2.0
7666784526413415175,7666704900269654804,7588871257367266322,ekchoti telecom ma verify garnu hola,ekchoti telecom ma verify garnu hola,2026-07-26 16:24:50,True,True,0,0,0,0,36,6,16,-0.8660254037844384,-0.5000000000000004,0.0,-0.3389076799462753,0.0,-0.40873061708160113,0.13138686131386862,-0.2353798947602343,0.11764705882352941,-0.3584639168420561,0.0,0.0,-0.05714285714285714
7666301931857543956,,7260306363715437573,Visiting date hunna exam ko hawa service,visiting date hunna exam ko hawa service,2026-07-25 09:12:07,False,True,1,0,1,1,40,7,9,0.7071067811865476,-0.7071067811865475,0.1,1.0880720250906732,0.08333333333333333,0.47740622211970224,0.145985401459854,-0.11381506854449026,0.13725490196078433,-0.19231609907053535,0.2890648263178878,0.27023815442731974,0.05714285714285714
7666663377099686674,7666301931857543956,7588871257367266322,jaile jada ni hunxa application download garera,jaile jada ni hunxa application download garera,2026-07-26 08:34:42,True,True,0,0,0,0,47,7,8,0.8660254037844387,-0.4999999999999998,0.0,-0.3389076799462753,0.0,-0.40873061708160113,0.17153284671532848,0.09892337733306178,0.13725490196078433,-0.19231609907053535,0.0,0.0,0.2571428571428571
7667485598063854352,,6610606680865456130,NID regular ho ra aba,nid regular ho ra aba,2026-07-28 13:45:18,False,True,0,0,0,1,21,5,13,-0.2588190451025208,-0.9659258262890683,0.0,-0.3389076799462753,0.08333333333333333,0.47740622211970224,0.07664233576642336,-0.6912479930692744,0.09803921568627451,-0.5246117346135768,0.0,0.27023815442731974,-0.4857142857142857
7667612849203577608,7667485598063854352,7588871257367266322,hajur ho,hajur ho,2026-07-28 21:59:02,True,True,0,0,0,0,8,2,21,-0.7071067811865477,0.7071067811865474,0.0,-0.3389076799462753,0.0,-0.40873061708160113,0.029197080291970802,-1.0863336782704425,0.0392156862745098,-1.023055187928139,0.0,0.0,-0.8571428571428571
7667748666145784593,,7496370936120640530,Police report upload garnu parne raicha before you proceed,police report upload garnu parne raicha before you proceed,2026-07-29 06:47:15,False,True,0,0,0,1,58,9,6,1.0,6.123233995736766e-17,0.0,-0.3389076799462753,0.08333333333333333,0.47740622211970224,0.2116788321167883,0.43322664942635786,0.17647058823529413,0.1399795364725061,0.0,0.27023815442731974,0.5714285714285714
7668016822676882194,7667748666145784593,7588871257367266322,license ko lagi pardaina sir,license ko lagi pardaina sir,2026-07-30 00:06:46,True,True,0,0,0,0,28,5,0,0.0,1.0,0.0,-0.3389076799462753,0.0,-0.40873061708160113,0.10218978102189781,-0.47850954719172234,0.09803921568627451,-0.5246117346135768,0.0,0.0,-0.2857142857142857
7666827800212620052,,7326110207942296581,Doctor selects ma check up garara selects garnee ho sir ke k ho sir,doctor selects ma check up garara selects garnee ho sir ke k ho sir,2026-07-26 19:12:43,False,True,1,0,1,1,67,14,19,-0.9659258262890684,0.2588190451025203,0.1,1.0880720250906732,0.08333333333333333,0.47740622211970224,0.24452554744525548,0.7067475084117819,0.27450980392156865,0.9707186253301098,0.2890648263178878,0.27023815442731974,0.8285714285714286
7667052133703631624,7666827800212620052,7588871257367266322,tyaa vako dr lai phone garnu hola or transport office ma gayera ni medical garna milxa,tyaa vako dr lai phone garnu hola or transport office ma gayera ni medical garna milxa,2026-07-27 09:43:19,True,True,0,0,0,0,86,16,9,0.7071067811865476,-0.7071067811865475,0.0,-0.3389076799462753,0.0,-0.40873061708160113,0.31386861313868614,1.284180432936566,0.3137254901960784,1.3030142608731512,0.0,0.0,1.3714285714285714
7667510967181853460,,6865627183835464709,new licence ko rajaswa tirne xaina tw,new licence ko rajaswa tirne xaina tw,2026-07-28 15:23:46,False,True,0,0,0,1,37,7,15,-0.7071067811865471,-0.7071067811865479,0.0,-0.3389076799462753,0.08333333333333333,0.47740622211970224,0.13503649635036497,-0.2049886882062983,0.13725490196078433,-0.19231609907053535,0.0,0.27023815442731974,-0.02857142857142857
7667613138178867976,7667510967181853460,7588871257367266322,system update ko kaam sakke paxi online batai milxa,system update ko kaam sakke paxi online batai milxa,2026-07-28 22:00:09,True,True,0,0,0,0,51,9,22,-0.5000000000000004,0.8660254037844384,0.0,-0.3389076799462753,0.0,-0.40873061708160113,0.18613138686131386,0.2204882035488058,0.17647058823529413,0.1399795364725061,0.0,0.0,0.37142857142857144
7667952605801317140,,6937904852434174982,Doctor select garnai mildaina khai k vako 🤦,doctor select garnai mildaina khai k vako 🤦,2026-07-29 19:57:39,False,True,0,0,0,1,43,8,19,-0.9659258262890684,0.2588190451025203,0.0,-0.3389076799462753,0.08333333333333333,0.47740622211970224,0.15693430656934307,-0.022641448882682248,0.1568627450980392,-0.02616828129901462,0.0,0.27023815442731974,0.14285714285714285
7668016128031523591,7667952605801317140,7588871257367266322,list update ko kaam sakke paxi milxa,list update ko kaam sakke paxi milxa,2026-07-30 00:04:01,True,True,0,0,0,0,36,7,0,0.0,1.0,0.0,-0.3389076799462753,0.0,-0.40873061708160113,0.13138686131386862,-0.2353798947602343,0.13725490196078433,-0.19231609907053535,0.0,0.0,-0.05714285714285714
7668360832291488530,,7066382499199370245,Sir payment chai kasari garna ho?,sir payment chai kasari garna ho?,2026-07-30 22:21:35,False,True,0,0,0,0,33,6,22,-0.5000000000000004,0.8660254037844384,0.0,-0.3389076799462753,0.0,-0.40873061708160113,0.12043795620437957,-0.32655351442204233,0.11764705882352941,-0.3584639168420561,0.0,0.0,-0.14285714285714285
7667833100835439368,,7627439101340091409,license renew गर्नुपर्ने तर blood group mistake छ पुरानो license मा अब के गर्ने? server बनेको छैन भन्छ कल गर्दा,license renew गर्नुपर्ने तर blood group mistake छ पुरानो license मा अब के गर्ने? server बनेको छैन भन्छ कल गर्दा,2026-07-29 12:13:45,False,True,0,0,0,1,111,20,12,1.2246467991473532e-16,-1.0,0.0,-0.3389076799462753,0.08333333333333333,0.47740622211970224,0.4051094890510949,2.043960596784966,0.39215686274509803,1.9676055319592343,0.0,0.27023815442731974,2.085714285714286
7668017198456079111,7667833100835439368,7588871257367266322,server ko kaam sakke paxi correction lai apply garnu hola,server ko kaam sakke paxi correction lai apply garnu hola,2026-07-30 00:08:15,True,True,0,0,0,0,57,10,0,0.0,1.0,0.0,-0.3389076799462753,0.0,-0.40873061708160113,0.20802919708029197,0.40283544287242185,0.19607843137254902,0.3061273542440269,0.0,0.0,0.5428571428571428
7667951464026800917,,6831884982429058049,सर हामी ट्रायल दिएर बसेकोले पनि अब राजस्व तिर्न मिल्छ त यसबाट अब नयाँ लाइसेन्स लिनलाई🙏🙏🙏🙏,सर हामी ट्रायल दिएर बसेकोले पनि अब राजस्व तिर्न मिल्छ त यसबाट अब नयाँ लाइसेन्स लिनलाई🙏🙏🙏🙏,2026-07-29 19:53:04,False,True,0,0,0,1,89,16,19,-0.9659258262890684,0.2588190451025203,0.0,-0.3389076799462753,0.08333333333333333,0.47740622211970224,0.3248175182481752,1.375354052598374,0.3137254901960784,1.3030142608731512,0.0,0.27023815442731974,1.457142857142857
7668016082657477394,7667951464026800917,7588871257367266322,application tracking ko feature bata milxa system update ko kaam sakepaxi,application tracking ko feature bata milxa system update ko kaam sakepaxi,2026-07-30 00:03:50,True,True,0,0,0,0,73,11,0,0.0,1.0,0.0,-0.3389076799462753,0.0,-0.40873061708160113,0.2664233576642336,0.889094747735398,0.21568627450980393,0.4722751720155476,0.0,0.0,1.0
7667830671251768071,,7263843869535929345,looks like a vibe coded website,looks like a vibe coded website,2026-07-29 12:04:23,False,True,0,0,0,1,31,6,12,1.2246467991473532e-16,-1.0,0.0,-0.3389076799462753,0.08333333333333333,0.47740622211970224,0.11313868613138686,-0.3873359275299143,0.11764705882352941,-0.3584639168420561,0.0,0.27023815442731974,-0.2
7668016404754891528,7667830671251768071,7588871257367266322,manual coding kaa din gaisake aba,manual coding kaa din gaisake aba,2026-07-30 00:05:04,True,True,0,0,0,0,33,6,0,0.0,1.0,0.0,-0.3389076799462753,0.0,-0.40873061708160113,0.12043795620437957,-0.32655351442204233,0.11764705882352941,-0.3584639168420561,0.0,0.0,-0.14285714285714285
7667097995904975637,,7555894837406319623,Application id vaneyko kun number hora retrial ko form vorda aauxa,application id vaneyko kun number hora retrial ko form vorda aauxa,2026-07-27 12:41:14,False,True,1,0,2,5,66,11,12,1.2246467991473532e-16,-1.0,0.2,2.5150517301276216,0.4166666666666667,4.021953578924916,0.24087591240875914,0.6763563018578459,0.21568627450980393,0.4722751720155476,0.45815690999132613,0.6985554954587144,0.8
7667101732397318920,7667097995904975637,7588871257367266322,download garnu vayeko form ma hunxa,download garnu vayeko form ma hunxa,2026-07-27 12:55:45,True,True,0,0,1,0,35,6,12,1.2246467991473532e-16,-1.0,0.1,1.0880720250906732,0.0,-0.40873061708160113,0.12773722627737227,-0.2657711013141703,0.11764705882352941,-0.3584639168420561,0.2890648263178878,0.0,-0.08571428571428572
7667106390071542548,7667097995904975637,7555894837406319623,Kasari download garni hora,kasari download garni hora,2026-07-27 13:13:58,True,True,0,0,0,0,26,4,13,-0.2588190451025208,-0.9659258262890683,0.0,-0.3389076799462753,0.0,-0.40873061708160113,0.0948905109489051,-0.5392919602995944,0.0784313725490196,-0.6907595523850976,0.0,0.0,-0.34285714285714286
7667122962860917512,7667097995904975637,7588871257367266322,trail din jada ko application form/ paper cha ?,trail din jada ko application form/ paper cha ?,2026-07-27 14:18:08,True,True,0,0,0,0,47,9,14,-0.4999999999999997,-0.8660254037844388,0.0,-0.3389076799462753,0.0,-0.40873061708160113,0.17153284671532848,0.09892337733306178,0.17647058823529413,0.1399795364725061,0.0,0.0,0.2571428571428571
7667131445961835285,7667097995904975637,7555894837406319623,Xa aaplicant id vane?Tyo haleyko vayena match vayena vanxa,xa aaplicant id vane?tyo haleyko vayena match vayena vanxa,2026-07-27 14:51:11,True,True,0,0,1,0,58,9,14,-0.4999999999999997,-0.8660254037844388,0.1,1.0880720250906732,0.0,-0.40873061708160113,0.2116788321167883,0.43322664942635786,0.17647058823529413,0.1399795364725061,0.2890648263178878,0.0,0.5714285714285714
7667154486256190215,7667097995904975637,7588871257367266322,ailey system ma issue vayera hola 1 2 din ma try garnu hola,ailey system ma issue vayera hola 1 2 din ma try garnu hola,2026-07-27 16:20:27,True,True,0,0,1,0,59,13,16,-0.8660254037844384,-0.5000000000000004,0.1,1.0880720250906732,0.0,-0.40873061708160113,0.21532846715328466,0.46361785598029387,0.2549019607843137,0.804570807558589,0.2890648263178878,0.0,0.6
7668556097921319698,,6584042919631142917,,,2026-07-31 10:59:20,False,False,0,0,0,0,0,0,10,0.49999999999999994,-0.8660254037844387,0.0,-0.3389076799462753,0.0,-0.40873061708160113,0.0,-1.3294633307019306,0.0,-1.3553508234711804,0.0,0.0,-1.0857142857142856
7667116285378020114,,6913563282826707974,"License renewal ko lagi medical ko lagi call Garda it’s unreachable for days now also tried calling KMC 3, LMC - mahalakhsmi and they are very unaware about these idea nai chaina euta department dikhe arko department ko number deko cha but has no clue","license renewal ko lagi medical ko lagi call garda it’s unreachable for days now also tried calling kmc 3, lmc - mahalakhsmi and they are very unaware about these idea nai chaina euta department dikhe arko department ko number deko cha but has no clue",2026-07-27 13:52:13,False,True,1,0,1,1,251,45,13,-0.2588190451025208,-0.9659258262890683,0.1,1.0880720250906732,0.08333333333333333,0.47740622211970224,0.916058394160584,6.298729514336007,0.8823529411764706,6.121300976247253,0.2890648263178878,0.27023815442731974,6.085714285714285
7667122760401142546,7667116285378020114,7588871257367266322,It's under development and maintainance tei vara hola.,it's under development and maintainance tei vara hola.,2026-07-27 14:17:16,True,True,0,0,0,0,54,8,14,-0.4999999999999997,-0.8660254037844388,0.0,-0.3389076799462753,0.0,-0.40873061708160113,0.19708029197080293,0.3116618232106138,0.1568627450980392,-0.02616828129901462,0.0,0.0,0.45714285714285713
7668242554923565845,,7198514402734294042,afno thauko doctor nai xain rain🤣🤣,afno thauko doctor nai xain rain🤣🤣,2026-07-30 14:42:42,False,True,0,0,0,0,34,6,14,-0.4999999999999997,-0.8660254037844388,0.0,-0.3389076799462753,0.0,-0.40873061708160113,0.12408759124087591,-0.2961623078681063,0.11764705882352941,-0.3584639168420561,0.0,0.0,-0.11428571428571428
7667871449759712008,,6939356098768946177,Yo chuut pauney kura k bo.ke hawa matra ho,yo chuut pauney kura k bo.ke hawa matra ho,2026-07-29 14:42:35,False,True,0,0,0,0,42,9,14,-0.4999999999999997,-0.8660254037844388,0.0,-0.3389076799462753,0.0,-0.40873061708160113,0.15328467153284672,-0.05303265543661825,0.17647058823529413,0.1399795364725061,0.0,0.0,0.11428571428571428
7667087078554911506,,6996563236486497282,🥰🥰🥰,🥰🥰🥰,2026-07-27 11:58:48,False,True,1,0,1,0,3,1,11,0.258819045102521,-0.9659258262890682,0.1,1.0880720250906732,0.0,-0.40873061708160113,0.010948905109489052,-1.2382897110401225,0.0196078431372549,-1.1892030056996599,0.2890648263178878,0.0,-1.0
7670538580679557908,,6733116876525798406,🙏🙏🙏,🙏🙏🙏,2026-08-05 19:12:34,False,True,0,0,0,0,3,1,19,-0.9659258262890684,0.2588190451025203,0.0,-0.3389076799462753,0.0,-0.40873061708160113,0.010948905109489052,-1.2382897110401225,0.0196078431372549,-1.1892030056996599,0.0,0.0,-1.0
7669714603022418706,,7662786461791421460,❤️❤️❤️,❤️❤️❤️,2026-08-03 13:54:57,False,True,0,0,0,0,6,1,13,-0.2588190451025208,-0.9659258262890683,0.0,-0.3389076799462753,0.0,-0.40873061708160113,0.021897810218978103,-1.1471160913783145,0.0196078431372549,-1.1892030056996599,0.0,0.0,-0.9142857142857143
7667996363216569096,,6971588543714231297,💗💗💗,💗💗💗,2026-07-29 22:47:14,False,True,0,0,0,0,3,1,22,-0.5000000000000004,0.8660254037844384,0.0,-0.3389076799462753,0.0,-0.40873061708160113,0.010948905109489052,-1.2382897110401225,0.0196078431372549,-1.1892030056996599,0.0,0.0,-1.0
7667995222139568916,,6686409466919453701,😳😳😳😳😳,😳😳😳😳😳,2026-07-29 22:42:59,False,True,1,0,1,0,5,1,22,-0.5000000000000004,0.8660254037844384,0.1,1.0880720250906732,0.0,-0.40873061708160113,0.01824817518248175,-1.1775072979322505,0.0196078431372549,-1.1892030056996599,0.2890648263178878,0.0,-0.9428571428571428
7670112039779697426,,6746772471184622598,NID ko slip ley hunxa tw?,nid ko slip ley hunxa tw?,2026-08-04 15:37:13,False,True,0,0,0,0,25,6,15,-0.7071067811865471,-0.7071067811865479,0.0,-0.3389076799462753,0.0,-0.40873061708160113,0.09124087591240876,-0.5696831668535304,0.11764705882352941,-0.3584639168420561,0.0,0.0,-0.37142857142857144
7668154939034862344,,6941786951918027781,renewko laagi k garne?,renewko laagi k garne?,2026-07-30 09:02:52,False,True,0,0,1,1,22,4,9,0.7071067811865476,-0.7071067811865475,0.1,1.0880720250906732,0.08333333333333333,0.47740622211970224,0.08029197080291971,-0.6608567865153384,0.0784313725490196,-0.6907595523850976,0.2890648263178878,0.27023815442731974,-0.45714285714285713
7668547221311521554,7668154939034862344,7588871257367266322,renew license option bata garna sakinxa,renew license option bata garna sakinxa,2026-07-31 10:25:00,True,True,0,0,0,0,39,6,10,0.49999999999999994,-0.8660254037844387,0.0,-0.3389076799462753,0.0,-0.40873061708160113,0.14233576642335766,-0.14420627509842626,0.11764705882352941,-0.3584639168420561,0.0,0.0,0.02857142857142857
7667910555264811796,,7377406307940877313,NID no. Chahinxa rw ki citizenship le hunxa sir ??,nid no. chahinxa rw ki citizenship le hunxa sir ??,2026-07-29 17:14:24,False,True,0,0,0,3,50,10,17,-0.9659258262890683,-0.25881904510252063,0.0,-0.3389076799462753,0.25,2.2496799005223087,0.18248175182481752,0.1900969969948698,0.19607843137254902,0.3061273542440269,0.0,0.5404763088546395,0.34285714285714286
7667932032329335559,7667910555264811796,7588871257367266322,NID compulsory,nid compulsory,2026-07-29 18:37:43,True,True,0,0,0,0,14,2,18,-1.0,-1.8369701987210297e-16,0.0,-0.3389076799462753,0.0,-0.40873061708160113,0.051094890510948905,-0.9039864389468264,0.0392156862745098,-1.023055187928139,0.0,0.0,-0.6857142857142857
7667958629416534791,7667910555264811796,7079733019109016581,Nid banera aako xaina slip xa tesle,nid banera aako xaina slip xa tesle,2026-07-29 20:20:51,True,True,0,0,0,0,35,7,20,-0.8660254037844386,0.5000000000000001,0.0,-0.3389076799462753,0.0,-0.40873061708160113,0.12773722627737227,-0.2657711013141703,0.13725490196078433,-0.19231609907053535,0.0,0.0,-0.08571428571428572
7667958674526044936,7667910555264811796,7079733019109016581,Hunxa,hunxa,2026-07-29 20:20:59,True,True,0,0,0,0,5,1,20,-0.8660254037844386,0.5000000000000001,0.0,-0.3389076799462753,0.0,-0.40873061708160113,0.01824817518248175,-1.1775072979322505,0.0196078431372549,-1.1892030056996599,0.0,0.0,-0.9428571428571428
7667930856745042695,,6992410957163643910,trial pass vako rajeshor kasari tirne,trial pass vako rajeshor kasari tirne,2026-07-29 18:33:11,False,True,0,0,1,1,37,6,18,-1.0,-1.8369701987210297e-16,0.1,1.0880720250906732,0.08333333333333333,0.47740622211970224,0.13503649635036497,-0.2049886882062983,0.11764705882352941,-0.3584639168420561,0.2890648263178878,0.27023815442731974,-0.02857142857142857
7667932010304029458,7667930856745042695,7588871257367266322,Payment option bata tirna milxa system update vaye paxi video auxa,payment option bata tirna milxa system update vaye paxi video auxa,2026-07-29 18:37:35,True,True,0,0,1,0,66,11,18,-1.0,-1.8369701987210297e-16,0.1,1.0880720250906732,0.0,-0.40873061708160113,0.24087591240875914,0.6763563018578459,0.21568627450980393,0.4722751720155476,0.2890648263178878,0.0,0.8
7667463550377493266,,7297184653822346247,aja medical hunxa vaneko thyo yatayat gako aja sama pani update vayako xaina re tait k ho lmoa,aja medical hunxa vaneko thyo yatayat gako aja sama pani update vayako xaina re tait k ho lmoa,2026-07-28 12:19:44,False,True,0,0,0,1,94,18,12,1.2246467991473532e-16,-1.0,0.0,-0.3389076799462753,0.08333333333333333,0.47740622211970224,0.34306569343065696,1.5273100853680541,0.35294117647058826,1.6353098964161927,0.0,0.27023815442731974,1.6
7667570248292762384,7667463550377493266,6628766114795339781,Medical ta online batai hunx no need to visit ofc fr medical,medical ta online batai hunx no need to visit ofc fr medical,2026-07-28 19:13:46,True,True,0,0,0,0,60,12,19,-0.9659258262890684,0.2588190451025203,0.0,-0.3389076799462753,0.0,-0.40873061708160113,0.21897810218978103,0.4940090625342299,0.23529411764705882,0.6384229897870684,0.0,0.0,0.6285714285714286
7667558463161221908,,6582186372152688646,tyo from bharda mistake bhaiyo bhana kasari edit garna ho,tyo from bharda mistake bhaiyo bhana kasari edit garna ho,2026-07-28 18:28:02,False,True,0,0,0,1,57,10,18,-1.0,-1.8369701987210297e-16,0.0,-0.3389076799462753,0.08333333333333333,0.47740622211970224,0.20802919708029197,0.40283544287242185,0.19607843137254902,0.3061273542440269,0.0,0.27023815442731974,0.5428571428571428
7667952946977456913,7667558463161221908,7230638889597010949,life damage,life damage,2026-07-29 19:58:46,True,True,0,0,0,0,11,2,19,-0.9659258262890684,0.2588190451025203,0.0,-0.3389076799462753,0.0,-0.40873061708160113,0.040145985401459854,-0.9951600586086344,0.0392156862745098,-1.023055187928139,0.0,0.0,-0.7714285714285715
7668638832237560597,,7196318055672284165,Nepal ma national identity number(NID) linu par xa ki nai,nepal ma national identity number(nid) linu par xa ki nai,2026-07-31 16:20:31,False,True,0,0,0,0,57,10,16,-0.8660254037844384,-0.5000000000000004,0.0,-0.3389076799462753,0.0,-0.40873061708160113,0.20802919708029197,0.40283544287242185,0.19607843137254902,0.3061273542440269,0.0,0.0,0.5428571428571428
7668691958336160530,,7586689596848866325,sir new laicens ko rasid patra kasari garne plz full video gardinu na sir🥰,sir new laicens ko rasid patra kasari garne plz full video gardinu na sir🥰,2026-07-31 19:46:32,False,True,0,0,0,0,74,14,19,-0.9659258262890684,0.2588190451025203,0.0,-0.3389076799462753,0.0,-0.40873061708160113,0.27007299270072993,0.919485954289334,0.27450980392156865,0.9707186253301098,0.0,0.0,1.0285714285714285
7669313999557411604,,7079708883254150171,Doctor le call nai uthaudainan,doctor le call nai uthaudainan,2026-08-02 12:00:29,False,True,0,0,0,0,30,5,12,1.2246467991473532e-16,-1.0,0.0,-0.3389076799462753,0.0,-0.40873061708160113,0.10948905109489052,-0.4177271340838503,0.09803921568627451,-0.5246117346135768,0.0,0.0,-0.22857142857142856
7668670935823074056,,6904527526787515393,Dai trial pass bhaye paxi tax pay kasari garne tyo pani video banaunu na,dai trial pass bhaye paxi tax pay kasari garne tyo pani video banaunu na,2026-07-31 18:25:05,False,True,0,0,0,3,72,14,18,-1.0,-1.8369701987210297e-16,0.0,-0.3389076799462753,0.25,2.2496799005223087,0.26277372262773724,0.858703541181462,0.27450980392156865,0.9707186253301098,0.0,0.5404763088546395,0.9714285714285714
7668682222132806418,7668670935823074056,7588871257367266322,https://vt.tiktok.com/ZS4MHN2mW/,https://vt.tiktok.com/zs4mhn2mw/,2026-07-31 19:08:49,True,True,0,0,0,0,32,1,19,-0.9659258262890684,0.2588190451025203,0.0,-0.3389076799462753,0.0,-0.40873061708160113,0.11678832116788321,-0.35694472097597835,0.0196078431372549,-1.1892030056996599,0.0,0.0,-0.17142857142857143
7669755042681340690,7668670935823074056,6904527526787515393,Payment garne option nai xaina ta ?? Kasari garne video banauna Dai,payment garne option nai xaina ta ?? kasari garne video banauna dai,2026-08-03 16:31:51,True,True,0,0,0,0,67,12,16,-0.8660254037844384,-0.5000000000000004,0.0,-0.3389076799462753,0.0,-0.40873061708160113,0.24452554744525548,0.7067475084117819,0.23529411764705882,0.6384229897870684,0.0,0.0,0.8285714285714286
7668682312105067282,7668670935823074056,7588871257367266322,naya video check garnu hola,naya video check garnu hola,2026-07-31 19:09:12,True,True,0,0,0,0,27,5,19,-0.9659258262890684,0.2588190451025203,0.0,-0.3389076799462753,0.0,-0.40873061708160113,0.09854014598540146,-0.5089007537456584,0.09803921568627451,-0.5246117346135768,0.0,0.0,-0.3142857142857143
7669367980659000071,,6571601659074543621,Trial pass vayesi rajashwa tirera garne license application ni yehi ho k ho confused,trial pass vayesi rajashwa tirera garne license application ni yehi ho k ho confused,2026-08-02 15:29:53,False,True,0,0,0,0,84,14,15,-0.7071067811865471,-0.7071067811865479,0.0,-0.3389076799462753,0.0,-0.40873061708160113,0.30656934306569344,1.223398019828694,0.27450980392156865,0.9707186253301098,0.0,0.0,1.3142857142857143
7667497171265045268,,7568861125161698324,pokara ma form varna ko Lage pane nai khuldena tw 🥺,pokara ma form varna ko lage pane nai khuldena tw 🥺,2026-07-28 14:30:21,False,True,0,0,0,6,51,11,14,-0.4999999999999997,-0.8660254037844388,0.0,-0.3389076799462753,0.5,4.908090418126219,0.18613138686131386,0.2204882035488058,0.21568627450980393,0.4722751720155476,0.0,0.7586544129592989,0.37142857142857144
7667497912972149511,7667497171265045268,7588871257367266322,https://edlvrs.gandaki.gov.np/,https://edlvrs.gandaki.gov.np/,2026-07-28 14:33:01,True,True,0,0,0,0,30,1,14,-0.4999999999999997,-0.8660254037844388,0.0,-0.3389076799462753,0.0,-0.40873061708160113,0.10948905109489052,-0.4177271340838503,0.0196078431372549,-1.1892030056996599,0.0,0.0,-0.22857142857142856
7667554727232832277,7667497171265045268,7568861125161698324,sir 16 Pura vyako ley aailey scooter ko license jikna milxa ke nai ??,sir 16 pura vyako ley aailey scooter ko license jikna milxa ke nai ??,2026-07-28 18:13:41,True,True,0,0,0,0,69,14,18,-1.0,-1.8369701987210297e-16,0.0,-0.3389076799462753,0.0,-0.40873061708160113,0.2518248175182482,0.7675299215196539,0.27450980392156865,0.9707186253301098,0.0,0.0,0.8857142857142857
7667556308173832978,7667497171265045268,7588871257367266322,age 18 pugeko huna parxa,age 18 pugeko huna parxa,2026-07-28 18:19:35,True,True,0,0,0,0,24,5,18,-1.0,-1.8369701987210297e-16,0.0,-0.3389076799462753,0.0,-0.40873061708160113,0.08759124087591241,-0.6000743734074664,0.09803921568627451,-0.5246117346135768,0.0,0.0,-0.4
7667556500025869076,7667497171265045268,7568861125161698324,aajai tw tyo niyam lagu vaxaina vnxa tw k horw kura kasailey 18 pugna parxa kasailey pardena?,aajai tw tyo niyam lagu vaxaina vnxa tw k horw kura kasailey 18 pugna parxa kasailey pardena?,2026-07-28 18:20:25,True,True,0,0,0,0,93,17,18,-1.0,-1.8369701987210297e-16,0.0,-0.3389076799462753,0.0,-0.40873061708160113,0.33941605839416056,1.4969188788141181,0.3333333333333333,1.469162078644672,0.0,0.0,1.5714285714285714
7667503724844188432,7667497171265045268,6802155359140283398,pokhara ko doctors ko name number nai dekhaudaina tw kina hola,pokhara ko doctors ko name number nai dekhaudaina tw kina hola,2026-07-28 14:55:43,True,True,0,0,0,0,62,11,14,-0.4999999999999997,-0.8660254037844388,0.0,-0.3389076799462753,0.0,-0.40873061708160113,0.22627737226277372,0.5547914756421019,0.21568627450980393,0.4722751720155476,0.0,0.0,0.6857142857142857
7667500803468968724,7667497171265045268,7568861125161698324,scooter ko license jikna ko Lage Kate age hunu para rw 16 Pura vya hunna rw ?,scooter ko license jikna ko lage kate age hunu para rw 16 pura vya hunna rw ?,2026-07-28 14:44:27,True,True,0,0,0,0,77,17,14,-0.4999999999999997,-0.8660254037844388,0.0,-0.3389076799462753,0.0,-0.40873061708160113,0.28102189781021897,1.010659573951142,0.3333333333333333,1.469162078644672,0.0,0.0,1.1142857142857143
7668018191718204167,,7298263386613384197,17 age ma varn milx ki naii bike ko lali,17 age ma varn milx ki naii bike ko lali,2026-07-30 00:12:05,False,True,0,0,0,1,40,10,0,0.0,1.0,0.0,-0.3389076799462753,0.08333333333333333,0.47740622211970224,0.145985401459854,-0.11381506854449026,0.19607843137254902,0.3061273542440269,0.0,0.27023815442731974,0.05714285714285714
7668063093860057874,7668018191718204167,7157254758141920283,milxa light car dekhi mathi ko lagi xai 18+ hunu parxa,milxa light car dekhi mathi ko lagi xai 18+ hunu parxa,2026-07-30 03:06:27,True,True,0,0,0,0,54,11,3,0.7071067811865475,0.7071067811865476,0.0,-0.3389076799462753,0.0,-0.40873061708160113,0.19708029197080293,0.3116618232106138,0.21568627450980393,0.4722751720155476,0.0,0.0,0.45714285714285713
7668646893530956551,,7124552212793803802,k Vako ho Brother,k vako ho brother,2026-07-31 16:51:42,False,True,0,0,0,0,17,4,16,-0.8660254037844384,-0.5000000000000004,0.0,-0.3389076799462753,0.0,-0.40873061708160113,0.06204379562043796,-0.8128128192850185,0.0784313725490196,-0.6907595523850976,0.0,0.0,-0.6
7669001820652143378,,7187375876128277531,retrail ko lagi vandinu,retrail ko lagi vandinu,2026-08-01 15:49:01,False,True,0,0,0,0,23,4,15,-0.7071067811865471,-0.7071067811865479,0.0,-0.3389076799462753,0.0,-0.40873061708160113,0.08394160583941605,-0.6304655799614024,0.0784313725490196,-0.6907595523850976,0.0,0.0,-0.42857142857142855
7669055654807847688,,7475742217644508178,Dai Sudurpaschim pradesh Kanchanpur ma medical Ko lagi dr xaina ho ?,dai sudurpaschim pradesh kanchanpur ma medical ko lagi dr xaina ho ?,2026-08-01 19:17:50,False,True,0,0,0,0,68,12,19,-0.9659258262890684,0.2588190451025203,0.0,-0.3389076799462753,0.0,-0.40873061708160113,0.24817518248175183,0.7371387149657179,0.23529411764705882,0.6384229897870684,0.0,0.0,0.8571428571428571
7669309006481539860,,7397378695470908434,hoina hola,hoina hola,2026-08-02 11:41:08,False,True,0,0,0,0,10,2,11,0.258819045102521,-0.9659258262890682,0.0,-0.3389076799462753,0.0,-0.40873061708160113,0.0364963503649635,-1.0255512651625704,0.0392156862745098,-1.023055187928139,0.0,0.0,-0.8
7667549577624503041,,6873715550007575557,bagmati ko server down xa ho?,bagmati ko server down xa ho?,2026-07-28 17:53:53,False,True,0,0,0,4,29,6,17,-0.9659258262890683,-0.25881904510252063,0.0,-0.3389076799462753,0.3333333333333333,3.135816739723612,0.10583941605839416,-0.4481183406377863,0.11764705882352941,-0.3584639168420561,0.0,0.6274735630753033,-0.2571428571428571
7670043597866484501,7667549577624503041,6688619212234130437,Koshi ko ?,koshi ko ?,2026-08-04 11:11:53,True,True,0,0,0,0,10,3,11,0.258819045102521,-0.9659258262890682,0.0,-0.3389076799462753,0.0,-0.40873061708160113,0.0364963503649635,-1.0255512651625704,0.058823529411764705,-0.8569073701566183,0.0,0.0,-0.8
7667556319084380935,7667549577624503041,7588871257367266322,xaina sir,xaina sir,2026-07-28 18:19:46,True,True,0,0,0,0,9,2,18,-1.0,-1.8369701987210297e-16,0.0,-0.3389076799462753,0.0,-0.40873061708160113,0.032846715328467155,-1.0559424717165065,0.0392156862745098,-1.023055187928139,0.0,0.0,-0.8285714285714286
7667561981930914576,7667549577624503041,6873715550007575557,nid not registered bhanxa kina hola?,nid not registered bhanxa kina hola?,2026-07-28 18:42:01,True,True,0,0,0,0,36,6,18,-1.0,-1.8369701987210297e-16,0.0,-0.3389076799462753,0.0,-0.40873061708160113,0.13138686131386862,-0.2353798947602343,0.11764705882352941,-0.3584639168420561,0.0,0.0,-0.05714285714285714
7667631916921864968,7667549577624503041,7457139838133126160,Same problem ?.,same problem ?.,2026-07-28 23:13:07,True,True,0,0,0,0,15,3,23,-0.25881904510252157,0.9659258262890681,0.0,-0.3389076799462753,0.0,-0.40873061708160113,0.05474452554744526,-0.8735952323928904,0.058823529411764705,-0.8569073701566183,0.0,0.0,-0.6571428571428571
7668668991631655687,,7525135055918138375,18 hunu parxa rey taa,18 hunu parxa rey taa,2026-07-31 18:17:24,False,True,0,0,0,0,21,5,18,-1.0,-1.8369701987210297e-16,0.0,-0.3389076799462753,0.0,-0.40873061708160113,0.07664233576642336,-0.6912479930692744,0.09803921568627451,-0.5246117346135768,0.0,0.0,-0.4857142857142857
7667545731188065044,,7058192149740995610,"Friday trial pass gareko
kahiley Mila?",friday trial pass gareko kahiley mila?,2026-07-28 17:38:42,False,True,0,0,0,0,38,6,17,-0.9659258262890683,-0.25881904510252063,0.0,-0.3389076799462753,0.0,-0.40873061708160113,0.1386861313868613,-0.17459748165236227,0.11764705882352941,-0.3584639168420561,0.0,0.0,0.0
7667507947110646546,,6660475615127568389,renew garnu parnii tiyo online system Ako xoina yesm chai,renew garnu parnii tiyo online system ako xoina yesm chai,2026-07-28 15:11:58,False,True,0,0,0,0,57,10,15,-0.7071067811865471,-0.7071067811865479,0.0,-0.3389076799462753,0.0,-0.40873061708160113,0.20802919708029197,0.40283544287242185,0.19607843137254902,0.3061273542440269,0.0,0.0,0.5428571428571428
7668993819132461831,,7087556858911163398,Nid chaini hora? Form matra varya cha ako chaina?,nid chaini hora? form matra varya cha ako chaina?,2026-08-01 15:17:59,False,True,0,0,0,0,49,9,15,-0.7071067811865471,-0.7071067811865479,0.0,-0.3389076799462753,0.0,-0.40873061708160113,0.17883211678832117,0.1597057904409338,0.17647058823529413,0.1399795364725061,0.0,0.0,0.3142857142857143
7668137572039803656,,7663874817992688661,sir aba k garne medical checkup vandaixa,sir aba k garne medical checkup vandaixa,2026-07-30 07:55:20,False,True,0,0,0,0,40,7,7,0.9659258262890683,-0.25881904510252063,0.0,-0.3389076799462753,0.0,-0.40873061708160113,0.145985401459854,-0.11381506854449026,0.13725490196078433,-0.19231609907053535,0.0,0.0,0.05714285714285714
7667547266651128584,,6970110468644930562,ailey samma akoo xaina online rajaswo tirna milney k new license 😏,ailey samma akoo xaina online rajaswo tirna milney k new license 😏,2026-07-28 17:44:32,False,True,0,0,0,0,66,12,17,-0.9659258262890683,-0.25881904510252063,0.0,-0.3389076799462753,0.0,-0.40873061708160113,0.24087591240875914,0.6763563018578459,0.23529411764705882,0.6384229897870684,0.0,0.0,0.8
7667769345338589970,,7416328448593724421,yeutako gareko yesto dekhauxa hudaina,yeutako gareko yesto dekhauxa hudaina,2026-07-29 08:06:24,False,True,0,0,0,0,37,5,8,0.8660254037844387,-0.4999999999999998,0.0,-0.3389076799462753,0.0,-0.40873061708160113,0.13503649635036497,-0.2049886882062983,0.09803921568627451,-0.5246117346135768,0.0,0.0,-0.02857142857142857
7667809811270927111,,7077183216978035713,Dai retrail online form varna milxaki Naii plz reply,dai retrail online form varna milxaki naii plz reply,2026-07-29 10:43:25,False,True,0,0,0,0,52,9,10,0.49999999999999994,-0.8660254037844387,0.0,-0.3389076799462753,0.0,-0.40873061708160113,0.1897810218978102,0.25087941010274184,0.17647058823529413,0.1399795364725061,0.0,0.0,0.4
7668170240484688658,,7493932316209808439,Trail pass vako haru le kasari online rajaswo payment garne?,trail pass vako haru le kasari online rajaswo payment garne?,2026-07-30 10:02:09,False,True,0,0,0,2,60,10,10,0.49999999999999994,-0.8660254037844387,0.0,-0.3389076799462753,0.16666666666666666,1.3635430613210056,0.21897810218978103,0.4940090625342299,0.19607843137254902,0.3061273542440269,0.0,0.4283173410313946,0.6285714285714286
7668186746479772434,7668170240484688658,7588871257367266322,application tracking ko option bata garna milxa,application tracking ko option bata garna milxa,2026-07-30 11:06:09,True,True,0,0,0,0,47,7,11,0.258819045102521,-0.9659258262890682,0.0,-0.3389076799462753,0.0,-0.40873061708160113,0.17153284671532848,0.09892337733306178,0.13725490196078433,-0.19231609907053535,0.0,0.0,0.2571428571428571
7668680482985280263,7668170240484688658,6887148164795122694,kasari,kasari,2026-07-31 19:02:04,True,True,0,0,0,0,6,1,19,-0.9659258262890684,0.2588190451025203,0.0,-0.3389076799462753,0.0,-0.40873061708160113,0.021897810218978103,-1.1471160913783145,0.0196078431372549,-1.1892030056996599,0.0,0.0,-0.9142857142857143
7670003810060288789,,7527125161071838209,छेपारो is sad❤️‍🩹❤️‍🩹,छेपारो is sad❤️‍🩹❤️‍🩹,2026-08-04 08:37:27,False,True,0,0,1,0,21,3,8,0.8660254037844387,-0.4999999999999998,0.1,1.0880720250906732,0.0,-0.40873061708160113,0.07664233576642336,-0.6912479930692744,0.058823529411764705,-0.8569073701566183,0.2890648263178878,0.0,-0.4857142857142857
7668984600530879233,,7071973622474425350,National id nub bhaney ko k ho 😳??,national id nub bhaney ko k ho 😳??,2026-08-01 14:42:14,False,True,0,0,0,0,34,8,14,-0.4999999999999997,-0.8660254037844388,0.0,-0.3389076799462753,0.0,-0.40873061708160113,0.12408759124087591,-0.2961623078681063,0.1568627450980392,-0.02616828129901462,0.0,0.0,-0.11428571428571428
7669474461795533589,,6763845577588425733,category K bornu parni A bayaxa how to edit,category k bornu parni a bayaxa how to edit,2026-08-02 22:23:13,False,True,0,0,0,0,43,9,22,-0.5000000000000004,0.8660254037844384,0.0,-0.3389076799462753,0.0,-0.40873061708160113,0.15693430656934307,-0.022641448882682248,0.17647058823529413,0.1399795364725061,0.0,0.0,0.14285714285714285
7669118840483644180,,6785335471344288773,already likhit pass vayoo k garni tw,already likhit pass vayoo k garni tw,2026-08-01 23:23:16,False,True,0,0,0,0,36,7,23,-0.25881904510252157,0.9659258262890681,0.0,-0.3389076799462753,0.0,-0.40873061708160113,0.13138686131386862,-0.2353798947602343,0.13725490196078433,-0.19231609907053535,0.0,0.0,-0.05714285714285714
7668934643517375248,,7447361149941826580,medical test ko lagi koi xaina khoi ktm ma ka jane ho,medical test ko lagi koi xaina khoi ktm ma ka jane ho,2026-08-01 11:28:16,False,True,0,0,0,0,53,12,11,0.258819045102521,-0.9659258262890682,0.0,-0.3389076799462753,0.0,-0.40873061708160113,0.19343065693430658,0.2812706166566778,0.23529411764705882,0.6384229897870684,0.0,0.0,0.42857142857142855
7667536181919548181,,6917543379665536005,Sir Nid no nai register xainaa vanxa kati patak try garey vayena Sir k garney?,sir nid no nai register xainaa vanxa kati patak try garey vayena sir k garney?,2026-07-28 17:01:33,False,True,0,0,0,0,78,15,17,-0.9659258262890683,-0.25881904510252063,0.0,-0.3389076799462753,0.0,-0.40873061708160113,0.2846715328467153,1.041050780505078,0.29411764705882354,1.1368664431016304,0.0,0.0,1.1428571428571428
7667907883883004689,,6668569977152782341,medical ko process pani bhandinuna...,medical ko process pani bhandinuna...,2026-07-29 17:04:27,False,True,0,0,0,1,37,5,17,-0.9659258262890683,-0.25881904510252063,0.0,-0.3389076799462753,0.08333333333333333,0.47740622211970224,0.13503649635036497,-0.2049886882062983,0.09803921568627451,-0.5246117346135768,0.0,0.27023815442731974,-0.02857142857142857
7667931911675134738,7667907883883004689,7588871257367266322,system update ko kaam sakepaxi video aune cha,system update ko kaam sakepaxi video aune cha,2026-07-29 18:37:13,True,True,0,0,0,0,45,8,18,-1.0,-1.8369701987210297e-16,0.0,-0.3389076799462753,0.0,-0.40873061708160113,0.16423357664233576,0.03814096422518977,0.1568627450980392,-0.02616828129901462,0.0,0.0,0.2
7668680727055205128,,6887148164795122694,trail pass vyekole kasari payment garne,trail pass vyekole kasari payment garne,2026-07-31 19:02:55,False,True,0,0,0,3,39,6,19,-0.9659258262890684,0.2588190451025203,0.0,-0.3389076799462753,0.25,2.2496799005223087,0.14233576642335766,-0.14420627509842626,0.11764705882352941,-0.3584639168420561,0.0,0.5404763088546395,0.02857142857142857
7668682189072810759,7668680727055205128,7588871257367266322,https://vt.tiktok.com/ZS4MHN2mW/,https://vt.tiktok.com/zs4mhn2mw/,2026-07-31 19:08:41,True,True,0,0,0,0,32,1,19,-0.9659258262890684,0.2588190451025203,0.0,-0.3389076799462753,0.0,-0.40873061708160113,0.11678832116788321,-0.35694472097597835,0.0196078431372549,-1.1892030056996599,0.0,0.0,-0.17142857142857143
7668682289912283911,7668680727055205128,7588871257367266322,naya video check garnu hola,naya video check garnu hola,2026-07-31 19:09:02,True,True,0,0,0,0,27,5,19,-0.9659258262890684,0.2588190451025203,0.0,-0.3389076799462753,0.0,-0.40873061708160113,0.09854014598540146,-0.5089007537456584,0.09803921568627451,-0.5246117346135768,0.0,0.0,-0.3142857142857143
7668682887655031559,7668680727055205128,6887148164795122694,auta video banaunu na,auta video banaunu na,2026-07-31 19:11:25,True,True,0,0,0,0,21,4,19,-0.9659258262890684,0.2588190451025203,0.0,-0.3389076799462753,0.0,-0.40873061708160113,0.07664233576642336,-0.6912479930692744,0.0784313725490196,-0.6907595523850976,0.0,0.0,-0.4857142857142857
7667508447734760212,,6865627183835464709,new licence ko rajaswa kasari tirne,new licence ko rajaswa kasari tirne,2026-07-28 15:14:00,False,True,0,0,2,0,35,6,15,-0.7071067811865471,-0.7071067811865479,0.2,2.5150517301276216,0.0,-0.40873061708160113,0.12773722627737227,-0.2657711013141703,0.11764705882352941,-0.3584639168420561,0.45815690999132613,0.0,-0.08571428571428572
7668539482744341256,,313737157355978752,trail ko lagi pani vandinu na please.,trail ko lagi pani vandinu na please.,2026-07-31 09:54:58,False,True,0,0,0,0,37,7,9,0.7071067811865476,-0.7071067811865475,0.0,-0.3389076799462753,0.0,-0.40873061708160113,0.13503649635036497,-0.2049886882062983,0.13725490196078433,-0.19231609907053535,0.0,0.0,-0.02857142857142857
7667605297444520711,,6903783613672064005,Medical ma ta doctor lai call gard number milana vanxa ta sir,medical ma ta doctor lai call gard number milana vanxa ta sir,2026-07-28 21:29:47,False,True,0,0,0,0,61,12,21,-0.7071067811865477,0.7071067811865474,0.0,-0.3389076799462753,0.0,-0.40873061708160113,0.22262773722627738,0.5244002690881658,0.23529411764705882,0.6384229897870684,0.0,0.0,0.6571428571428571
7667438174785274642,,7064472808534279194,Add category. garna mili rako xaina hjur kina hola,add category. garna mili rako xaina hjur kina hola,2026-07-28 10:41:22,False,True,0,0,0,0,50,9,10,0.49999999999999994,-0.8660254037844387,0.0,-0.3389076799462753,0.0,-0.40873061708160113,0.18248175182481752,0.1900969969948698,0.17647058823529413,0.1399795364725061,0.0,0.0,0.34285714285714286
7667565969238491924,,7546667863936123905,Trail passed राजस्व kasari pay garne ? (Bagmati province),trail passed राजस्व kasari pay garne ? (bagmati province),2026-07-28 18:57:19,False,True,0,0,0,0,57,9,18,-1.0,-1.8369701987210297e-16,0.0,-0.3389076799462753,0.0,-0.40873061708160113,0.20802919708029197,0.40283544287242185,0.17647058823529413,0.1399795364725061,0.0,0.0,0.5428571428571428
7668196164688937736,,6714418505121743878,थप को लागि कसरि भर्ने होनि हजुर,थप को लागि कसरि भर्ने होनि हजुर,2026-07-30 11:42:47,False,True,0,0,0,0,31,7,11,0.258819045102521,-0.9659258262890682,0.0,-0.3389076799462753,0.0,-0.40873061708160113,0.11313868613138686,-0.3873359275299143,0.13725490196078433,-0.19231609907053535,0.0,0.0,-0.2
7668750104686723841,,6982446392661672987,Bike ko lagi 18 year ma shift bhaisakeko ho?,bike ko lagi 18 year ma shift bhaisakeko ho?,2026-07-31 23:32:50,False,True,0,0,0,0,44,9,23,-0.25881904510252157,0.9659258262890681,0.0,-0.3389076799462753,0.0,-0.40873061708160113,0.16058394160583941,0.0077497576712537595,0.17647058823529413,0.1399795364725061,0.0,0.0,0.17142857142857143
7667810166444720904,,6876624266910073858,edlvrs.bagmati.gov.np,edlvrs.bagmati.gov.np,2026-07-29 10:44:51,False,True,0,0,0,0,21,1,10,0.49999999999999994,-0.8660254037844387,0.0,-0.3389076799462753,0.0,-0.40873061708160113,0.07664233576642336,-0.6912479930692744,0.0196078431372549,-1.1892030056996599,0.0,0.0,-0.4857142857142857
7668676088084579092,,7017060111802205190,Good👍️👍️👍️👍️,good👍️👍️👍️👍️,2026-07-31 18:45:02,False,True,0,0,0,0,12,1,18,-1.0,-1.8369701987210297e-16,0.0,-0.3389076799462753,0.0,-0.40873061708160113,0.043795620437956206,-0.9647688520546984,0.0196078431372549,-1.1892030056996599,0.0,0.0,-0.7428571428571429
7668548099120808712,,7434098992122692616,retrial ko kasari garne,retrial ko kasari garne,2026-07-31 10:28:35,False,True,0,0,1,1,23,4,10,0.49999999999999994,-0.8660254037844387,0.1,1.0880720250906732,0.08333333333333333,0.47740622211970224,0.08394160583941605,-0.6304655799614024,0.0784313725490196,-0.6907595523850976,0.2890648263178878,0.27023815442731974,-0.42857142857142855
7668696720243213063,7668548099120808712,7588871257367266322,check new video,check new video,2026-07-31 20:05:05,True,True,0,0,0,0,15,3,20,-0.8660254037844386,0.5000000000000001,0.0,-0.3389076799462753,0.0,-0.40873061708160113,0.05474452554744526,-0.8735952323928904,0.058823529411764705,-0.8569073701566183,0.0,0.0,-0.6571428571428571
7668160193322713857,,6870891359067915270,Ani from submit vaya paxi ko process ni vandenu na,ani from submit vaya paxi ko process ni vandenu na,2026-07-30 09:23:03,False,True,0,0,0,0,50,10,9,0.7071067811865476,-0.7071067811865475,0.0,-0.3389076799462753,0.0,-0.40873061708160113,0.18248175182481752,0.1900969969948698,0.19607843137254902,0.3061273542440269,0.0,0.0,0.34285714285714286
7668543835873575687,,7006924530404869122,Nid khojxha ta??,nid khojxha ta??,2026-07-31 10:11:44,False,True,0,0,1,2,16,3,10,0.49999999999999994,-0.8660254037844387,0.1,1.0880720250906732,0.16666666666666666,1.3635430613210056,0.058394160583941604,-0.8432040258389544,0.058823529411764705,-0.8569073701566183,0.2890648263178878,0.4283173410313946,-0.6285714285714286
7668546904497799943,7668543835873575687,7588871257367266322,yes NID chayinxa,yes nid chayinxa,2026-07-31 10:23:40,True,True,0,0,0,0,16,3,10,0.49999999999999994,-0.8660254037844387,0.0,-0.3389076799462753,0.0,-0.40873061708160113,0.058394160583941604,-0.8432040258389544,0.058823529411764705,-0.8569073701566183,0.0,0.0,-0.6285714285714286
7668747653593711381,7668543835873575687,7049746920533672986,License nikalna kati age chayeney ho,license nikalna kati age chayeney ho,2026-07-31 23:22:45,True,True,0,0,0,0,36,6,23,-0.25881904510252157,0.9659258262890681,0.0,-0.3389076799462753,0.0,-0.40873061708160113,0.13138686131386862,-0.2353798947602343,0.11764705882352941,-0.3584639168420561,0.0,0.0,-0.05714285714285714
7667445470960763655,,6993711085413631003,"nid खोज्छ त मैले बनाएको छैन के गर्ने
नागरिक एप पनि नागरिकता नम्बर मिलेन भन्छ बनाउन मिलेकै छैन
NID अनिवार्य गरिएको छैन भन्थे त अस्ति त के हो कुरा",nid खोज्छ त मैले बनाएको छैन के गर्ने नागरिक एप पनि नागरिकता नम्बर मिलेन भन्छ बनाउन मिलेकै छैन nid अनिवार्य गरिएको छैन भन्थे त अस्ति त के हो कुरा,2026-07-28 11:09:38,False,True,0,0,0,3,144,29,11,0.258819045102521,-0.9659258262890682,0.0,-0.3389076799462753,0.25,2.2496799005223087,0.5255474452554745,3.046870413064854,0.5686274509803921,3.462935891902921,0.0,0.5404763088546395,3.0285714285714285
7667446429414114066,7667445470960763655,7588871257367266322,NID details chayinxa,nid details chayinxa,2026-07-28 11:13:25,True,True,0,0,0,0,20,3,11,0.258819045102521,-0.9659258262890682,0.0,-0.3389076799462753,0.0,-0.40873061708160113,0.072992700729927,-0.7216391996232104,0.058823529411764705,-0.8569073701566183,0.0,0.0,-0.5142857142857142
7667462705133404944,7667445470960763655,6610606680865456130,Nid nai xaina k garny hola nid banaunu parny ho paila,nid nai xaina k garny hola nid banaunu parny ho paila,2026-07-28 12:16:27,True,True,0,0,0,0,53,11,12,1.2246467991473532e-16,-1.0,0.0,-0.3389076799462753,0.0,-0.40873061708160113,0.19343065693430658,0.2812706166566778,0.21568627450980393,0.4722751720155476,0.0,0.0,0.42857142857142855
7667470361096667922,7667445470960763655,7588871257367266322,hoo,hoo,2026-07-28 12:46:06,True,True,0,0,0,0,3,1,12,1.2246467991473532e-16,-1.0,0.0,-0.3389076799462753,0.0,-0.40873061708160113,0.010948905109489052,-1.2382897110401225,0.0196078431372549,-1.1892030056996599,0.0,0.0,-1.0
7667555324858401544,,6858931844176856070,Dr KO report kasari line sir,dr ko report kasari line sir,2026-07-28 18:15:56,False,True,0,0,0,0,28,6,18,-1.0,-1.8369701987210297e-16,0.0,-0.3389076799462753,0.0,-0.40873061708160113,0.10218978102189781,-0.47850954719172234,0.11764705882352941,-0.3584639168420561,0.0,0.0,-0.2857142857142857
7667563285566849793,,7409757804519277585,trial pass vako k garne ?,trial pass vako k garne ?,2026-07-28 18:46:43,False,True,0,0,0,0,25,6,18,-1.0,-1.8369701987210297e-16,0.0,-0.3389076799462753,0.0,-0.40873061708160113,0.09124087591240876,-0.5696831668535304,0.11764705882352941,-0.3584639168420561,0.0,0.0,-0.37142857142857144
7667561112037147399,,7316946821564580866,tyo ta thik xa ..yo ev ko Lagi ho ni ...Aru ko Lagi kasri gar ne ? no ev,tyo ta thik xa ..yo ev ko lagi ho ni ...aru ko lagi kasri gar ne ? no ev,2026-07-28 18:38:18,False,True,0,0,0,0,72,19,18,-1.0,-1.8369701987210297e-16,0.0,-0.3389076799462753,0.0,-0.40873061708160113,0.26277372262773724,0.858703541181462,0.37254901960784315,1.8014577141877135,0.0,0.0,0.9714285714285714
7668215663643640577,,7409257863414137874,Medical ko lagi k garne ho appointment line ho call garera,medical ko lagi k garne ho appointment line ho call garera,2026-07-30 12:58:24,False,True,0,0,1,1,58,11,12,1.2246467991473532e-16,-1.0,0.1,1.0880720250906732,0.08333333333333333,0.47740622211970224,0.2116788321167883,0.43322664942635786,0.21568627450980393,0.4722751720155476,0.2890648263178878,0.27023815442731974,0.5714285714285714
7668547150934311688,7668215663643640577,7588871257367266322,hajur dr lai call garera janu hola,hajur dr lai call garera janu hola,2026-07-31 10:24:40,True,True,0,0,0,0,34,7,10,0.49999999999999994,-0.8660254037844387,0.0,-0.3389076799462753,0.0,-0.40873061708160113,0.12408759124087591,-0.2961623078681063,0.13725490196078433,-0.19231609907053535,0.0,0.0,-0.11428571428571428
7667456928376881940,,6651029666004598789,Date aako nai xoina?,date aako nai xoina?,2026-07-28 11:54:03,False,True,0,0,0,0,20,4,11,0.258819045102521,-0.9659258262890682,0.0,-0.3389076799462753,0.0,-0.40873061708160113,0.072992700729927,-0.7216391996232104,0.0784313725490196,-0.6907595523850976,0.0,0.0,-0.5142857142857142
7668213981412885269,,7250083626599171078,Ani yatti garesi sidhai written dine ho dai,ani yatti garesi sidhai written dine ho dai,2026-07-30 12:51:53,False,True,0,0,0,1,43,8,12,1.2246467991473532e-16,-1.0,0.0,-0.3389076799462753,0.08333333333333333,0.47740622211970224,0.15693430656934307,-0.022641448882682248,0.1568627450980392,-0.02616828129901462,0.0,0.27023815442731974,0.14285714285714285
7668547107904799496,7668213981412885269,7588871257367266322,office apporval paxi written ko paisa tirnu paxi nai written exam lai notification auxa,office apporval paxi written ko paisa tirnu paxi nai written exam lai notification auxa,2026-07-31 10:24:30,True,True,0,0,0,0,87,14,10,0.49999999999999994,-0.8660254037844387,0.0,-0.3389076799462753,0.0,-0.40873061708160113,0.3175182481751825,1.314571639490502,0.27450980392156865,0.9707186253301098,0.0,0.0,1.4
7667571699903546130,,7537338335426741266,Retiral ko rajeswo tirna ni online ho .??,retiral ko rajeswo tirna ni online ho .??,2026-07-28 19:19:29,False,True,0,0,0,0,41,8,19,-0.9659258262890684,0.2588190451025203,0.0,-0.3389076799462753,0.0,-0.40873061708160113,0.14963503649635038,-0.08342386199055427,0.1568627450980392,-0.02616828129901462,0.0,0.0,0.08571428571428572
7668340889282265863,,6616948080665706501,biometric ko date Hala xa ki nai sir koilay samma halxa sir,biometric ko date hala xa ki nai sir koilay samma halxa sir,2026-07-30 21:04:13,False,True,0,0,0,0,59,12,21,-0.7071067811865477,0.7071067811865474,0.0,-0.3389076799462753,0.0,-0.40873061708160113,0.21532846715328466,0.46361785598029387,0.23529411764705882,0.6384229897870684,0.0,0.0,0.6
7667595990212805393,,7542472568701076501,bagamati ma 15 gattey samma server down xa sir,bagamati ma 15 gattey samma server down xa sir,2026-07-28 20:53:38,False,True,0,0,0,0,46,9,20,-0.8660254037844386,0.5000000000000001,0.0,-0.3389076799462753,0.0,-0.40873061708160113,0.1678832116788321,0.06853217077912577,0.17647058823529413,0.1399795364725061,0.0,0.0,0.22857142857142856
7667556548386685717,,7568861125161698324,nagarik app baa ksri scan grni sabai bataidinu n,nagarik app baa ksri scan grni sabai bataidinu n,2026-07-28 18:20:46,False,True,0,0,0,2,48,9,18,-1.0,-1.8369701987210297e-16,0.0,-0.3389076799462753,0.16666666666666666,1.3635430613210056,0.17518248175182483,0.1293145838869978,0.17647058823529413,0.1399795364725061,0.0,0.4283173410313946,0.2857142857142857
7667932818644779783,7667556548386685717,7588871257367266322,nagarik App ma scan garne option cha tala bich ma niloo wala,nagarik app ma scan garne option cha tala bich ma niloo wala,2026-07-29 18:40:45,True,True,0,0,0,0,60,12,18,-1.0,-1.8369701987210297e-16,0.0,-0.3389076799462753,0.0,-0.40873061708160113,0.21897810218978103,0.4940090625342299,0.23529411764705882,0.6384229897870684,0.0,0.0,0.6285714285714286
7667959307711791892,7667556548386685717,7568861125161698324,vyana ne,vyana ne,2026-07-29 20:23:38,True,True,0,0,0,0,8,2,20,-0.8660254037844386,0.5000000000000001,0.0,-0.3389076799462753,0.0,-0.40873061708160113,0.029197080291970802,-1.0863336782704425,0.0392156862745098,-1.023055187928139,0.0,0.0,-0.8571428571428571
7668330243735814928,,7529120322340111368,likhit kahile khulxa pkr ma,likhit kahile khulxa pkr ma,2026-07-30 20:23:17,False,True,0,0,0,0,27,5,20,-0.8660254037844386,0.5000000000000001,0.0,-0.3389076799462753,0.0,-0.40873061708160113,0.09854014598540146,-0.5089007537456584,0.09803921568627451,-0.5246117346135768,0.0,0.0,-0.3142857142857143
7667609605140742930,,7059942509292700678,maile garey aj medical success ab aru baki cha,maile garey aj medical success ab aru baki cha,2026-07-28 21:46:33,False,True,0,0,0,0,46,9,21,-0.7071067811865477,0.7071067811865474,0.0,-0.3389076799462753,0.0,-0.40873061708160113,0.1678832116788321,0.06853217077912577,0.17647058823529413,0.1399795364725061,0.0,0.0,0.22857142857142856
7668149267744637704,,7038010011134624794,server naii down xa Kailey samma khulxa hola ?bagmati provience ma .,server naii down xa kailey samma khulxa hola ?bagmati provience ma .,2026-07-30 08:40:45,False,True,0,0,0,0,68,12,8,0.8660254037844387,-0.4999999999999998,0.0,-0.3389076799462753,0.0,-0.40873061708160113,0.24817518248175183,0.7371387149657179,0.23529411764705882,0.6384229897870684,0.0,0.0,0.8571428571428571
7667573614937375508,,7621169011666289685,licence ma haleko phone number harayo aba B category thapna k garnu parxa hola??,licence ma haleko phone number harayo aba b category thapna k garnu parxa hola??,2026-07-28 19:26:51,False,True,0,0,0,0,80,14,19,-0.9659258262890684,0.2588190451025203,0.0,-0.3389076799462753,0.0,-0.40873061708160113,0.291970802919708,1.10183319361295,0.27450980392156865,0.9707186253301098,0.0,0.0,1.2
7668000490793370376,,6629625064512831494,NID ??,nid ??,2026-07-29 23:03:18,False,True,0,0,0,0,6,2,23,-0.25881904510252157,0.9659258262890681,0.0,-0.3389076799462753,0.0,-0.40873061708160113,0.021897810218978103,-1.1471160913783145,0.0392156862745098,-1.023055187928139,0.0,0.0,-0.9142857142857143
7667489095567917841,,7584323350349349905,Re trail ko chae kasari garni ne sir,re trail ko chae kasari garni ne sir,2026-07-28 13:59:18,False,True,0,0,1,2,36,8,13,-0.2588190451025208,-0.9659258262890683,0.1,1.0880720250906732,0.16666666666666666,1.3635430613210056,0.13138686131386862,-0.2353798947602343,0.1568627450980392,-0.02616828129901462,0.2890648263178878,0.4283173410313946,-0.05714285714285714
7667931773795418888,7667489095567917841,7588871257367266322,system update vaye paxi video aune cha,system update vaye paxi video aune cha,2026-07-29 18:36:41,True,True,0,0,0,0,38,7,18,-1.0,-1.8369701987210297e-16,0.0,-0.3389076799462753,0.0,-0.40873061708160113,0.1386861313868613,-0.17459748165236227,0.13725490196078433,-0.19231609907053535,0.0,0.0,0.0
7667926847598052114,7667489095567917841,6744908526718764038,Tapai ley thaha paunu bho bhane pls malai ni bhannus la mero pano retrial Kasari garne thaha nai bhayena,tapai ley thaha paunu bho bhane pls malai ni bhannus la mero pano retrial kasari garne thaha nai bhayena,2026-07-29 18:17:32,True,True,0,0,0,0,104,19,18,-1.0,-1.8369701987210297e-16,0.0,-0.3389076799462753,0.0,-0.40873061708160113,0.3795620437956204,1.8312221509074142,0.37254901960784315,1.8014577141877135,0.0,0.0,1.8857142857142857
7667445526682190609,,7612581233965122561,Ani what about re trail ko laghi chai ??,ani what about re trail ko laghi chai ??,2026-07-28 11:10:19,False,True,0,0,1,3,40,9,11,0.258819045102521,-0.9659258262890682,0.1,1.0880720250906732,0.25,2.2496799005223087,0.145985401459854,-0.11381506854449026,0.17647058823529413,0.1399795364725061,0.2890648263178878,0.5404763088546395,0.05714285714285714
7667446703662662418,7667445526682190609,7588871257367266322,electronic driving license ma gayera retrail ko option cha,electronic driving license ma gayera retrail ko option cha,2026-07-28 11:14:19,True,True,0,0,0,0,58,9,11,0.258819045102521,-0.9659258262890682,0.0,-0.3389076799462753,0.0,-0.40873061708160113,0.2116788321167883,0.43322664942635786,0.17647058823529413,0.1399795364725061,0.0,0.0,0.5714285714285714
7667509884761473800,7667445526682190609,7420072587352835080,Not found vanxa ta,not found vanxa ta,2026-07-28 15:19:31,True,True,0,0,0,0,18,4,15,-0.7071067811865471,-0.7071067811865479,0.0,-0.3389076799462753,0.0,-0.40873061708160113,0.06569343065693431,-0.7824216127310825,0.0784313725490196,-0.6907595523850976,0.0,0.0,-0.5714285714285714
7667528055287726865,7667445526682190609,7612581233965122561,Same . Maybe server down vayera hola,same . maybe server down vayera hola,2026-07-28 16:30:38,True,True,0,0,0,0,36,7,16,-0.8660254037844384,-0.5000000000000004,0.0,-0.3389076799462753,0.0,-0.40873061708160113,0.13138686131386862,-0.2353798947602343,0.13725490196078433,-0.19231609907053535,0.0,0.0,-0.05714285714285714
7667428533329691410,,6522287339984699394,Ani rajaswa ki lagiii kaile kya,ani rajaswa ki lagiii kaile kya,2026-07-28 10:04:01,False,True,0,0,0,4,31,6,10,0.49999999999999994,-0.8660254037844387,0.0,-0.3389076799462753,0.3333333333333333,3.135816739723612,0.11313868613138686,-0.3873359275299143,0.11764705882352941,-0.3584639168420561,0.0,0.6274735630753033,-0.2
7667430548105528072,7667428533329691410,7588871257367266322,system update vaye paxi sabai online batai hunxa,system update vaye paxi sabai online batai hunxa,2026-07-28 10:11:44,True,True,0,0,0,0,48,8,10,0.49999999999999994,-0.8660254037844387,0.0,-0.3389076799462753,0.0,-0.40873061708160113,0.17518248175182483,0.1293145838869978,0.1568627450980392,-0.02616828129901462,0.0,0.0,0.2857142857142857
7667430805472264968,7667428533329691410,6522287339984699394,Ani 8 gate bhanthyo feri 11 Ani aaja 12 aaba kaile bhanneho,ani 8 gate bhanthyo feri 11 ani aaja 12 aaba kaile bhanneho,2026-07-28 10:12:43,True,True,0,0,0,0,59,12,10,0.49999999999999994,-0.8660254037844387,0.0,-0.3389076799462753,0.0,-0.40873061708160113,0.21532846715328466,0.46361785598029387,0.23529411764705882,0.6384229897870684,0.0,0.0,0.6
7667431843424469768,7667428533329691410,7588871257367266322,ho hapta samma hunxa hola,ho hapta samma hunxa hola,2026-07-28 10:16:49,True,True,0,0,0,0,25,5,10,0.49999999999999994,-0.8660254037844387,0.0,-0.3389076799462753,0.0,-0.40873061708160113,0.09124087591240876,-0.5696831668535304,0.09803921568627451,-0.5246117346135768,0.0,0.0,-0.37142857142857144
7667431316202160903,7667428533329691410,6522287339984699394,yo hapta hola taa,yo hapta hola taa,2026-07-28 10:14:49,True,True,0,0,0,0,17,4,10,0.49999999999999994,-0.8660254037844387,0.0,-0.3389076799462753,0.0,-0.40873061708160113,0.06204379562043796,-0.8128128192850185,0.0784313725490196,-0.6907595523850976,0.0,0.0,-0.6
7667579112470872852,,7108291065727157275,Scooter ko license xa abo bike ko nikalnu lai feri lekhit dinu parxa ke nai,scooter ko license xa abo bike ko nikalnu lai feri lekhit dinu parxa ke nai,2026-07-28 19:48:12,False,True,0,0,0,1,75,15,19,-0.9659258262890684,0.2588190451025203,0.0,-0.3389076799462753,0.08333333333333333,0.47740622211970224,0.2737226277372263,0.94987716084327,0.29411764705882354,1.1368664431016304,0.0,0.27023815442731974,1.0571428571428572
7667932884896482055,7667579112470872852,7588871257367266322,pardaina,pardaina,2026-07-29 18:40:55,True,True,0,0,0,0,8,1,18,-1.0,-1.8369701987210297e-16,0.0,-0.3389076799462753,0.0,-0.40873061708160113,0.029197080291970802,-1.0863336782704425,0.0196078431372549,-1.1892030056996599,0.0,0.0,-0.8571428571428571
7668693462283780885,,7499785828219651080,retrail ko lagi vayana k😳,retrail ko lagi vayana k😳,2026-07-31 19:52:28,False,True,0,0,0,1,25,5,19,-0.9659258262890684,0.2588190451025203,0.0,-0.3389076799462753,0.08333333333333333,0.47740622211970224,0.09124087591240876,-0.5696831668535304,0.09803921568627451,-0.5246117346135768,0.0,0.27023815442731974,-0.37142857142857144
7668696647606092562,7668693462283780885,7588871257367266322,naya video check garnu hola,naya video check garnu hola,2026-07-31 20:04:46,True,True,0,0,0,0,27,5,20,-0.8660254037844386,0.5000000000000001,0.0,-0.3389076799462753,0.0,-0.40873061708160113,0.09854014598540146,-0.5089007537456584,0.09803921568627451,-0.5246117346135768,0.0,0.0,-0.3142857142857143
7668019916855575313,,6603880977914707973,ani epb number use garera esewa khalti bata payment Kasari garni ho,ani epb number use garera esewa khalti bata payment kasari garni ho,2026-07-30 00:19:23,False,True,0,0,0,0,67,12,0,0.0,1.0,0.0,-0.3389076799462753,0.0,-0.40873061708160113,0.24452554744525548,0.7067475084117819,0.23529411764705882,0.6384229897870684,0.0,0.0,0.8285714285714286
7668191574492775188,,7097568486466569242,"rajeswo tireko 2 hapta bhaisakyo,aba kasari herne office ma smart card aayo ki aakoxaina bhanera?","rajeswo tireko 2 hapta bhaisakyo,aba kasari herne office ma smart card aayo ki aakoxaina bhanera?",2026-07-30 11:24:59,False,True,0,0,0,0,97,15,11,0.258819045102521,-0.9659258262890682,0.0,-0.3389076799462753,0.0,-0.40873061708160113,0.354014598540146,1.6184837050298622,0.29411764705882354,1.1368664431016304,0.0,0.0,1.6857142857142857
7667457188017439508,,7501950525321053192,Form varya var matrai ho medical garnai milya xaina,form varya var matrai ho medical garnai milya xaina,2026-07-28 11:55:08,False,True,0,0,0,1,51,9,11,0.258819045102521,-0.9659258262890682,0.0,-0.3389076799462753,0.08333333333333333,0.47740622211970224,0.18613138686131386,0.2204882035488058,0.17647058823529413,0.1399795364725061,0.0,0.27023815442731974,0.37142857142857144
7667788385814283015,7667457188017439508,7588871257367266322,system update ko kaam sakke paxi milxa sabai,system update ko kaam sakke paxi milxa sabai,2026-07-29 09:20:29,True,True,0,0,0,0,44,8,9,0.7071067811865476,-0.7071067811865475,0.0,-0.3389076799462753,0.0,-0.40873061708160113,0.16058394160583941,0.0077497576712537595,0.1568627450980392,-0.02616828129901462,0.0,0.0,0.17142857142857143
7667758233804768021,,7576580257679950856,trial date fix garne bela date click nai hudain🤔,trial date fix garne bela date click nai hudain🤔,2026-07-29 07:23:23,False,True,0,0,0,2,48,9,7,0.9659258262890683,-0.25881904510252063,0.0,-0.3389076799462753,0.16666666666666666,1.3635430613210056,0.17518248175182483,0.1293145838869978,0.17647058823529413,0.1399795364725061,0.0,0.4283173410313946,0.2857142857142857
7667932117020656402,7667758233804768021,7588871257367266322,"retry garnu hola, interent slow vayera ni hunxa or system ko issue hola","retry garnu hola, interent slow vayera ni hunxa or system ko issue hola",2026-07-29 18:38:05,True,True,0,0,0,0,71,13,18,-1.0,-1.8369701987210297e-16,0.0,-0.3389076799462753,0.0,-0.40873061708160113,0.2591240875912409,0.828312334627526,0.2549019607843137,0.804570807558589,0.0,0.0,0.9428571428571428
7667935446647898901,7667758233804768021,7576580257679950856,date select vairako xain,date select vairako xain,2026-07-29 18:51:00,True,True,0,0,0,0,24,4,18,-1.0,-1.8369701987210297e-16,0.0,-0.3389076799462753,0.0,-0.40873061708160113,0.08759124087591241,-0.6000743734074664,0.0784313725490196,-0.6907595523850976,0.0,0.0,-0.4
7667497924410557201,,7499116225848673300,Car ko retrial ko process vandinuna 😔🙏,car ko retrial ko process vandinuna 😔🙏,2026-07-28 14:33:09,False,True,0,0,0,1,38,7,14,-0.4999999999999997,-0.8660254037844388,0.0,-0.3389076799462753,0.08333333333333333,0.47740622211970224,0.1386861313868613,-0.17459748165236227,0.13725490196078433,-0.19231609907053535,0.0,0.27023815442731974,0.0
7668696813847216914,7667497924410557201,7588871257367266322,check new video,check new video,2026-07-31 20:05:23,True,True,0,0,0,0,15,3,20,-0.8660254037844386,0.5000000000000001,0.0,-0.3389076799462753,0.0,-0.40873061708160113,0.05474452554744526,-0.8735952323928904,0.058823529411764705,-0.8569073701566183,0.0,0.0,-0.6571428571428571
7667843511877747463,,6824480389684855810,Now national id compulsory for license?,now national id compulsory for license?,2026-07-29 12:54:09,False,True,0,0,10,4,39,6,12,1.2246467991473532e-16,-1.0,1.0,13.930889370423209,0.3333333333333333,3.135816739723612,0.14233576642335766,-0.14420627509842626,0.11764705882352941,-0.3584639168420561,1.0,0.6274735630753033,0.02857142857142857
7667941918501241620,7667843511877747463,6864549757046735877,Nope nagirta baye pugxa,nope nagirta baye pugxa,2026-07-29 19:16:07,True,True,0,0,1,0,23,4,19,-0.9659258262890684,0.2588190451025203,0.1,1.0880720250906732,0.0,-0.40873061708160113,0.08394160583941605,-0.6304655799614024,0.0784313725490196,-0.6907595523850976,0.2890648263178878,0.0,-0.42857142857142855
7667945940276609799,7667843511877747463,6824480389684855810,Apparently it’s compulsory now,apparently it’s compulsory now,2026-07-29 19:31:40,True,True,0,0,1,0,30,4,19,-0.9659258262890684,0.2588190451025203,0.1,1.0880720250906732,0.0,-0.40873061708160113,0.10948905109489052,-0.4177271340838503,0.0784313725490196,-0.6907595523850976,0.2890648263178878,0.0,-0.22857142857142856
7667946238590976789,7667843511877747463,6864549757046735877,Haina hola tyo optional hola btw timley ni dina lako ho server chalexa timro,haina hola tyo optional hola btw timley ni dina lako ho server chalexa timro,2026-07-29 19:32:48,True,True,0,0,1,0,76,14,19,-0.9659258262890684,0.2588190451025203,0.1,1.0880720250906732,0.0,-0.40873061708160113,0.2773722627737226,0.980268367397206,0.27450980392156865,0.9707186253301098,0.2890648263178878,0.0,1.0857142857142856
7667948079664677640,7667843511877747463,6824480389684855810,Chalirako xa nid ko website xai ho main crash bhairako 😭,chalirako xa nid ko website xai ho main crash bhairako 😭,2026-07-29 19:39:55,True,True,0,0,0,0,56,11,19,-0.9659258262890684,0.2588190451025203,0.0,-0.3389076799462753,0.0,-0.40873061708160113,0.20437956204379562,0.37244423631848583,0.21568627450980393,0.4722751720155476,0.0,0.0,0.5142857142857142
7668160069695275793,,6870891359067915270,Ani blood group haru ko option nai Xaina Ahila tw,ani blood group haru ko option nai xaina ahila tw,2026-07-30 09:22:36,False,True,0,0,0,4,49,10,9,0.7071067811865476,-0.7071067811865475,0.0,-0.3389076799462753,0.3333333333333333,3.135816739723612,0.17883211678832117,0.1597057904409338,0.19607843137254902,0.3061273542440269,0.0,0.6274735630753033,0.3142857142857143
7668186714271499026,7668160069695275793,7588871257367266322,medical gare paxi dr le entry garnu hunxa,medical gare paxi dr le entry garnu hunxa,2026-07-30 11:05:58,True,True,0,0,0,0,41,8,11,0.258819045102521,-0.9659258262890682,0.0,-0.3389076799462753,0.0,-0.40873061708160113,0.14963503649635038,-0.08342386199055427,0.1568627450980392,-0.02616828129901462,0.0,0.0,0.08571428571428572
7668246774851846932,7668160069695275793,7198514402734294042,afno area ko doctor nai xain options ma🤣,afno area ko doctor nai xain options ma🤣,2026-07-30 14:59:13,True,True,0,0,0,0,40,8,14,-0.4999999999999997,-0.8660254037844388,0.0,-0.3389076799462753,0.0,-0.40873061708160113,0.145985401459854,-0.11381506854449026,0.1568627450980392,-0.02616828129901462,0.0,0.0,0.05714285714285714
7668197176258347792,7668160069695275793,6870891359067915270,Hamley form varya paxi dr sanga Kura garni ani medical garna Jane ho?,hamley form varya paxi dr sanga kura garni ani medical garna jane ho?,2026-07-30 11:46:37,True,True,0,0,0,0,69,13,11,0.258819045102521,-0.9659258262890682,0.0,-0.3389076799462753,0.0,-0.40873061708160113,0.2518248175182482,0.7675299215196539,0.2549019607843137,0.804570807558589,0.0,0.0,0.8857142857142857
7668202681533612818,7668160069695275793,7588871257367266322,ho ani dr le system ma update gare paxi application office apporval lai forward hunxa,ho ani dr le system ma update gare paxi application office apporval lai forward hunxa,2026-07-30 12:07:57,True,True,0,0,0,0,85,15,12,1.2246467991473532e-16,-1.0,0.0,-0.3389076799462753,0.0,-0.40873061708160113,0.3102189781021898,1.25378922638263,0.29411764705882354,1.1368664431016304,0.0,0.0,1.3428571428571427
7667403259493368597,,6887107518960436229,khulay ko xina tw dai form varda kheri mildiana tw,khulay ko xina tw dai form varda kheri mildiana tw,2026-07-28 08:25:58,False,True,1,0,1,1,50,10,8,0.8660254037844387,-0.4999999999999998,0.1,1.0880720250906732,0.08333333333333333,0.47740622211970224,0.18248175182481752,0.1900969969948698,0.19607843137254902,0.3061273542440269,0.2890648263178878,0.27023815442731974,0.34285714285714286
7667407506038014727,7667403259493368597,7588871257367266322,system update and data migration hudai cha vanera notice aako cha,system update and data migration hudai cha vanera notice aako cha,2026-07-28 08:42:22,True,True,0,0,0,0,65,11,8,0.8660254037844387,-0.4999999999999998,0.0,-0.3389076799462753,0.0,-0.40873061708160113,0.23722627737226276,0.6459650953039099,0.21568627450980393,0.4722751720155476,0.0,0.0,0.7714285714285715
7667776150739026696,,6588308048498016261,"यातायात Jada naya system lagu vaisakeko xaina vanxan, medical dina gako thie","यातायात jada naya system lagu vaisakeko xaina vanxan, medical dina gako thie",2026-07-29 08:32:50,False,True,0,0,0,1,76,12,8,0.8660254037844387,-0.4999999999999998,0.0,-0.3389076799462753,0.08333333333333333,0.47740622211970224,0.2773722627737226,0.980268367397206,0.23529411764705882,0.6384229897870684,0.0,0.27023815442731974,1.0857142857142856
7667788325277451016,7667776150739026696,7588871257367266322,"update ko process ma cha, kaam sakke paxi suru hunxa","update ko process ma cha, kaam sakke paxi suru hunxa",2026-07-29 09:20:03,True,True,0,0,0,0,52,10,9,0.7071067811865476,-0.7071067811865475,0.0,-0.3389076799462753,0.0,-0.40873061708160113,0.1897810218978102,0.25087941010274184,0.19607843137254902,0.3061273542440269,0.0,0.0,0.4
7667449538622784263,,7466083556843062289,Ani Medical KO lagi k garnu parla. bidesh nai Jana lako jastai medical nii garnu parne raixa tw. ani Medical garna hospital nai visit garnu parne ho ki kaso purai bujhaunu paryo nii uncle,ani medical ko lagi k garnu parla. bidesh nai jana lako jastai medical nii garnu parne raixa tw. ani medical garna hospital nai visit garnu parne ho ki kaso purai bujhaunu paryo nii uncle,2026-07-28 11:25:35,False,True,0,0,0,0,187,34,11,0.258819045102521,-0.9659258262890682,0.0,-0.3389076799462753,0.0,-0.40873061708160113,0.6824817518248175,4.353692294884103,0.6666666666666666,4.293674980760525,0.0,0.0,4.257142857142857
7667928301340869384,,6791398509470155777,Apply gareko Su.Pa pradesh ko lagi for medical Doctor selection chai madesh pradesh and bagmati lumbini tirako list chh dotm processing maa. Kasari solution hola yo issue medical report .kindly hola,apply gareko su.pa pradesh ko lagi for medical doctor selection chai madesh pradesh and bagmati lumbini tirako list chh dotm processing maa. kasari solution hola yo issue medical report .kindly hola,2026-07-29 18:23:12,False,True,0,0,0,1,198,31,18,-1.0,-1.8369701987210297e-16,0.0,-0.3389076799462753,0.08333333333333333,0.47740622211970224,0.7226277372262774,4.687995566977398,0.6078431372549019,3.7952315274459627,0.0,0.27023815442731974,4.571428571428571
7667933124848583432,7667928301340869384,7588871257367266322,list update vaye paxi Supa kai list auxa tyaa bata garnu hola,list update vaye paxi supa kai list auxa tyaa bata garnu hola,2026-07-29 18:41:53,True,True,0,0,1,0,61,12,18,-1.0,-1.8369701987210297e-16,0.1,1.0880720250906732,0.0,-0.40873061708160113,0.22262773722627738,0.5244002690881658,0.23529411764705882,0.6384229897870684,0.2890648263178878,0.0,0.6571428571428571
7668023316620477192,,7025920877208765442,trial pass bhako le rajaswo kasari tirne ho aba,trial pass bhako le rajaswo kasari tirne ho aba,2026-07-30 00:32:01,False,True,0,0,0,0,47,9,0,0.0,1.0,0.0,-0.3389076799462753,0.0,-0.40873061708160113,0.17153284671532848,0.09892337733306178,0.17647058823529413,0.1399795364725061,0.0,0.0,0.2571428571428571
7668215327688786695,,7095549854919590939,lumbiniko server down X ho website khuldaina t ♥️,lumbiniko server down x ho website khuldaina t ♥️,2026-07-30 12:57:11,False,True,0,0,0,0,49,9,12,1.2246467991473532e-16,-1.0,0.0,-0.3389076799462753,0.0,-0.40873061708160113,0.17883211678832117,0.1597057904409338,0.17647058823529413,0.1399795364725061,0.0,0.0,0.3142857142857143
7667499839906661127,,7068314356517815322,Daii server tw down xa tw,daii server tw down xa tw,2026-07-28 14:40:31,False,True,0,0,3,3,25,6,14,-0.4999999999999997,-0.8660254037844388,0.3,3.9420314351645707,0.25,2.2496799005223087,0.09124087591240876,-0.5696831668535304,0.11764705882352941,-0.3584639168420561,0.5781296526357756,0.5404763088546395,-0.37142857142857144
7667506668334695175,7667499839906661127,7588871257367266322,kun pradesh?,kun pradesh?,2026-07-28 15:07:05,True,True,0,0,3,0,12,2,15,-0.7071067811865471,-0.7071067811865479,0.3,3.9420314351645707,0.0,-0.40873061708160113,0.043795620437956206,-0.9647688520546984,0.0392156862745098,-1.023055187928139,0.5781296526357756,0.0,-0.7428571428571429
7667515014107300616,7667499839906661127,7068314356517815322,bagamati,bagamati,2026-07-28 15:39:34,True,True,0,0,0,0,8,1,15,-0.7071067811865471,-0.7071067811865479,0.0,-0.3389076799462753,0.0,-0.40873061708160113,0.029197080291970802,-1.0863336782704425,0.0196078431372549,-1.1892030056996599,0.0,0.0,-0.8571428571428571
7667543253776859905,7667499839906661127,6553561337552306181,Madhesh ko update xain🥺,madhesh ko update xain🥺,2026-07-28 17:29:40,True,True,0,0,0,0,23,4,17,-0.9659258262890683,-0.25881904510252063,0.0,-0.3389076799462753,0.0,-0.40873061708160113,0.08394160583941605,-0.6304655799614024,0.0784313725490196,-0.6907595523850976,0.0,0.0,-0.42857142857142855
7667755779776250642,,7632277805312820244,यातायात कार्यलमा गयर गर्दा तँ सर्भर छैन भनेको एक महिना हुन लाज्ञो अनलाइनबात परको कुरा,यातायात कार्यलमा गयर गर्दा तँ सर्भर छैन भनेको एक महिना हुन लाज्ञो अनलाइनबात परको कुरा,2026-07-29 07:13:48,False,True,0,0,0,1,85,15,7,0.9659258262890683,-0.25881904510252063,0.0,-0.3389076799462753,0.08333333333333333,0.47740622211970224,0.3102189781021898,1.25378922638263,0.29411764705882354,1.1368664431016304,0.0,0.27023815442731974,1.3428571428571427
7667811003434910472,7667755779776250642,7588871257367266322,update ko kaam haru chalirako cha tei vayera hola,update ko kaam haru chalirako cha tei vayera hola,2026-07-29 10:48:13,True,True,0,0,0,0,49,9,10,0.49999999999999994,-0.8660254037844387,0.0,-0.3389076799462753,0.0,-0.40873061708160113,0.17883211678832117,0.1597057904409338,0.17647058823529413,0.1399795364725061,0.0,0.0,0.3142857142857143
7667416502136193809,,7602884239403631636,Car ko lagi kati age chayiney ho ???,car ko lagi kati age chayiney ho ???,2026-07-28 09:17:08,False,True,1,0,1,2,36,8,9,0.7071067811865476,-0.7071067811865475,0.1,1.0880720250906732,0.16666666666666666,1.3635430613210056,0.13138686131386862,-0.2353798947602343,0.1568627450980392,-0.02616828129901462,0.2890648263178878,0.4283173410313946,-0.05714285714285714
7667429677271188232,7667416502136193809,7588871257367266322,18 ho tara aba bike ko lagi 18 car ko lagi 21 hune kura cha,18 ho tara aba bike ko lagi 18 car ko lagi 21 hune kura cha,2026-07-28 10:08:16,True,True,0,0,1,0,59,15,10,0.49999999999999994,-0.8660254037844387,0.1,1.0880720250906732,0.0,-0.40873061708160113,0.21532846715328466,0.46361785598029387,0.29411764705882354,1.1368664431016304,0.2890648263178878,0.0,0.6
7667496895930270485,7667416502136193809,6986266317569672197,Bike ko lagi 18 pugnu parne lagu vai sakyo ki vako xaina sir,bike ko lagi 18 pugnu parne lagu vai sakyo ki vako xaina sir,2026-07-28 14:29:15,True,True,0,0,0,0,60,13,14,-0.4999999999999997,-0.8660254037844388,0.0,-0.3389076799462753,0.0,-0.40873061708160113,0.21897810218978103,0.4940090625342299,0.2549019607843137,0.804570807558589,0.0,0.0,0.6285714285714286
7667545276459549460,,7480886723418227719,Age ko kura change bhayo ko horw ? category A ko lagi 18+ rw category B ko lagi 21+ ?,age ko kura change bhayo ko horw ? category a ko lagi 18+ rw category b ko lagi 21+ ?,2026-07-28 17:37:01,False,True,0,0,0,2,85,20,17,-0.9659258262890683,-0.25881904510252063,0.0,-0.3389076799462753,0.16666666666666666,1.3635430613210056,0.3102189781021898,1.25378922638263,0.39215686274509803,1.9676055319592343,0.0,0.4283173410313946,1.3428571428571427
7668355461708432135,7667545276459549460,7621446067808158741,Tait yll 🥲,tait yll 🥲,2026-07-30 22:00:46,True,True,0,0,0,0,10,3,22,-0.5000000000000004,0.8660254037844384,0.0,-0.3389076799462753,0.0,-0.40873061708160113,0.0364963503649635,-1.0255512651625704,0.058823529411764705,-0.8569073701566183,0.0,0.0,-0.8
7667546041500582677,7667545276459549460,7480886723418227719,thaitt yrr 💔🙂,thaitt yrr 💔🙂,2026-07-28 17:39:57,True,True,0,0,0,0,13,3,17,-0.9659258262890683,-0.25881904510252063,0.0,-0.3389076799462753,0.0,-0.40873061708160113,0.04744525547445255,-0.9343776455007624,0.058823529411764705,-0.8569073701566183,0.0,0.0,-0.7142857142857143
7667610446647837461,,7416400572436087813,indain KO ahile ban cha,indain ko ahile ban cha,2026-07-28 21:49:48,False,True,0,0,0,2,23,5,21,-0.7071067811865477,0.7071067811865474,0.0,-0.3389076799462753,0.16666666666666666,1.3635430613210056,0.08394160583941605,-0.6304655799614024,0.09803921568627451,-0.5246117346135768,0.0,0.4283173410313946,-0.42857142857142855
7667914916972364565,7667610446647837461,7416400572436087813,tyo cha mo sang aur ke chahinch,tyo cha mo sang aur ke chahinch,2026-07-29 17:31:22,True,True,0,0,0,0,31,7,17,-0.9659258262890683,-0.25881904510252063,0.0,-0.3389076799462753,0.0,-0.40873061708160113,0.11313868613138686,-0.3873359275299143,0.13725490196078433,-0.19231609907053535,0.0,0.0,-0.2
7667788726156804872,7667610446647837461,7588871257367266322,passport chayinxa,passport chayinxa,2026-07-29 09:21:41,True,True,0,0,0,0,17,2,9,0.7071067811865476,-0.7071067811865475,0.0,-0.3389076799462753,0.0,-0.40873061708160113,0.06204379562043796,-0.8128128192850185,0.0392156862745098,-1.023055187928139,0.0,0.0,-0.6
7667767876992779026,,7383343110645302288,"gandaki ko ta verna mildaina vanethe
B category ko",gandaki ko ta verna mildaina vanethe b category ko,2026-07-29 08:00:49,False,True,0,0,0,1,50,9,8,0.8660254037844387,-0.4999999999999998,0.0,-0.3389076799462753,0.08333333333333333,0.47740622211970224,0.18248175182481752,0.1900969969948698,0.17647058823529413,0.1399795364725061,0.0,0.27023815442731974,0.34285714285714286
7667932339469959954,7667767876992779026,7588871257367266322,system update ko kaam sakepaxi milxa,system update ko kaam sakepaxi milxa,2026-07-29 18:38:55,True,True,0,0,0,0,36,6,18,-1.0,-1.8369701987210297e-16,0.0,-0.3389076799462753,0.0,-0.40873061708160113,0.13138686131386862,-0.2353798947602343,0.11764705882352941,-0.3584639168420561,0.0,0.0,-0.05714285714285714
7667812678937428743,,7406143983661483013,daii 60 years Vanda badhi vako Manchester le license Lina mildaina ho????,daii 60 years vanda badhi vako manchester le license lina mildaina ho????,2026-07-29 10:54:32,False,True,0,0,0,2,73,12,10,0.49999999999999994,-0.8660254037844387,0.0,-0.3389076799462753,0.16666666666666666,1.3635430613210056,0.2664233576642336,0.889094747735398,0.23529411764705882,0.6384229897870684,0.0,0.4283173410313946,1.0
7667932209991779090,7667812678937428743,7588871257367266322,18 to 60 vaneko cha system ma,18 to 60 vaneko cha system ma,2026-07-29 18:38:31,True,True,0,0,0,0,29,7,18,-1.0,-1.8369701987210297e-16,0.0,-0.3389076799462753,0.0,-0.40873061708160113,0.10583941605839416,-0.4481183406377863,0.13725490196078433,-0.19231609907053535,0.0,0.0,-0.2571428571428571
7667965870211678983,7667812678937428743,7406143983661483013,kei garera Pani mildaina???,kei garera pani mildaina???,2026-07-29 20:48:59,True,True,0,0,0,0,27,4,20,-0.8660254037844386,0.5000000000000001,0.0,-0.3389076799462753,0.0,-0.40873061708160113,0.09854014598540146,-0.5089007537456584,0.0784313725490196,-0.6907595523850976,0.0,0.0,-0.3142857142857143
7667734235302396680,,6689942530064942085,system chalekai xaina vanxnta,system chalekai xaina vanxnta,2026-07-29 05:50:23,False,True,0,0,0,1,29,4,5,0.9659258262890683,0.25881904510252074,0.0,-0.3389076799462753,0.08333333333333333,0.47740622211970224,0.10583941605839416,-0.4481183406377863,0.0784313725490196,-0.6907595523850976,0.0,0.27023815442731974,-0.2571428571428571
7667932607280481042,7667734235302396680,7588871257367266322,"hajur, kaam chalirako cha","hajur, kaam chalirako cha",2026-07-29 18:40:02,True,True,0,0,0,0,25,4,18,-1.0,-1.8369701987210297e-16,0.0,-0.3389076799462753,0.0,-0.40873061708160113,0.09124087591240876,-0.5696831668535304,0.0784313725490196,-0.6907595523850976,0.0,0.0,-0.37142857142857144
7667610103596860167,,7663874817992688661,Sir yesto vanxa ma Chai Dhangadhi bata ho,sir yesto vanxa ma chai dhangadhi bata ho,2026-07-28 21:48:31,False,True,0,0,3,1,41,8,21,-0.7071067811865477,0.7071067811865474,0.3,3.9420314351645707,0.08333333333333333,0.47740622211970224,0.14963503649635038,-0.08342386199055427,0.1568627450980392,-0.02616828129901462,0.5781296526357756,0.27023815442731974,0.08571428571428572
7667631871563678482,7667610103596860167,7457139838133126160,Same problem,same problem,2026-07-28 23:12:52,True,True,0,0,0,0,12,2,23,-0.25881904510252157,0.9659258262890681,0.0,-0.3389076799462753,0.0,-0.40873061708160113,0.043795620437956206,-0.9647688520546984,0.0392156862745098,-1.023055187928139,0.0,0.0,-0.7428571428571429
7667800515414606612,,7172873975503291398,बनाउने भए पूरा भिडियो बनाउने,बनाउने भए पूरा भिडियो बनाउने,2026-07-29 10:07:34,False,True,0,0,0,1,28,5,10,0.49999999999999994,-0.8660254037844387,0.0,-0.3389076799462753,0.08333333333333333,0.47740622211970224,0.10218978102189781,-0.47850954719172234,0.09803921568627451,-0.5246117346135768,0.0,0.27023815442731974,-0.2857142857142857
7667810780875703047,7667800515414606612,7588871257367266322,system update ko kaam sakke paxi pura video auxa,system update ko kaam sakke paxi pura video auxa,2026-07-29 10:47:11,True,True,0,0,1,0,48,9,10,0.49999999999999994,-0.8660254037844387,0.1,1.0880720250906732,0.0,-0.40873061708160113,0.17518248175182483,0.1293145838869978,0.17647058823529413,0.1399795364725061,0.2890648263178878,0.0,0.2857142857142857
7668018983531201301,,6556818347677564933,Aile naya license ko laage form khuleko xa ke nai sir.. Ane kaile bata trial suru hunxa hola any information plz,aile naya license ko laage form khuleko xa ke nai sir.. ane kaile bata trial suru hunxa hola any information plz,2026-07-30 00:15:19,False,True,0,0,0,1,112,21,0,0.0,1.0,0.0,-0.3389076799462753,0.08333333333333333,0.47740622211970224,0.40875912408759124,2.074351803338902,0.4117647058823529,2.133753349730755,0.0,0.27023815442731974,2.1142857142857143
7668186919591969544,7668018983531201301,7588871257367266322,form khulirako cha tara server issue haru cha,form khulirako cha tara server issue haru cha,2026-07-30 11:06:54,True,True,0,0,0,0,45,8,11,0.258819045102521,-0.9659258262890682,0.0,-0.3389076799462753,0.0,-0.40873061708160113,0.16423357664233576,0.03814096422518977,0.1568627450980392,-0.02616828129901462,0.0,0.0,0.2
7667781570052473621,,6941736271800075270,Nid no audaina mero,nid no audaina mero,2026-07-29 08:53:54,False,True,0,0,0,1,19,4,8,0.8660254037844387,-0.4999999999999998,0.0,-0.3389076799462753,0.08333333333333333,0.47740622211970224,0.06934306569343066,-0.7520304061771464,0.0784313725490196,-0.6907595523850976,0.0,0.27023815442731974,-0.5428571428571428
7667788546475819794,7667781570052473621,7588871257367266322,system issue le hola 1 2 din ma try garnu hola,system issue le hola 1 2 din ma try garnu hola,2026-07-29 09:20:54,True,True,0,0,0,0,46,11,9,0.7071067811865476,-0.7071067811865475,0.0,-0.3389076799462753,0.0,-0.40873061708160113,0.1678832116788321,0.06853217077912577,0.21568627450980393,0.4722751720155476,0.0,0.0,0.22857142857142856
7667774283360322325,,7164950259164251142,Retrail ko kasari garne,retrail ko kasari garne,2026-07-29 08:25:51,False,True,0,0,0,1,23,4,8,0.8660254037844387,-0.4999999999999998,0.0,-0.3389076799462753,0.08333333333333333,0.47740622211970224,0.08394160583941605,-0.6304655799614024,0.0784313725490196,-0.6907595523850976,0.0,0.27023815442731974,-0.42857142857142855
7667932426391536402,7667774283360322325,7588871257367266322,"retrial kai option hunxa yasma, system update paxi video auxa","retrial kai option hunxa yasma, system update paxi video auxa",2026-07-29 18:39:13,True,True,0,0,0,0,61,10,18,-1.0,-1.8369701987210297e-16,0.0,-0.3389076799462753,0.0,-0.40873061708160113,0.22262773722627738,0.5244002690881658,0.19607843137254902,0.3061273542440269,0.0,0.0,0.6571428571428571
7667500873099002632,,7009187476288046086,थप गर्नु परे के गर्ने।,थप गर्नु परे के गर्ने।,2026-07-28 14:44:35,False,True,0,0,0,1,22,5,14,-0.4999999999999997,-0.8660254037844388,0.0,-0.3389076799462753,0.08333333333333333,0.47740622211970224,0.08029197080291971,-0.6608567865153384,0.09803921568627451,-0.5246117346135768,0.0,0.27023815442731974,-0.45714285714285713
7667506595861988114,7667500873099002632,7588871257367266322,electronic driving license ma gayera add category select garna milxa,electronic driving license ma gayera add category select garna milxa,2026-07-28 15:06:44,True,True,0,0,0,0,68,10,15,-0.7071067811865471,-0.7071067811865479,0.0,-0.3389076799462753,0.0,-0.40873061708160113,0.24817518248175183,0.7371387149657179,0.19607843137254902,0.3061273542440269,0.0,0.0,0.8571428571428571
7667602596484399879,,6924899914572989442,madhesh pardesh ko Kai le Dekhi chalu hunchan new licence ko faram,madhesh pardesh ko kai le dekhi chalu hunchan new licence ko faram,2026-07-28 21:19:18,False,True,0,0,0,1,66,12,21,-0.7071067811865477,0.7071067811865474,0.0,-0.3389076799462753,0.08333333333333333,0.47740622211970224,0.24087591240875914,0.6763563018578459,0.23529411764705882,0.6384229897870684,0.0,0.27023815442731974,0.8
7667932518189236999,7667602596484399879,7588871257367266322,system update and data migration ko kaam complete vaye paxi,system update and data migration ko kaam complete vaye paxi,2026-07-29 18:39:35,True,True,0,0,0,0,59,10,18,-1.0,-1.8369701987210297e-16,0.0,-0.3389076799462753,0.0,-0.40873061708160113,0.21532846715328466,0.46361785598029387,0.19607843137254902,0.3061273542440269,0.0,0.0,0.6
7667587591906624276,,7513123028935885842,sir bike KO ra scooter KO age Kati KO,sir bike ko ra scooter ko age kati ko,2026-07-28 20:21:08,False,True,0,0,0,1,37,9,20,-0.8660254037844386,0.5000000000000001,0.0,-0.3389076799462753,0.08333333333333333,0.47740622211970224,0.13503649635036497,-0.2049886882062983,0.17647058823529413,0.1399795364725061,0.0,0.27023815442731974,-0.02857142857142857
7667932589840253703,7667587591906624276,7588871257367266322,16 ho tara naya system ma 18 dekhako cha,16 ho tara naya system ma 18 dekhako cha,2026-07-29 18:39:49,True,True,0,0,0,0,40,9,18,-1.0,-1.8369701987210297e-16,0.0,-0.3389076799462753,0.0,-0.40873061708160113,0.145985401459854,-0.11381506854449026,0.17647058823529413,0.1399795364725061,0.0,0.0,0.05714285714285714
7667422134289957653,,7487556783457338375,Mero car ko can ab maili बाइकको निकाल्नु लागि को यसको लागि k गर्नु पर्छ sir,mero car ko can ab maili बाइकको निकाल्नु लागि को यसको लागि k गर्नु पर्छ sir,2026-07-28 09:39:12,False,True,0,0,0,1,75,16,9,0.7071067811865476,-0.7071067811865475,0.0,-0.3389076799462753,0.08333333333333333,0.47740622211970224,0.2737226277372263,0.94987716084327,0.3137254901960784,1.3030142608731512,0.0,0.27023815442731974,1.0571428571428572
7667428654780498695,7667422134289957653,7588871257367266322,Electronic Driving License ma gayera add category bata apply garna milxa,electronic driving license ma gayera add category bata apply garna milxa,2026-07-28 10:04:26,True,True,0,0,0,0,72,11,10,0.49999999999999994,-0.8660254037844387,0.0,-0.3389076799462753,0.0,-0.40873061708160113,0.26277372262773724,0.858703541181462,0.21568627450980393,0.4722751720155476,0.0,0.0,0.9714285714285714
7667953279868224263,,279365377623576576,Retrial ko chahi kasari k ma garni hola ??,retrial ko chahi kasari k ma garni hola ??,2026-07-29 20:00:13,False,True,0,0,0,1,42,9,20,-0.8660254037844386,0.5000000000000001,0.0,-0.3389076799462753,0.08333333333333333,0.47740622211970224,0.15328467153284672,-0.05303265543661825,0.17647058823529413,0.1399795364725061,0.0,0.27023815442731974,0.11428571428571428
7668187146117677842,7667953279868224263,7588871257367266322,retrail ko option cha. arko video aune cha,retrail ko option cha. arko video aune cha,2026-07-30 11:07:42,True,True,0,0,0,0,42,8,11,0.258819045102521,-0.9659258262890682,0.0,-0.3389076799462753,0.0,-0.40873061708160113,0.15328467153284672,-0.05303265543661825,0.1568627450980392,-0.02616828129901462,0.0,0.0,0.11428571428571428
7667930253415908103,,6865094680516117505,Online form band bhako xa bhane ko thyo ta,online form band bhako xa bhane ko thyo ta,2026-07-29 18:30:52,False,True,0,0,0,1,42,9,18,-1.0,-1.8369701987210297e-16,0.0,-0.3389076799462753,0.08333333333333333,0.47740622211970224,0.15328467153284672,-0.05303265543661825,0.17647058823529413,0.1399795364725061,0.0,0.27023815442731974,0.11428571428571428
7668187055637627666,7667930253415908103,7588871257367266322,banda vako ta xaina tara server chai chaleko xaina,banda vako ta xaina tara server chai chaleko xaina,2026-07-30 11:07:24,True,True,0,0,0,0,50,9,11,0.258819045102521,-0.9659258262890682,0.0,-0.3389076799462753,0.0,-0.40873061708160113,0.18248175182481752,0.1900969969948698,0.17647058823529413,0.1399795364725061,0.0,0.0,0.34285714285714286
7667577313710637842,,7238525679738045445,pass vako rajaso tirnu chahi kasari ho ni sir,pass vako rajaso tirnu chahi kasari ho ni sir,2026-07-28 19:41:13,False,True,0,0,1,0,45,9,19,-0.9659258262890684,0.2588190451025203,0.1,1.0880720250906732,0.0,-0.40873061708160113,0.16423357664233576,0.03814096422518977,0.17647058823529413,0.1399795364725061,0.2890648263178878,0.0,0.2
7667803788070650645,,7513123028935885842,bike KO lisence KO age Kati ho,bike ko lisence ko age kati ho,2026-07-29 10:20:17,False,True,0,0,0,1,30,7,10,0.49999999999999994,-0.8660254037844387,0.0,-0.3389076799462753,0.08333333333333333,0.47740622211970224,0.10948905109489052,-0.4177271340838503,0.13725490196078433,-0.19231609907053535,0.0,0.27023815442731974,-0.22857142857142856
7667810880265093906,7667803788070650645,7588871257367266322,16 ho 18 vayera auxa jasto cha naya system ma herda chai,16 ho 18 vayera auxa jasto cha naya system ma herda chai,2026-07-29 10:47:39,True,True,0,0,0,0,56,12,10,0.49999999999999994,-0.8660254037844387,0.0,-0.3389076799462753,0.0,-0.40873061708160113,0.20437956204379562,0.37244423631848583,0.23529411764705882,0.6384229897870684,0.0,0.0,0.5142857142857142
7668143619932554004,,7231148549006033925,bidesh Dekhi kasari renew garne,bidesh dekhi kasari renew garne,2026-07-30 08:18:46,False,True,0,0,0,1,31,5,8,0.8660254037844387,-0.4999999999999998,0.0,-0.3389076799462753,0.08333333333333333,0.47740622211970224,0.11313868613138686,-0.3873359275299143,0.09803921568627451,-0.5246117346135768,0.0,0.27023815442731974,-0.2
7668186814428250887,7668143619932554004,7588871257367266322,medical garma dr visit compulsory cha,medical garma dr visit compulsory cha,2026-07-30 11:06:28,True,True,0,0,0,0,37,6,11,0.258819045102521,-0.9659258262890682,0.0,-0.3389076799462753,0.0,-0.40873061708160113,0.13503649635036497,-0.2049886882062983,0.11764705882352941,-0.3584639168420561,0.0,0.0,-0.02857142857142857
7667457400892261136,,6911248387006628866,"Medical ma k update hunna baaki xa
if xa vane kahile samma update aaune xa sir ?",medical ma k update hunna baaki xa if xa vane kahile samma update aaune xa sir ?,2026-07-28 11:55:55,False,True,0,0,0,1,80,17,11,0.258819045102521,-0.9659258262890682,0.0,-0.3389076799462753,0.08333333333333333,0.47740622211970224,0.291970802919708,1.10183319361295,0.3333333333333333,1.469162078644672,0.0,0.27023815442731974,1.2
7667470676525302536,7667457400892261136,7588871257367266322,voli parsi samma ma try garnu hola,voli parsi samma ma try garnu hola,2026-07-28 12:47:22,True,True,0,0,0,0,34,7,12,1.2246467991473532e-16,-1.0,0.0,-0.3389076799462753,0.0,-0.40873061708160113,0.12408759124087591,-0.2961623078681063,0.13725490196078433,-0.19231609907053535,0.0,0.0,-0.11428571428571428
7668239818668966664,,6883543211357307909,सर लिखित म एक चोटि फेल भए पछि कत्ती समय पछि फारम भार्न मिल्छ🥰,सर लिखित म एक चोटि फेल भए पछि कत्ती समय पछि फारम भार्न मिल्छ🥰,2026-07-30 14:32:01,False,True,0,0,0,1,61,14,14,-0.4999999999999997,-0.8660254037844388,0.0,-0.3389076799462753,0.08333333333333333,0.47740622211970224,0.22262773722627738,0.5244002690881658,0.27450980392156865,0.9707186253301098,0.0,0.27023815442731974,0.6571428571428571
7668546633205908231,7668239818668966664,7588871257367266322,3 months paxi,3 months paxi,2026-07-31 10:22:37,True,True,0,0,0,0,13,3,10,0.49999999999999994,-0.8660254037844387,0.0,-0.3389076799462753,0.0,-0.40873061708160113,0.04744525547445255,-0.9343776455007624,0.058823529411764705,-0.8569073701566183,0.0,0.0,-0.7142857142857143
7668534217248178951,,7317991999855887365,sir hamile passport Bata garna mildaina,sir hamile passport bata garna mildaina,2026-07-31 09:34:28,False,True,0,0,1,1,39,6,9,0.7071067811865476,-0.7071067811865475,0.1,1.0880720250906732,0.08333333333333333,0.47740622211970224,0.14233576642335766,-0.14420627509842626,0.11764705882352941,-0.3584639168420561,0.2890648263178878,0.27023815442731974,0.02857142857142857
7668546827679777543,7668534217248178951,7588871257367266322,Nepali le NID batai garnu parxa,nepali le nid batai garnu parxa,2026-07-31 10:23:31,True,True,0,0,1,0,31,6,10,0.49999999999999994,-0.8660254037844387,0.1,1.0880720250906732,0.0,-0.40873061708160113,0.11313868613138686,-0.3873359275299143,0.11764705882352941,-0.3584639168420561,0.2890648263178878,0.0,-0.2
7667504089940771600,,6802155359140283398,pokhara ko doctors ko name contact nai dekhaudaina tw kina hola,pokhara ko doctors ko name contact nai dekhaudaina tw kina hola,2026-07-28 14:57:05,False,True,0,0,0,1,63,11,14,-0.4999999999999997,-0.8660254037844388,0.0,-0.3389076799462753,0.08333333333333333,0.47740622211970224,0.22992700729927007,0.5851826821960379,0.21568627450980393,0.4722751720155476,0.0,0.27023815442731974,0.7142857142857143
7667506644347503367,7667504089940771600,7588871257367266322,update auxa hola yo week samma,update auxa hola yo week samma,2026-07-28 15:06:55,True,True,0,0,0,0,30,6,15,-0.7071067811865471,-0.7071067811865479,0.0,-0.3389076799462753,0.0,-0.40873061708160113,0.10948905109489052,-0.4177271340838503,0.11764705882352941,-0.3584639168420561,0.0,0.0,-0.22857142857142856
7667507653149098772,,7027628615185892354,retrial ko lagi chai?,retrial ko lagi chai?,2026-07-28 15:10:58,False,True,0,0,0,1,21,4,15,-0.7071067811865471,-0.7071067811865479,0.0,-0.3389076799462753,0.08333333333333333,0.47740622211970224,0.07664233576642336,-0.6912479930692744,0.0784313725490196,-0.6907595523850976,0.0,0.27023815442731974,-0.4857142857142857
7667933010608325384,7667507653149098772,7588871257367266322,video auxa follow garnu hola,video auxa follow garnu hola,2026-07-29 18:41:28,True,True,0,0,0,0,28,5,18,-1.0,-1.8369701987210297e-16,0.0,-0.3389076799462753,0.0,-0.40873061708160113,0.10218978102189781,-0.47850954719172234,0.09803921568627451,-0.5246117346135768,0.0,0.0,-0.2857142857142857
7667955146500834055,,7179910724100998150,aba k garnu 2 din Bhayo,aba k garnu 2 din bhayo,2026-07-29 20:07:21,False,True,0,0,0,0,23,6,20,-0.8660254037844386,0.5000000000000001,0.0,-0.3389076799462753,0.0,-0.40873061708160113,0.08394160583941605,-0.6304655799614024,0.11764705882352941,-0.3584639168420561,0.0,0.0,-0.42857142857142855
7667954975708218132,,6791777753819268101,yesto herauxa tara pdf download nai hudaina ke garne ??,yesto herauxa tara pdf download nai hudaina ke garne ??,2026-07-29 20:06:42,False,True,0,0,0,0,55,10,20,-0.8660254037844386,0.5000000000000001,0.0,-0.3389076799462753,0.0,-0.40873061708160113,0.20072992700729927,0.3420530297645498,0.19607843137254902,0.3061273542440269,0.0,0.0,0.4857142857142857
7667379679289787144,,6695243401078735878,🥰🥰🥰,🥰🥰🥰,2026-07-28 06:54:30,False,True,1,0,1,0,3,1,6,1.0,6.123233995736766e-17,0.1,1.0880720250906732,0.0,-0.40873061708160113,0.010948905109489052,-1.2382897110401225,0.0196078431372549,-1.1892030056996599,0.2890648263178878,0.0,-1.0
7670030624456491793,,6834714176407159813,👍👍👍,👍👍👍,2026-08-04 10:22:14,False,True,0,0,0,0,3,1,10,0.49999999999999994,-0.8660254037844387,0.0,-0.3389076799462753,0.0,-0.40873061708160113,0.010948905109489052,-1.2382897110401225,0.0196078431372549,-1.1892030056996599,0.0,0.0,-1.0
7669284991403148050,,7372806907583267845,🤗🤗🤗,🤗🤗🤗,2026-08-02 10:07:53,False,True,0,0,0,0,3,1,10,0.49999999999999994,-0.8660254037844387,0.0,-0.3389076799462753,0.0,-0.40873061708160113,0.010948905109489052,-1.2382897110401225,0.0196078431372549,-1.1892030056996599,0.0,0.0,-1.0
7669263598812627732,,7628645222784680961,😳😳😳,😳😳😳,2026-08-02 08:44:59,False,True,0,0,0,0,3,1,8,0.8660254037844387,-0.4999999999999998,0.0,-0.3389076799462753,0.0,-0.40873061708160113,0.010948905109489052,-1.2382897110401225,0.0196078431372549,-1.1892030056996599,0.0,0.0,-1.0
7668952415002149653,,6774019764757038085,❤️,❤️,2026-08-01 12:37:24,False,True,0,0,0,0,2,1,12,1.2246467991473532e-16,-1.0,0.0,-0.3389076799462753,0.0,-0.40873061708160113,0.0072992700729927005,-1.2686809175940585,0.0196078431372549,-1.1892030056996599,0.0,0.0,-1.0285714285714285
7668769765863113490,,7129899412516258822,🙏🙏🙏🙏,🙏🙏🙏🙏,2026-08-01 00:48:30,False,True,0,0,0,0,4,1,0,0.0,1.0,0.0,-0.3389076799462753,0.0,-0.40873061708160113,0.014598540145985401,-1.2078985044861865,0.0196078431372549,-1.1892030056996599,0.0,0.0,-0.9714285714285714
7668676888369349384,,7465880511472649223,❤️❤️❤️,❤️❤️❤️,2026-07-31 18:48:01,False,True,0,0,0,0,6,1,18,-1.0,-1.8369701987210297e-16,0.0,-0.3389076799462753,0.0,-0.40873061708160113,0.021897810218978103,-1.1471160913783145,0.0196078431372549,-1.1892030056996599,0.0,0.0,-0.9142857142857143
7669303097487672084,,6602052900607623174,🥰🥰🥰,🥰🥰🥰,2026-08-02 11:18:10,False,True,1,0,1,0,3,1,11,0.258819045102521,-0.9659258262890682,0.1,1.0880720250906732,0.0,-0.40873061708160113,0.010948905109489052,-1.2382897110401225,0.0196078431372549,-1.1892030056996599,0.2890648263178878,0.0,-1.0
7668711483265680149,,6650669672004796422,❤️,❤️,2026-07-31 21:02:19,False,True,1,0,1,0,2,1,21,-0.7071067811865477,0.7071067811865474,0.1,1.0880720250906732,0.0,-0.40873061708160113,0.0072992700729927005,-1.2686809175940585,0.0196078431372549,-1.1892030056996599,0.2890648263178878,0.0,-1.0285714285714285
7670101060351116050,,7276110414441481218,yo garnu nai parxa ra Mila tarial sabai pass garako aaba yakai chote Jada hudina ra,yo garnu nai parxa ra mila tarial sabai pass garako aaba yakai chote jada hudina ra,2026-08-04 14:54:41,False,True,0,0,0,0,83,16,14,-0.4999999999999997,-0.8660254037844388,0.0,-0.3389076799462753,0.0,-0.40873061708160113,0.3029197080291971,1.193006813274758,0.3137254901960784,1.3030142608731512,0.0,0.0,1.2857142857142858
7670332331698144021,,6817803220888749062,Pay garda aafnai bank account esewa haru btw pay garne ho ke aaruko btw pay garda neh hunxa,pay garda aafnai bank account esewa haru btw pay garne ho ke aaruko btw pay garda neh hunxa,2026-08-05 05:52:28,False,True,0,0,0,0,91,18,5,0.9659258262890683,0.25881904510252074,0.0,-0.3389076799462753,0.0,-0.40873061708160113,0.33211678832116787,1.436136465706246,0.35294117647058826,1.6353098964161927,0.0,0.0,1.5142857142857142
7670219090557223688,,6653032069416288262,retrial ko lagi hudai bhayana 2 weeks bhayo k garni,retrial ko lagi hudai bhayana 2 weeks bhayo k garni,2026-08-04 22:32:39,False,True,0,0,0,0,51,10,22,-0.5000000000000004,0.8660254037844384,0.0,-0.3389076799462753,0.0,-0.40873061708160113,0.18613138686131386,0.2204882035488058,0.19607843137254902,0.3061273542440269,0.0,0.0,0.37142857142857144
7670161458480038677,,6894605632075383809,office approve in progress vanxaa taa,office approve in progress vanxaa taa,2026-08-04 18:49:01,False,True,0,0,0,0,37,6,18,-1.0,-1.8369701987210297e-16,0.0,-0.3389076799462753,0.0,-0.40873061708160113,0.13503649635036497,-0.2049886882062983,0.11764705882352941,-0.3584639168420561,0.0,0.0,-0.02857142857142857
7670160180088914709,,6854911006721623046,"maile ni grye vakher ,,,vayo,,tysm🥰","maile ni grye vakher ,,,vayo,,tysm🥰",2026-08-04 18:44:04,False,True,0,0,0,0,35,5,18,-1.0,-1.8369701987210297e-16,0.0,-0.3389076799462753,0.0,-0.40873061708160113,0.12773722627737227,-0.2657711013141703,0.09803921568627451,-0.5246117346135768,0.0,0.0,-0.08571428571428572
7670020354189853448,,7585820776360805394,payment ko lagi ebp no. khoji rahexa ke garne,payment ko lagi ebp no. khoji rahexa ke garne,2026-08-04 09:41:28,False,True,0,0,0,1,45,9,9,0.7071067811865476,-0.7071067811865475,0.0,-0.3389076799462753,0.08333333333333333,0.47740622211970224,0.16423357664233576,0.03814096422518977,0.17647058823529413,0.1399795364725061,0.0,0.27023815442731974,0.2
7670739127977657096,7670020354189853448,7588871257367266322,check new video,check new video,2026-08-06 08:10:46,True,True,0,0,0,0,15,3,8,0.8660254037844387,-0.4999999999999998,0.0,-0.3389076799462753,0.0,-0.40873061708160113,0.05474452554744526,-0.8735952323928904,0.058823529411764705,-0.8569073701566183,0.0,0.0,-0.6571428571428571
7670527333728731925,,7603204571934770183,K catogory ko 1500 thyo rajaswa aile 3000 auxa badeko hora,k catogory ko 1500 thyo rajaswa aile 3000 auxa badeko hora,2026-08-05 18:28:55,False,True,0,0,0,1,58,11,18,-1.0,-1.8369701987210297e-16,0.0,-0.3389076799462753,0.08333333333333333,0.47740622211970224,0.2116788321167883,0.43322664942635786,0.21568627450980393,0.4722751720155476,0.0,0.27023815442731974,0.5714285714285714
7670530457276957458,7670527333728731925,7588871257367266322,paila 5 barsa ko authyo ailey 10 barsa tei vayera double,paila 5 barsa ko authyo ailey 10 barsa tei vayera double,2026-08-05 18:40:54,True,True,0,0,0,0,56,11,18,-1.0,-1.8369701987210297e-16,0.0,-0.3389076799462753,0.0,-0.40873061708160113,0.20437956204379562,0.37244423631848583,0.21568627450980393,0.4722751720155476,0.0,0.0,0.5142857142857142
7668898277987156737,,7381306682218185729,applicant id halda we couldn't find an application with that id vanxa k garni ho sir?,applicant id halda we couldn't find an application with that id vanxa k garni ho sir?,2026-08-01 09:07:16,False,True,0,0,7,4,85,16,9,0.7071067811865476,-0.7071067811865475,0.7,9.649950255312365,0.3333333333333333,3.135816739723612,0.3102189781021898,1.25378922638263,0.3137254901960784,1.3030142608731512,0.8671944789536634,0.6274735630753033,1.3428571428571427
7670047319996793607,7668898277987156737,7032436065064371226,track your application id bata garnu. vaihalxa,track your application id bata garnu. vaihalxa,2026-08-04 11:26:12,True,True,0,0,0,0,46,7,11,0.258819045102521,-0.9659258262890682,0.0,-0.3389076799462753,0.0,-0.40873061708160113,0.1678832116788321,0.06853217077912577,0.13725490196078433,-0.19231609907053535,0.0,0.0,0.22857142857142856
7668980186675774229,7668898277987156737,6825822680413094918,Same,same,2026-08-01 14:25:09,True,True,0,0,0,0,4,1,14,-0.4999999999999997,-0.8660254037844388,0.0,-0.3389076799462753,0.0,-0.40873061708160113,0.014598540145985401,-1.2078985044861865,0.0196078431372549,-1.1892030056996599,0.0,0.0,-0.9714285714285714
7668960215723606805,7668898277987156737,7638891010639348753,Monday try garnus,monday try garnus,2026-08-01 13:07:42,True,True,0,0,0,0,17,3,13,-0.2588190451025208,-0.9659258262890683,0.0,-0.3389076799462753,0.0,-0.40873061708160113,0.06204379562043796,-0.8128128192850185,0.058823529411764705,-0.8569073701566183,0.0,0.0,-0.6
7668928583020118802,7668898277987156737,7095229543220347931,Same,same,2026-08-01 11:04:47,True,True,0,0,0,0,4,1,11,0.258819045102521,-0.9659258262890682,0.0,-0.3389076799462753,0.0,-0.40873061708160113,0.014598540145985401,-1.2078985044861865,0.0196078431372549,-1.1892030056996599,0.0,0.0,-0.9714285714285714
7670015982681146132,,6996216025264276485,Yesto xa dai,yesto xa dai,2026-08-04 09:24:48,False,True,0,0,1,2,12,3,9,0.7071067811865476,-0.7071067811865475,0.1,1.0880720250906732,0.16666666666666666,1.3635430613210056,0.043795620437956206,-0.9647688520546984,0.058823529411764705,-0.8569073701566183,0.2890648263178878,0.4283173410313946,-0.7428571428571429
7670073359275049735,7670015982681146132,7344590919809991681,bro application I'd chai kasari halyou,bro application i'd chai kasari halyou,2026-08-04 13:07:07,True,True,0,0,0,0,38,6,13,-0.2588190451025208,-0.9659258262890683,0.0,-0.3389076799462753,0.0,-0.40873061708160113,0.1386861313868613,-0.17459748165236227,0.11764705882352941,-0.3584639168420561,0.0,0.0,0.0
7670076232231404309,7670015982681146132,6996216025264276485,Tei raship ma. Hunxa ho applicant id,tei raship ma. hunxa ho applicant id,2026-08-04 13:18:27,True,True,0,0,0,0,36,7,13,-0.2588190451025208,-0.9659258262890683,0.0,-0.3389076799462753,0.0,-0.40873061708160113,0.13138686131386862,-0.2353798947602343,0.13725490196078433,-0.19231609907053535,0.0,0.0,-0.05714285714285714
7669656701436986113,,6616193178511097862,mero rajasow tirda old edl dekhauxa ta Naya pass category aauna ta kasari garni,mero rajasow tirda old edl dekhauxa ta naya pass category aauna ta kasari garni,2026-08-03 10:10:23,False,True,0,0,0,0,79,14,10,0.49999999999999994,-0.8660254037844387,0.0,-0.3389076799462753,0.0,-0.40873061708160113,0.28832116788321166,1.071441987059014,0.27450980392156865,0.9707186253301098,0.0,0.0,1.1714285714285715
7670020727734600468,,6781022971814659073,Ani mero sabai thik xa license fee kasari pay garne ho ta,ani mero sabai thik xa license fee kasari pay garne ho ta,2026-08-04 09:42:56,False,True,0,0,0,0,57,12,9,0.7071067811865476,-0.7071067811865475,0.0,-0.3389076799462753,0.0,-0.40873061708160113,0.20802919708029197,0.40283544287242185,0.23529411764705882,0.6384229897870684,0.0,0.0,0.5428571428571428
7669280956088075028,,7172338057587934234,k vako ho yesto,k vako ho yesto,2026-08-02 09:52:19,False,True,0,0,2,3,15,4,9,0.7071067811865476,-0.7071067811865475,0.2,2.5150517301276216,0.25,2.2496799005223087,0.05474452554744526,-0.8735952323928904,0.0784313725490196,-0.6907595523850976,0.45815690999132613,0.5404763088546395,-0.6571428571428571
7669639649819886356,7669280956088075028,7558756051166020664,aba medical garna parxa goto next ma dabaunu ani najikai KO doctor suggest garxa tespaxi phone bata Kura garera janu ani doctor le garxa aru kura,aba medical garna parxa goto next ma dabaunu ani najikai ko doctor suggest garxa tespaxi phone bata kura garera janu ani doctor le garxa aru kura,2026-08-03 09:04:21,True,True,0,0,0,0,145,26,9,0.7071067811865476,-0.7071067811865475,0.0,-0.3389076799462753,0.0,-0.40873061708160113,0.5291970802919708,3.07726161961879,0.5098039215686274,2.964492438588359,0.0,0.0,3.057142857142857
7669661071485240082,7669280956088075028,7633811066556367879,Pass vako le ni,pass vako le ni,2026-08-03 10:27:14,True,True,0,0,0,0,15,4,10,0.49999999999999994,-0.8660254037844387,0.0,-0.3389076799462753,0.0,-0.40873061708160113,0.05474452554744526,-0.8735952323928904,0.0784313725490196,-0.6907595523850976,0.0,0.0,-0.6571428571428571
7669383747984802567,7669280956088075028,7362423143594460167,same yestai vanxa Mero ni,same yestai vanxa mero ni,2026-08-02 16:31:05,True,True,0,0,0,0,25,5,16,-0.8660254037844384,-0.5000000000000004,0.0,-0.3389076799462753,0.0,-0.40873061708160113,0.09124087591240876,-0.5696831668535304,0.09803921568627451,-0.5246117346135768,0.0,0.0,-0.37142857142857144
7669686839608165127,,7493932316209808439,Mero trail pass vako purano system huda ho ahile application farak hunxa so tesko chai kasari payment garne,mero trail pass vako purano system huda ho ahile application farak hunxa so tesko chai kasari payment garne,2026-08-03 12:07:19,False,True,0,0,0,0,107,18,12,1.2246467991473532e-16,-1.0,0.0,-0.3389076799462753,0.0,-0.40873061708160113,0.3905109489051095,1.9223957705692223,0.35294117647058826,1.6353098964161927,0.0,0.0,1.9714285714285715
7669373639409681160,,6976530074843169798,dai code aako xaina,dai code aako xaina,2026-08-02 15:51:48,False,True,0,0,0,0,19,4,15,-0.7071067811865471,-0.7071067811865479,0.0,-0.3389076799462753,0.0,-0.40873061708160113,0.06934306569343066,-0.7520304061771464,0.0784313725490196,-0.6907595523850976,0.0,0.0,-0.5428571428571428
7668913976248288018,,6658743384981078022,B category thapera trial pass vayepaxi rajaswa kati tirnu parxa.??,b category thapera trial pass vayepaxi rajaswa kati tirnu parxa.??,2026-08-01 10:08:12,False,True,0,0,0,0,66,10,10,0.49999999999999994,-0.8660254037844387,0.0,-0.3389076799462753,0.0,-0.40873061708160113,0.24087591240875914,0.6763563018578459,0.19607843137254902,0.3061273542440269,0.0,0.0,0.8
7670407864842011400,,6603919691278123014,,,2026-08-05 10:45:16,False,False,0,0,0,0,0,0,10,0.49999999999999994,-0.8660254037844387,0.0,-0.3389076799462753,0.0,-0.40873061708160113,0.0,-1.3294633307019306,0.0,-1.3553508234711804,0.0,0.0,-1.0857142857142856
7669422386626020116,,6590887906167128070,ebp no. generate nai hunna...kasari garne ho?,ebp no. generate nai hunna...kasari garne ho?,2026-08-02 19:01:02,False,True,0,0,0,0,45,7,19,-0.9659258262890684,0.2588190451025203,0.0,-0.3389076799462753,0.0,-0.40873061708160113,0.16423357664233576,0.03814096422518977,0.13725490196078433,-0.19231609907053535,0.0,0.0,0.2
7668953363695092498,,7112051900262843397,Add categories pass vako ley ne garni ta ssame Mero application id mildaina vanxa,add categories pass vako ley ne garni ta ssame mero application id mildaina vanxa,2026-08-01 12:41:04,False,True,0,0,0,0,81,14,12,1.2246467991473532e-16,-1.0,0.0,-0.3389076799462753,0.0,-0.40873061708160113,0.2956204379562044,1.132224400166886,0.27450980392156865,0.9707186253301098,0.0,0.0,1.2285714285714286
7669269117975397136,,7542172932787160081,dada medical test ko lagi ni banaunu na video,dada medical test ko lagi ni banaunu na video,2026-08-02 09:06:20,False,True,0,0,0,0,45,9,9,0.7071067811865476,-0.7071067811865475,0.0,-0.3389076799462753,0.0,-0.40873061708160113,0.16423357664233576,0.03814096422518977,0.17647058823529413,0.1399795364725061,0.0,0.0,0.2
7669308976986686215,,6981546659742336005,dai suruma tyo medical chaii ka garnu kasailey received nahi Gardena call 😒,dai suruma tyo medical chaii ka garnu kasailey received nahi gardena call 😒,2026-08-02 11:40:52,False,True,0,0,0,0,75,13,11,0.258819045102521,-0.9659258262890682,0.0,-0.3389076799462753,0.0,-0.40873061708160113,0.2737226277372263,0.94987716084327,0.2549019607843137,0.804570807558589,0.0,0.0,1.0571428571428572
7668961762334868244,,6932066864697377793,Rajaswa tirepaxi rasid chai kasari line?,rajaswa tirepaxi rasid chai kasari line?,2026-08-01 13:13:39,False,True,0,0,2,0,40,6,13,-0.2588190451025208,-0.9659258262890683,0.2,2.5150517301276216,0.0,-0.40873061708160113,0.145985401459854,-0.11381506854449026,0.11764705882352941,-0.3584639168420561,0.45815690999132613,0.0,0.05714285714285714
7669690225681531656,,7362423143594460167,Lyahh feri medical gar vanxa ta 😡,lyahh feri medical gar vanxa ta 😡,2026-08-03 12:20:24,False,True,0,0,0,0,33,7,12,1.2246467991473532e-16,-1.0,0.0,-0.3389076799462753,0.0,-0.40873061708160113,0.12043795620437957,-0.32655351442204233,0.13725490196078433,-0.19231609907053535,0.0,0.0,-0.14285714285714285
7669823219444892437,,6561180186750238726,okay🚘,okay🚘,2026-08-03 20:56:32,False,True,0,0,0,0,5,1,20,-0.8660254037844386,0.5000000000000001,0.0,-0.3389076799462753,0.0,-0.40873061708160113,0.01824817518248175,-1.1775072979322505,0.0196078431372549,-1.1892030056996599,0.0,0.0,-0.9428571428571428
7669237500326331143,,6812046210255438853,brother reply garnu na,brother reply garnu na,2026-08-02 07:03:41,False,True,0,0,0,0,22,4,7,0.9659258262890683,-0.25881904510252063,0.0,-0.3389076799462753,0.0,-0.40873061708160113,0.08029197080291971,-0.6608567865153384,0.0784313725490196,-0.6907595523850976,0.0,0.0,-0.45714285714285713
7668924548625515280,,7411103167294080006,rajaswaa tireko Kati time paxi liscence aauxa sir,rajaswaa tireko kati time paxi liscence aauxa sir,2026-08-01 10:49:47,False,True,0,0,0,0,49,8,10,0.49999999999999994,-0.8660254037844387,0.0,-0.3389076799462753,0.0,-0.40873061708160113,0.17883211678832117,0.1597057904409338,0.1568627450980392,-0.02616828129901462,0.0,0.0,0.3142857142857143
7669733237354873608,,6868667825499849730,online rajaswo tirne hudainatw sir,online rajaswo tirne hudainatw sir,2026-08-03 15:07:21,False,True,0,0,0,0,34,5,15,-0.7071067811865471,-0.7071067811865479,0.0,-0.3389076799462753,0.0,-0.40873061708160113,0.12408759124087591,-0.2961623078681063,0.09803921568627451,-0.5246117346135768,0.0,0.0,-0.11428571428571428
7669372478704583444,,7084561665630979078,Office approval huna kati time lagxa ?,office approval huna kati time lagxa ?,2026-08-02 15:47:38,False,True,0,0,0,0,38,7,15,-0.7071067811865471,-0.7071067811865479,0.0,-0.3389076799462753,0.0,-0.40873061708160113,0.1386861313868613,-0.17459748165236227,0.13725490196078433,-0.19231609907053535,0.0,0.0,0.0
7668913975876600594,,6954387223291855878,dai application no ra application I'd yeutai ho tara alphabet nai xaina ta,dai application no ra application i'd yeutai ho tara alphabet nai xaina ta,2026-08-01 10:08:09,False,True,0,0,1,0,74,13,10,0.49999999999999994,-0.8660254037844387,0.1,1.0880720250906732,0.0,-0.40873061708160113,0.27007299270072993,0.919485954289334,0.2549019607843137,0.804570807558589,0.2890648263178878,0.0,1.0285714285714285
7668831415467655944,,6993311512606491675,Application number ka hunxa ?,application number ka hunxa ?,2026-08-01 04:48:01,False,True,0,0,1,2,29,5,4,0.8660254037844386,0.5000000000000001,0.1,1.0880720250906732,0.16666666666666666,1.3635430613210056,0.10583941605839416,-0.4481183406377863,0.09803921568627451,-0.5246117346135768,0.2890648263178878,0.4283173410313946,-0.2571428571428571
7668894700578292487,7668831415467655944,7588871257367266322,application vare paxi ko document ma,application vare paxi ko document ma,2026-08-01 08:53:26,True,True,0,0,0,0,36,6,8,0.8660254037844387,-0.4999999999999998,0.0,-0.3389076799462753,0.0,-0.40873061708160113,0.13138686131386862,-0.2353798947602343,0.11764705882352941,-0.3584639168420561,0.0,0.0,-0.05714285714285714
7668955247918056210,7668831415467655944,6993311512606491675,trial pass vako 3 hapta vayo ka hunxa rw id ?,trial pass vako 3 hapta vayo ka hunxa rw id ?,2026-08-01 12:48:19,True,True,0,0,1,0,45,11,12,1.2246467991473532e-16,-1.0,0.1,1.0880720250906732,0.0,-0.40873061708160113,0.16423357664233576,0.03814096422518977,0.21568627450980393,0.4722751720155476,0.2890648263178878,0.0,0.2
7669661238767321863,,7633811066556367879,Ani pass vako le pani medical garne horw,ani pass vako le pani medical garne horw,2026-08-03 10:27:58,False,True,0,0,1,0,40,8,10,0.49999999999999994,-0.8660254037844387,0.1,1.0880720250906732,0.0,-0.40873061708160113,0.145985401459854,-0.11381506854449026,0.1568627450980392,-0.02616828129901462,0.2890648263178878,0.0,0.05714285714285714
7669052556585206535,,6858626836831536129,Sar ri trayl ko pani vnin sar maa faaall vay,sar ri trayl ko pani vnin sar maa faaall vay,2026-08-01 19:10:56,False,True,0,0,0,0,44,10,19,-0.9659258262890684,0.2588190451025203,0.0,-0.3389076799462753,0.0,-0.40873061708160113,0.16058394160583941,0.0077497576712537595,0.19607843137254902,0.3061273542440269,0.0,0.0,0.17142857142857143
7668902714441073429,,6835591778298627078,,,2026-08-01 09:24:26,False,False,0,0,0,1,0,0,9,0.7071067811865476,-0.7071067811865475,0.0,-0.3389076799462753,0.08333333333333333,0.47740622211970224,0.0,-1.3294633307019306,0.0,-1.3553508234711804,0.0,0.27023815442731974,-1.0857142857142856
7668960577607336724,7668902714441073429,7638891010639348753,Monday try garnus,monday try garnus,2026-08-01 13:08:58,True,True,0,0,0,0,17,3,13,-0.2588190451025208,-0.9659258262890683,0.0,-0.3389076799462753,0.0,-0.40873061708160113,0.06204379562043796,-0.8128128192850185,0.058823529411764705,-0.8569073701566183,0.0,0.0,-0.6
7668991790876590868,,7533887982522221586,Yo karnali pradesh ley ta 18 yrs pugnu parxa bhannara notice halako thayo ta bike ko license ko lagi???????,yo karnali pradesh ley ta 18 yrs pugnu parxa bhannara notice halako thayo ta bike ko license ko lagi???????,2026-08-01 15:10:17,False,True,0,0,0,0,107,19,15,-0.7071067811865471,-0.7071067811865479,0.0,-0.3389076799462753,0.0,-0.40873061708160113,0.3905109489051095,1.9223957705692223,0.37254901960784315,1.8014577141877135,0.0,0.0,1.9714285714285715
7668806454219965204,,6814809910313419782,khalti bata kasari tirne,khalti bata kasari tirne,2026-08-01 03:11:08,False,True,0,0,0,1,24,4,3,0.7071067811865475,0.7071067811865476,0.0,-0.3389076799462753,0.08333333333333333,0.47740622211970224,0.08759124087591241,-0.6000743734074664,0.0784313725490196,-0.6907595523850976,0.0,0.27023815442731974,-0.4
7668894568239416071,7668806454219965204,7588871257367266322,khalti ma gayera IRD search garnu hola ani ebp rw amount rakhnu hola,khalti ma gayera ird search garnu hola ani ebp rw amount rakhnu hola,2026-08-01 08:52:59,True,True,0,0,1,0,68,13,8,0.8660254037844387,-0.4999999999999998,0.1,1.0880720250906732,0.0,-0.40873061708160113,0.24817518248175183,0.7371387149657179,0.2549019607843137,0.804570807558589,0.2890648263178878,0.0,0.8571428571428571
7668880167215760148,,7404521212313519120,Mero ta jati applicant id haneni mildai mildaina kina hola?,mero ta jati applicant id haneni mildai mildaina kina hola?,2026-08-01 07:57:21,False,True,0,0,2,1,59,10,7,0.9659258262890683,-0.25881904510252063,0.2,2.5150517301276216,0.08333333333333333,0.47740622211970224,0.21532846715328466,0.46361785598029387,0.19607843137254902,0.3061273542440269,0.45815690999132613,0.27023815442731974,0.6
7668881368579261192,7668880167215760148,7491896938380887056,Same,same,2026-08-01 08:01:39,True,True,0,0,1,0,4,1,8,0.8660254037844387,-0.4999999999999998,0.1,1.0880720250906732,0.0,-0.40873061708160113,0.014598540145985401,-1.2078985044861865,0.0196078431372549,-1.1892030056996599,0.2890648263178878,0.0,-0.9714285714285714
7668702639666021138,,7066382499199370245,Mero edp number ne cha tara ka bata kasari pay gaynu please bhanidi nu naa,mero edp number ne cha tara ka bata kasari pay gaynu please bhanidi nu naa,2026-07-31 20:28:05,False,True,0,0,0,3,74,15,20,-0.8660254037844386,0.5000000000000001,0.0,-0.3389076799462753,0.25,2.2496799005223087,0.27007299270072993,0.919485954289334,0.29411764705882354,1.1368664431016304,0.0,0.5404763088546395,1.0285714285714285
7669905927730529031,7668702639666021138,7019843996945138693,sathi mileko ho tirna laii,sathi mileko ho tirna laii,2026-08-04 02:17:26,True,True,0,0,0,0,26,5,2,0.49999999999999994,0.8660254037844387,0.0,-0.3389076799462753,0.0,-0.40873061708160113,0.0948905109489051,-0.5392919602995944,0.09803921568627451,-0.5246117346135768,0.0,0.0,-0.34285714285714286
7668960107987829525,7668702639666021138,7638891010639348753,3k,3k,2026-08-01 13:07:08,True,True,0,0,0,0,2,1,13,-0.2588190451025208,-0.9659258262890683,0.0,-0.3389076799462753,0.0,-0.40873061708160113,0.0072992700729927005,-1.2686809175940585,0.0196078431372549,-1.1892030056996599,0.0,0.0,-1.0285714285714285
7668743759472952082,7668702639666021138,7588871257367266322,"Go to esewa and search for IRD , click on it. Paste Ebp number and pay the amount.","go to esewa and search for ird , click on it. paste ebp number and pay the amount.",2026-07-31 23:07:34,True,True,0,0,0,0,82,18,23,-0.25881904510252157,0.9659258262890681,0.0,-0.3389076799462753,0.0,-0.40873061708160113,0.29927007299270075,1.162615606720822,0.35294117647058826,1.6353098964161927,0.0,0.0,1.2571428571428571
7668901092684284692,,7036335412071662618,"payment garey pachi kagaj ola license.....?
Lina janu parcha ki kasto......?",payment garey pachi kagaj ola license.....? lina janu parcha ki kasto......?,2026-08-01 09:18:18,False,True,0,0,0,0,76,11,9,0.7071067811865476,-0.7071067811865475,0.0,-0.3389076799462753,0.0,-0.40873061708160113,0.2773722627737226,0.980268367397206,0.21568627450980393,0.4722751720155476,0.0,0.0,1.0857142857142856
7670011318539879176,,7585820776360805394,"ma ta madhesh Bata xu
yesko website xaina",ma ta madhesh bata xu yesko website xaina,2026-08-04 09:06:26,False,True,0,0,0,1,41,8,9,0.7071067811865476,-0.7071067811865475,0.0,-0.3389076799462753,0.08333333333333333,0.47740622211970224,0.14963503649635038,-0.08342386199055427,0.1568627450980392,-0.02616828129901462,0.0,0.27023815442731974,0.08571428571428572
7670011830522544904,7670011318539879176,7588871257367266322,https://edlvrs.madhesh.gov.np/,https://edlvrs.madhesh.gov.np/,2026-08-04 09:08:29,True,True,0,0,0,0,30,1,9,0.7071067811865476,-0.7071067811865475,0.0,-0.3389076799462753,0.0,-0.40873061708160113,0.10948905109489052,-0.4177271340838503,0.0196078431372549,-1.1892030056996599,0.0,0.0,-0.22857142857142856
7668746325756232466,,7064951590591874074,राजस्व तिर्न मिलेको हो सर ??,राजस्व तिर्न मिलेको हो सर ??,2026-07-31 23:17:34,False,True,0,0,0,1,28,6,23,-0.25881904510252157,0.9659258262890681,0.0,-0.3389076799462753,0.08333333333333333,0.47740622211970224,0.10218978102189781,-0.47850954719172234,0.11764705882352941,-0.3584639168420561,0.0,0.27023815442731974,-0.2857142857142857
7668751803403846408,7668746325756232466,7588871257367266322,yes,yes,2026-07-31 23:38:47,True,True,0,0,0,0,3,1,23,-0.25881904510252157,0.9659258262890681,0.0,-0.3389076799462753,0.0,-0.40873061708160113,0.010948905109489052,-1.2382897110401225,0.0196078431372549,-1.1892030056996599,0.0,0.0,-1.0
7669874484325483284,,7154006601119237147,trail pass gareko le Fri medical grnu prxw Ra !? please reply hai....,trail pass gareko le fri medical grnu prxw ra !? please reply hai....,2026-08-04 00:15:31,False,True,0,0,0,1,69,13,0,0.0,1.0,0.0,-0.3389076799462753,0.08333333333333333,0.47740622211970224,0.2518248175182482,0.7675299215196539,0.2549019607843137,0.804570807558589,0.0,0.27023815442731974,0.8857142857142857
7670049167855452935,7669874484325483284,7588871257367266322,no,no,2026-08-04 11:33:20,True,True,0,0,0,0,2,1,11,0.258819045102521,-0.9659258262890682,0.0,-0.3389076799462753,0.0,-0.40873061708160113,0.0072992700729927005,-1.2686809175940585,0.0196078431372549,-1.1892030056996599,0.0,0.0,-1.0285714285714285
7668686867637764872,,6887148164795122694,dai yesto vani rako xa k garne,dai yesto vani rako xa k garne,2026-07-31 19:26:47,False,True,0,0,0,2,30,7,19,-0.9659258262890684,0.2588190451025203,0.0,-0.3389076799462753,0.16666666666666666,1.3635430613210056,0.10948905109489052,-0.4177271340838503,0.13725490196078433,-0.19231609907053535,0.0,0.4283173410313946,-0.22857142857142856
7669360888981390101,7668686867637764872,6870509856979633158,Applicant id kun ho sir dhekhai dinush na trial pass vako,applicant id kun ho sir dhekhai dinush na trial pass vako,2026-08-02 15:02:23,True,True,0,0,0,0,57,11,15,-0.7071067811865471,-0.7071067811865479,0.0,-0.3389076799462753,0.0,-0.40873061708160113,0.20802919708029197,0.40283544287242185,0.21568627450980393,0.4722751720155476,0.0,0.0,0.5428571428571428
7668742916949803783,7668686867637764872,7588871257367266322,EBP number aaye paxi. Esewa ma IRD search garnu hola.Inland Revenue System ma click garnu hola ani ebp number rw amount enter garnu hola.,ebp number aaye paxi. esewa ma ird search garnu hola.inland revenue system ma click garnu hola ani ebp number rw amount enter garnu hola.,2026-07-31 23:04:23,True,True,0,0,0,0,137,24,23,-0.25881904510252157,0.9659258262890681,0.0,-0.3389076799462753,0.0,-0.40873061708160113,0.5,2.834131967187302,0.47058823529411764,2.6321968030453173,0.0,0.0,2.8285714285714287
7668883913414525716,,7407421377541964805,👍,👍,2026-08-01 08:11:34,False,True,1,0,1,0,1,1,8,0.8660254037844387,-0.4999999999999998,0.1,1.0880720250906732,0.0,-0.40873061708160113,0.0036496350364963502,-1.2990721241479946,0.0196078431372549,-1.1892030056996599,0.2890648263178878,0.0,-1.0571428571428572
7670734720431604500,,7081273040973448219,😳😳😳,😳😳😳,2026-08-06 07:53:53,False,True,0,0,0,0,3,1,7,0.9659258262890683,-0.25881904510252063,0.0,-0.3389076799462753,0.0,-0.40873061708160113,0.010948905109489052,-1.2382897110401225,0.0196078431372549,-1.1892030056996599,0.0,0.0,-1.0
7670459659429610241,,7584323350349349905,Form barey ko kati din ma auxa ne sir ?,form barey ko kati din ma auxa ne sir ?,2026-08-05 14:06:37,False,True,0,0,0,0,39,10,14,-0.4999999999999997,-0.8660254037844388,0.0,-0.3389076799462753,0.0,-0.40873061708160113,0.14233576642335766,-0.14420627509842626,0.19607843137254902,0.3061273542440269,0.0,0.0,0.02857142857142857
7670106402581119764,,7149567648379896858,Yesto xw kasari payment gsnri ho,yesto xw kasari payment gsnri ho,2026-08-04 15:15:25,False,True,0,0,0,0,32,6,15,-0.7071067811865471,-0.7071067811865479,0.0,-0.3389076799462753,0.0,-0.40873061708160113,0.11678832116788321,-0.35694472097597835,0.11764705882352941,-0.3584639168420561,0.0,0.0,-0.17142857142857143
7670118164919141127,,7449380286515069968,Dai paila ko receipt harayo aba id kasari halne?,dai paila ko receipt harayo aba id kasari halne?,2026-08-04 16:01:03,False,True,0,0,0,0,48,9,16,-0.8660254037844384,-0.5000000000000004,0.0,-0.3389076799462753,0.0,-0.40873061708160113,0.17518248175182483,0.1293145838869978,0.17647058823529413,0.1399795364725061,0.0,0.0,0.2857142857142857
7670432595901317895,,6837432691390972930,category bigreko le k garne,category bigreko le k garne,2026-08-05 12:21:09,False,True,0,0,0,0,27,5,12,1.2246467991473532e-16,-1.0,0.0,-0.3389076799462753,0.0,-0.40873061708160113,0.09854014598540146,-0.5089007537456584,0.09803921568627451,-0.5246117346135768,0.0,0.0,-0.3142857142857143
7670397512872297224,,6761774453699003398,,,2026-08-05 10:05:05,False,False,0,0,0,0,0,0,10,0.49999999999999994,-0.8660254037844387,0.0,-0.3389076799462753,0.0,-0.40873061708160113,0.0,-1.3294633307019306,0.0,-1.3553508234711804,0.0,0.0,-1.0857142857142856
7668908386541339400,,6973615829950891035,age kati pugna parcha?,age kati pugna parcha?,2026-08-01 09:46:33,False,True,0,0,0,0,22,4,9,0.7071067811865476,-0.7071067811865475,0.0,-0.3389076799462753,0.0,-0.40873061708160113,0.08029197080291971,-0.6608567865153384,0.0784313725490196,-0.6907595523850976,0.0,0.0,-0.45714285714285713
7668938470476546836,,7521024033790985234,yesto vanxa sir,yesto vanxa sir,2026-08-01 11:43:27,False,True,0,0,6,9,15,3,11,0.258819045102521,-0.9659258262890682,0.6,8.222970550275416,0.75,7.566500935730129,0.05474452554744526,-0.8735952323928904,0.058823529411764705,-0.8569073701566183,0.8115075629572489,0.8977117175026231,-0.6571428571428571
7668988951840310017,7668938470476546836,279055300052004864,Same,same,2026-08-01 14:59:05,True,True,0,0,2,0,4,1,14,-0.4999999999999997,-0.8660254037844388,0.2,2.5150517301276216,0.0,-0.40873061708160113,0.014598540145985401,-1.2078985044861865,0.0196078431372549,-1.1892030056996599,0.45815690999132613,0.0,-0.9714285714285714
7669079892444889876,7668938470476546836,7521024033790985234,voli bata khulxa reya kta hoo😁🥰,voli bata khulxa reya kta hoo😁🥰,2026-08-01 20:51:58,True,True,0,0,0,0,31,6,20,-0.8660254037844386,0.5000000000000001,0.0,-0.3389076799462753,0.0,-0.40873061708160113,0.11313868613138686,-0.3873359275299143,0.11764705882352941,-0.3584639168420561,0.0,0.0,-0.2
7670111125128643346,7668938470476546836,6992464194310882310,milyo hajur ko?,milyo hajur ko?,2026-08-04 15:33:46,True,True,0,0,1,0,15,3,15,-0.7071067811865471,-0.7071067811865479,0.1,1.0880720250906732,0.0,-0.40873061708160113,0.05474452554744526,-0.8735952323928904,0.058823529411764705,-0.8569073701566183,0.2890648263178878,0.0,-0.6571428571428571
7669080280481252116,7668938470476546836,7521024033790985234,,,2026-08-01 20:53:28,True,False,0,0,0,0,0,0,20,-0.8660254037844386,0.5000000000000001,0.0,-0.3389076799462753,0.0,-0.40873061708160113,0.0,-1.3294633307019306,0.0,-1.3553508234711804,0.0,0.0,-1.0857142857142856
7669076453812863765,7668938470476546836,7164950259164251142,Sam,sam,2026-08-01 20:38:39,True,True,0,0,1,0,3,1,20,-0.8660254037844386,0.5000000000000001,0.1,1.0880720250906732,0.0,-0.40873061708160113,0.010948905109489052,-1.2382897110401225,0.0196078431372549,-1.1892030056996599,0.2890648263178878,0.0,-1.0
7670111738390594322,7668938470476546836,6992464194310882310,kaile milxa hola,kaile milxa hola,2026-08-04 15:36:07,True,True,0,0,1,0,16,3,15,-0.7071067811865471,-0.7071067811865479,0.1,1.0880720250906732,0.0,-0.40873061708160113,0.058394160583941604,-0.8432040258389544,0.058823529411764705,-0.8569073701566183,0.2890648263178878,0.0,-0.6285714285714286
7670112106252370708,7668938470476546836,7521024033790985234,khoii,khoii,2026-08-04 15:37:40,True,True,0,0,0,0,5,1,15,-0.7071067811865471,-0.7071067811865479,0.0,-0.3389076799462753,0.0,-0.40873061708160113,0.01824817518248175,-1.1775072979322505,0.0196078431372549,-1.1892030056996599,0.0,0.0,-0.9428571428571428
7669304237226918672,7668938470476546836,7195536675970237445,same maro pone,same maro pone,2026-08-02 11:23:03,True,True,0,0,1,0,14,3,11,0.258819045102521,-0.9659258262890682,0.1,1.0880720250906732,0.0,-0.40873061708160113,0.051094890510948905,-0.9039864389468264,0.058823529411764705,-0.8569073701566183,0.2890648263178878,0.0,-0.6857142857142857
7669668094290461458,7668938470476546836,6956636395075224578,Mero ni,mero ni,2026-08-03 10:54:36,True,True,0,0,0,0,7,2,10,0.49999999999999994,-0.8660254037844387,0.0,-0.3389076799462753,0.0,-0.40873061708160113,0.025547445255474453,-1.1167248848243785,0.0392156862745098,-1.023055187928139,0.0,0.0,-0.8857142857142857
7669388620020663061,,7098958564468081690,sem mero oni,sem mero oni,2026-08-02 16:49:59,False,True,0,0,0,0,12,3,16,-0.8660254037844384,-0.5000000000000004,0.0,-0.3389076799462753,0.0,-0.40873061708160113,0.043795620437956206,-0.9647688520546984,0.058823529411764705,-0.8569073701566183,0.0,0.0,-0.7428571428571429
7669720791634232071,,7210321122399028226,Retrail ko lagi matching nai hudainaa,retrail ko lagi matching nai hudainaa,2026-08-03 14:19:01,False,True,0,0,0,0,37,6,14,-0.4999999999999997,-0.8660254037844388,0.0,-0.3389076799462753,0.0,-0.40873061708160113,0.13503649635036497,-0.2049886882062983,0.11764705882352941,-0.3584639168420561,0.0,0.0,-0.02857142857142857
7669685008168469255,,6744953037896320005,Ahile trail center khulisakeko hora???,ahile trail center khulisakeko hora???,2026-08-03 12:00:06,False,True,0,0,0,0,38,5,12,1.2246467991473532e-16,-1.0,0.0,-0.3389076799462753,0.0,-0.40873061708160113,0.1386861313868613,-0.17459748165236227,0.09803921568627451,-0.5246117346135768,0.0,0.0,0.0
7669812129788986119,,6890115161329107974,ani likhit ma pass trial ma fail huni LR NI feri 500 tirnu parxa ho.?,ani likhit ma pass trial ma fail huni lr ni feri 500 tirnu parxa ho.?,2026-08-03 20:13:24,False,True,0,0,0,0,69,15,20,-0.8660254037844386,0.5000000000000001,0.0,-0.3389076799462753,0.0,-0.40873061708160113,0.2518248175182482,0.7675299215196539,0.29411764705882354,1.1368664431016304,0.0,0.0,0.8857142857142857
7668966465966244625,,7136523521346798593,Retrail ko pani medical hunxa rw sir please reply,retrail ko pani medical hunxa rw sir please reply,2026-08-01 13:31:49,False,True,0,0,0,2,49,9,13,-0.2588190451025208,-0.9659258262890683,0.0,-0.3389076799462753,0.16666666666666666,1.3635430613210056,0.17883211678832117,0.1597057904409338,0.17647058823529413,0.1399795364725061,0.0,0.4283173410313946,0.3142857142857143
7669706722126807815,7668966465966244625,6767711861498233862,hudaina,hudaina,2026-08-03 13:24:28,True,True,0,0,1,0,7,1,13,-0.2588190451025208,-0.9659258262890683,0.1,1.0880720250906732,0.0,-0.40873061708160113,0.025547445255474453,-1.1167248848243785,0.0196078431372549,-1.1892030056996599,0.2890648263178878,0.0,-0.8857142857142857
7669770462331568897,7668966465966244625,7136523521346798593,thank you sir but kaile bata khulxa retrial,thank you sir but kaile bata khulxa retrial,2026-08-03 17:31:45,True,True,0,0,0,0,43,8,17,-0.9659258262890683,-0.25881904510252063,0.0,-0.3389076799462753,0.0,-0.40873061708160113,0.15693430656934307,-0.022641448882682248,0.1568627450980392,-0.02616828129901462,0.0,0.0,0.14285714285714285
7669364752069591815,,6874547216142287877,Trail date kaile ho vanera Kasri herne ta ani?,trail date kaile ho vanera kasri herne ta ani?,2026-08-02 15:17:18,False,True,0,0,0,0,46,9,15,-0.7071067811865471,-0.7071067811865479,0.0,-0.3389076799462753,0.0,-0.40873061708160113,0.1678832116788321,0.06853217077912577,0.17647058823529413,0.1399795364725061,0.0,0.0,0.22857142857142856
7668996088716198672,,7195536675970237445,daii ho previous application I'd kasari ho bhorne bhandinu paro,daii ho previous application i'd kasari ho bhorne bhandinu paro,2026-08-01 15:27:15,False,True,0,0,0,0,63,10,15,-0.7071067811865471,-0.7071067811865479,0.0,-0.3389076799462753,0.0,-0.40873061708160113,0.22992700729927007,0.5851826821960379,0.19607843137254902,0.3061273542440269,0.0,0.0,0.7142857142857143
7669142476666487573,,6569878449727750149,7 months aagadi 2 choti fail aaba k 1 choti matra pauxa ki k hunxa sir ?,7 months aagadi 2 choti fail aaba k 1 choti matra pauxa ki k hunxa sir ?,2026-08-02 00:54:55,False,True,0,0,0,0,72,17,0,0.0,1.0,0.0,-0.3389076799462753,0.0,-0.40873061708160113,0.26277372262773724,0.858703541181462,0.3333333333333333,1.469162078644672,0.0,0.0,0.9714285714285714
7668890427730838289,,7512013260922160146,Trial fail vayo Kaila fari from varnu milxa ? 3 choti nai fail vaya paxi,trial fail vayo kaila fari from varnu milxa ? 3 choti nai fail vaya paxi,2026-08-01 08:36:43,False,True,0,0,0,3,72,15,8,0.8660254037844387,-0.4999999999999998,0.0,-0.3389076799462753,0.25,2.2496799005223087,0.26277372262773724,0.858703541181462,0.29411764705882354,1.1368664431016304,0.0,0.5404763088546395,0.9714285714285714
7668893801411478290,7668890427730838289,7588871257367266322,3 months,3 months,2026-08-01 08:50:01,True,True,0,0,0,0,8,2,8,0.8660254037844387,-0.4999999999999998,0.0,-0.3389076799462753,0.0,-0.40873061708160113,0.029197080291970802,-1.0863336782704425,0.0392156862745098,-1.023055187928139,0.0,0.0,-0.8571428571428571
7668911067963671303,7668890427730838289,7506487571866878992,First time deko feri kati month vitra dina milxa,first time deko feri kati month vitra dina milxa,2026-08-01 09:57:01,True,True,0,0,0,0,48,9,9,0.7071067811865476,-0.7071067811865475,0.0,-0.3389076799462753,0.0,-0.40873061708160113,0.17518248175182483,0.1293145838869978,0.17647058823529413,0.1399795364725061,0.0,0.0,0.2857142857142857
7668908879287370513,7668890427730838289,7512013260922160146,First trail dako time ki last time trail deko time dakhi 3 months ho ?,first trail dako time ki last time trail deko time dakhi 3 months ho ?,2026-08-01 09:48:22,True,True,0,0,0,0,70,15,9,0.7071067811865476,-0.7071067811865475,0.0,-0.3389076799462753,0.0,-0.40873061708160113,0.25547445255474455,0.79792112807359,0.29411764705882354,1.1368664431016304,0.0,0.0,0.9142857142857143
7668983305123840789,,7628282692137059345,Thau anusar park hunxa holani,thau anusar park hunxa holani,2026-08-01 14:37:20,False,True,0,0,0,0,29,5,14,-0.4999999999999997,-0.8660254037844388,0.0,-0.3389076799462753,0.0,-0.40873061708160113,0.10583941605839416,-0.4481183406377863,0.09803921568627451,-0.5246117346135768,0.0,0.0,-0.2571428571428571
7669436007251542805,,7017060111802205190,good,good,2026-08-02 19:53:58,False,True,0,0,0,0,4,1,19,-0.9659258262890684,0.2588190451025203,0.0,-0.3389076799462753,0.0,-0.40873061708160113,0.014598540145985401,-1.2078985044861865,0.0196078431372549,-1.1892030056996599,0.0,0.0,-0.9714285714285714
7668889513372828417,,7411103167294080006,dai trial pass vako rajaswaa kasari tirne,dai trial pass vako rajaswaa kasari tirne,2026-08-01 08:33:49,False,True,0,0,0,2,41,7,8,0.8660254037844387,-0.4999999999999998,0.0,-0.3389076799462753,0.16666666666666666,1.3635430613210056,0.14963503649635038,-0.08342386199055427,0.13725490196078433,-0.19231609907053535,0.0,0.4283173410313946,0.08571428571428572
7668893775066153736,7668889513372828417,7588871257367266322,arko video ma cha,arko video ma cha,2026-08-01 08:49:48,True,True,0,0,0,0,17,4,8,0.8660254037844387,-0.4999999999999998,0.0,-0.3389076799462753,0.0,-0.40873061708160113,0.06204379562043796,-0.8128128192850185,0.0784313725490196,-0.6907595523850976,0.0,0.0,-0.6
7668924233091564304,7668889513372828417,7411103167294080006,yo rajaswaa tireko Kati time paxi liscence aauxa,yo rajaswaa tireko kati time paxi liscence aauxa,2026-08-01 10:48:52,True,True,0,0,0,0,48,8,10,0.49999999999999994,-0.8660254037844387,0.0,-0.3389076799462753,0.0,-0.40873061708160113,0.17518248175182483,0.1293145838869978,0.1568627450980392,-0.02616828129901462,0.0,0.0,0.2857142857142857
7668981976132584212,,272204956856803328,"likhit miss vayo , aba feri kati time ma garna milxa ?","likhit miss vayo , aba feri kati time ma garna milxa ?",2026-08-01 14:32:01,False,True,0,0,0,0,54,12,14,-0.4999999999999997,-0.8660254037844388,0.0,-0.3389076799462753,0.0,-0.40873061708160113,0.19708029197080293,0.3116618232106138,0.23529411764705882,0.6384229897870684,0.0,0.0,0.45714285714285713
7668875874183250689,,7278865185703134213,maro sim arkoi ko name ma xa sir😥,maro sim arkoi ko name ma xa sir😥,2026-08-01 07:40:19,False,True,0,0,3,1,33,8,7,0.9659258262890683,-0.25881904510252063,0.3,3.9420314351645707,0.08333333333333333,0.47740622211970224,0.12043795620437957,-0.32655351442204233,0.1568627450980392,-0.02616828129901462,0.5781296526357756,0.27023815442731974,-0.14285714285714285
7668893905307730695,7668875874183250689,7588871257367266322,afno naam ma sarna milxa telecom bata,afno naam ma sarna milxa telecom bata,2026-08-01 08:50:15,True,True,0,0,2,0,37,7,8,0.8660254037844387,-0.4999999999999998,0.2,2.5150517301276216,0.0,-0.40873061708160113,0.13503649635036497,-0.2049886882062983,0.13725490196078433,-0.19231609907053535,0.45815690999132613,0.0,-0.02857142857142857
7669037808681878280,,7049302099637208069,नवीकरण गर्नलाई के गर्ने सर लाइसेन्स,नवीकरण गर्नलाई के गर्ने सर लाइसेन्स,2026-08-01 18:08:35,False,True,0,0,0,0,35,6,18,-1.0,-1.8369701987210297e-16,0.0,-0.3389076799462753,0.0,-0.40873061708160113,0.12773722627737227,-0.2657711013141703,0.11764705882352941,-0.3584639168420561,0.0,0.0,-0.08571428571428572
7670131944102282002,,6904527526787515393,Dai mero ta yesto bhanxa k garnu,dai mero ta yesto bhanxa k garnu,2026-08-04 16:54:30,False,True,0,0,0,0,32,7,16,-0.8660254037844384,-0.5000000000000004,0.0,-0.3389076799462753,0.0,-0.40873061708160113,0.11678832116788321,-0.35694472097597835,0.13725490196078433,-0.19231609907053535,0.0,0.0,-0.17142857142857143
7668895775536104199,,7155390868222968858,A category licences ko lagi kati age required xa ?,a category licences ko lagi kati age required xa ?,2026-08-01 08:57:35,False,True,0,0,0,1,50,10,8,0.8660254037844387,-0.4999999999999998,0.0,-0.3389076799462753,0.08333333333333333,0.47740622211970224,0.18248175182481752,0.1900969969948698,0.19607843137254902,0.3061273542440269,0.0,0.27023815442731974,0.34285714285714286
7668952457347465991,7668895775536104199,7621446067808158741,16 😂,16 😂,2026-08-01 12:37:38,True,True,0,0,0,0,4,2,12,1.2246467991473532e-16,-1.0,0.0,-0.3389076799462753,0.0,-0.40873061708160113,0.014598540145985401,-1.2078985044861865,0.0392156862745098,-1.023055187928139,0.0,0.0,-0.9714285714285714
7668858374520685333,,7260926656225805314,butwal ma khuleko xaina ta😥😥,butwal ma khuleko xaina ta😥😥,2026-08-01 06:32:45,False,True,0,0,1,0,28,5,6,1.0,6.123233995736766e-17,0.1,1.0880720250906732,0.0,-0.40873061708160113,0.10218978102189781,-0.47850954719172234,0.09803921568627451,-0.5246117346135768,0.2890648263178878,0.0,-0.2857142857142857
7668878267286602516,,7038877942915400730,province change garna kasari ho,province change garna kasari ho,2026-08-01 07:49:50,False,True,0,0,0,1,31,5,7,0.9659258262890683,-0.25881904510252063,0.0,-0.3389076799462753,0.08333333333333333,0.47740622211970224,0.11313868613138686,-0.3873359275299143,0.09803921568627451,-0.5246117346135768,0.0,0.27023815442731974,-0.2
7668894048544277255,7668878267286602516,7588871257367266322,edlvrs.pradesh.gov.np. kun pradesh ho rakhnu hola,edlvrs.pradesh.gov.np. kun pradesh ho rakhnu hola,2026-08-01 08:50:56,True,True,0,0,0,0,49,6,8,0.8660254037844387,-0.4999999999999998,0.0,-0.3389076799462753,0.0,-0.40873061708160113,0.17883211678832117,0.1597057904409338,0.11764705882352941,-0.3584639168420561,0.0,0.0,0.3142857142857143
7668704103669924616,,6887148164795122694,dai payment garna mili rako xain,dai payment garna mili rako xain,2026-07-31 20:33:45,False,True,1,0,1,1,32,6,20,-0.8660254037844386,0.5000000000000001,0.1,1.0880720250906732,0.08333333333333333,0.47740622211970224,0.11678832116788321,-0.35694472097597835,0.11764705882352941,-0.3584639168420561,0.2890648263178878,0.27023815442731974,-0.17142857142857143
7668735933226844946,7668704103669924616,7588871257367266322,issue k cha?,issue k cha?,2026-07-31 22:37:09,True,True,0,0,0,0,12,3,22,-0.5000000000000004,0.8660254037844384,0.0,-0.3389076799462753,0.0,-0.40873061708160113,0.043795620437956206,-0.9647688520546984,0.058823529411764705,-0.8569073701566183,0.0,0.0,-0.7428571428571429
7668700434886132501,,6887107518960436229,dai form khulay ko rw,dai form khulay ko rw,2026-07-31 20:19:27,False,True,1,0,1,1,21,5,20,-0.8660254037844386,0.5000000000000001,0.1,1.0880720250906732,0.08333333333333333,0.47740622211970224,0.07664233576642336,-0.6912479930692744,0.09803921568627451,-0.5246117346135768,0.2890648263178878,0.27023815442731974,-0.4857142857142857
7668735877833245447,7668700434886132501,7588871257367266322,khuleko cha,khuleko cha,2026-07-31 22:37:01,True,True,0,0,0,0,11,2,22,-0.5000000000000004,0.8660254037844384,0.0,-0.3389076799462753,0.0,-0.40873061708160113,0.040145985401459854,-0.9951600586086344,0.0392156862745098,-1.023055187928139,0.0,0.0,-0.7714285714285715
7668714631087178516,,6773946391426352134,Aile khuleko xara,aile khuleko xara,2026-07-31 21:14:37,False,True,1,0,1,1,17,3,21,-0.7071067811865477,0.7071067811865474,0.1,1.0880720250906732,0.08333333333333333,0.47740622211970224,0.06204379562043796,-0.8128128192850185,0.058823529411764705,-0.8569073701566183,0.2890648263178878,0.27023815442731974,-0.6
7668735855159378706,7668714631087178516,7588871257367266322,khuleko cha,khuleko cha,2026-07-31 22:36:56,True,True,0,0,0,0,11,2,22,-0.5000000000000004,0.8660254037844384,0.0,-0.3389076799462753,0.0,-0.40873061708160113,0.040145985401459854,-0.9951600586086344,0.0392156862745098,-1.023055187928139,0.0,0.0,-0.7714285714285715
7668722620322071317,,6902309605310465026,biometrics ko lagi office Mai janu parxa ?,biometrics ko lagi office mai janu parxa ?,2026-07-31 21:45:31,False,True,0,0,0,1,42,8,21,-0.7071067811865477,0.7071067811865474,0.0,-0.3389076799462753,0.08333333333333333,0.47740622211970224,0.15328467153284672,-0.05303265543661825,0.1568627450980392,-0.02616828129901462,0.0,0.27023815442731974,0.11428571428571428
7668735823504966407,7668722620322071317,7588871257367266322,dr list bata appointment lera janu parxa. office jana pardaina,dr list bata appointment lera janu parxa. office jana pardaina,2026-07-31 22:36:48,True,True,0,0,0,0,62,10,22,-0.5000000000000004,0.8660254037844384,0.0,-0.3389076799462753,0.0,-0.40873061708160113,0.22627737226277372,0.5547914756421019,0.19607843137254902,0.3061273542440269,0.0,0.0,0.6857142857142857
7668867381930410773,,7207458921978692614,khuleko tw xaina,khuleko tw xaina,2026-08-01 07:07:31,False,True,0,0,0,1,16,3,7,0.9659258262890683,-0.25881904510252063,0.0,-0.3389076799462753,0.08333333333333333,0.47740622211970224,0.058394160583941604,-0.8432040258389544,0.058823529411764705,-0.8569073701566183,0.0,0.27023815442731974,-0.6285714285714286
7668894251631788818,7668867381930410773,7588871257367266322,server down or slow internet le huna sakxa feri try garnu hola,server down or slow internet le huna sakxa feri try garnu hola,2026-08-01 08:51:40,True,True,0,0,0,0,62,12,8,0.8660254037844387,-0.4999999999999998,0.0,-0.3389076799462753,0.0,-0.40873061708160113,0.22627737226277372,0.5547914756421019,0.23529411764705882,0.6384229897870684,0.0,0.0,0.6857142857142857
7668883948450497301,,7356042464383812614,Daii Friday matra garna milcha kii aruu din panii retrial ko online process garna milcha??,daii friday matra garna milcha kii aruu din panii retrial ko online process garna milcha??,2026-08-01 08:11:52,False,True,0,0,0,1,90,15,8,0.8660254037844387,-0.4999999999999998,0.0,-0.3389076799462753,0.08333333333333333,0.47740622211970224,0.3284671532846715,1.40574525915231,0.29411764705882354,1.1368664431016304,0.0,0.27023815442731974,1.4857142857142858
7668894137601196818,7668883948450497301,7588871257367266322,aru din ni varna milxa,aru din ni varna milxa,2026-08-01 08:51:10,True,True,0,0,0,0,22,5,8,0.8660254037844387,-0.4999999999999998,0.0,-0.3389076799462753,0.0,-0.40873061708160113,0.08029197080291971,-0.6608567865153384,0.09803921568627451,-0.5246117346135768,0.0,0.0,-0.45714285714285713
7668914783085855489,,6689947949877675013,@∀ @Sajinn🧌,@∀ @sajinn🧌,2026-08-01 10:12:03,False,True,0,0,0,0,11,2,10,0.49999999999999994,-0.8660254037844387,0.0,-0.3389076799462753,0.0,-0.40873061708160113,0.040145985401459854,-0.9951600586086344,0.0392156862745098,-1.023055187928139,0.0,0.0,-0.7714285714285715
7670458593503068929,,7584323350349349905,Sir retrail ko kasari form borney ho ne ?,sir retrail ko kasari form borney ho ne ?,2026-08-05 14:02:46,False,True,0,0,0,1,41,9,14,-0.4999999999999997,-0.8660254037844388,0.0,-0.3389076799462753,0.08333333333333333,0.47740622211970224,0.14963503649635038,-0.08342386199055427,0.17647058823529413,0.1399795364725061,0.0,0.27023815442731974,0.08571428571428572
7670462235080508178,7670458593503068929,7588871257367266322,"arko video ma cha , check garnu hola","arko video ma cha , check garnu hola",2026-08-05 14:16:09,True,True,0,0,0,0,36,8,14,-0.4999999999999997,-0.8660254037844388,0.0,-0.3389076799462753,0.0,-0.40873061708160113,0.13138686131386862,-0.2353798947602343,0.1568627450980392,-0.02616828129901462,0.0,0.0,-0.05714285714285714
7670248436953121537,,7136523521346798593,sir retrial kaile bata Hun ni,sir retrial kaile bata hun ni,2026-08-05 00:26:38,False,True,0,0,0,0,29,6,0,0.0,1.0,0.0,-0.3389076799462753,0.0,-0.40873061708160113,0.10583941605839416,-0.4481183406377863,0.11764705882352941,-0.3584639168420561,0.0,0.0,-0.2571428571428571
7670777640777941780,,7108291065727157275,Yo scooter ko license bhako le bike ko aba dinu lai likhit exam dinu parxa ke nai,yo scooter ko license bhako le bike ko aba dinu lai likhit exam dinu parxa ke nai,2026-08-06 10:40:16,False,True,0,0,0,0,81,17,10,0.49999999999999994,-0.8660254037844387,0.0,-0.3389076799462753,0.0,-0.40873061708160113,0.2956204379562044,1.132224400166886,0.3333333333333333,1.469162078644672,0.0,0.0,1.2285714285714286
7670373772399133448,,6767280790012937221,expiry date bhnda 1yrs aagadi renew garna milxa bhnne news true ho?🤔,expiry date bhnda 1yrs aagadi renew garna milxa bhnne news true ho?🤔,2026-08-05 08:32:58,False,True,0,0,0,0,68,12,8,0.8660254037844387,-0.4999999999999998,0.0,-0.3389076799462753,0.0,-0.40873061708160113,0.24817518248175183,0.7371387149657179,0.23529411764705882,0.6384229897870684,0.0,0.0,0.8571428571428571
7670405179789329170,,7218191523677438983,sir mero licence ma vay ko nambr harai sake xa aba kasri rinu garne sir,sir mero licence ma vay ko nambr harai sake xa aba kasri rinu garne sir,2026-08-05 10:35:04,False,True,0,0,0,1,71,15,10,0.49999999999999994,-0.8660254037844387,0.0,-0.3389076799462753,0.08333333333333333,0.47740622211970224,0.2591240875912409,0.828312334627526,0.29411764705882354,1.1368664431016304,0.0,0.27023815442731974,0.9428571428571428
7670462313312584455,7670405179789329170,7588871257367266322,transport office visit garnu hola number bata,transport office visit garnu hola number bata,2026-08-05 14:16:27,True,True,0,0,0,0,45,7,14,-0.4999999999999997,-0.8660254037844388,0.0,-0.3389076799462753,0.0,-0.40873061708160113,0.16423357664233576,0.03814096422518977,0.13725490196078433,-0.19231609907053535,0.0,0.0,0.2
7670016603980202773,,6635625170571722757,vnxi 1 den KO kamm 3 denn lagni voo hoina..,vnxi 1 den ko kamm 3 denn lagni voo hoina..,2026-08-04 09:27:10,False,True,0,0,0,1,43,10,9,0.7071067811865476,-0.7071067811865475,0.0,-0.3389076799462753,0.08333333333333333,0.47740622211970224,0.15693430656934307,-0.022641448882682248,0.19607843137254902,0.3061273542440269,0.0,0.27023815442731974,0.14285714285714285
7670035069721854727,7670016603980202773,7588871257367266322,chaadai 1 din mai pani hunexa,chaadai 1 din mai pani hunexa,2026-08-04 10:38:34,True,True,0,0,0,0,29,6,10,0.49999999999999994,-0.8660254037844387,0.0,-0.3389076799462753,0.0,-0.40873061708160113,0.10583941605839416,-0.4481183406377863,0.11764705882352941,-0.3584639168420561,0.0,0.0,-0.2571428571428571
7670254799178318600,,7414040773476303878,biomatric ko lagi janu pardaina ani?,biomatric ko lagi janu pardaina ani?,2026-08-05 00:51:14,False,True,0,0,0,3,36,6,0,0.0,1.0,0.0,-0.3389076799462753,0.25,2.2496799005223087,0.13138686131386862,-0.2353798947602343,0.11764705882352941,-0.3584639168420561,0.0,0.5404763088546395,-0.05714285714285714
7670462434842706696,7670254799178318600,7588871257367266322,dr list herera jana parca,dr list herera jana parca,2026-08-05 14:16:57,True,True,0,0,0,0,25,5,14,-0.4999999999999997,-0.8660254037844388,0.0,-0.3389076799462753,0.0,-0.40873061708160113,0.09124087591240876,-0.5696831668535304,0.09803921568627451,-0.5246117346135768,0.0,0.0,-0.37142857142857144
7670463080111620872,7670254799178318600,7414040773476303878,ani yatayat janai pardaina aba vaneko suninxa ta? clear gardinu na,ani yatayat janai pardaina aba vaneko suninxa ta? clear gardinu na,2026-08-05 14:19:29,True,True,0,0,0,0,66,11,14,-0.4999999999999997,-0.8660254037844388,0.0,-0.3389076799462753,0.0,-0.40873061708160113,0.24087591240875914,0.6763563018578459,0.21568627450980393,0.4722751720155476,0.0,0.0,0.8
7670464642002830088,7670254799178318600,7588871257367266322,written exam rw trail din jana parxa aru process lai jana parena,written exam rw trail din jana parxa aru process lai jana parena,2026-08-05 14:25:31,True,True,0,0,0,0,64,12,14,-0.4999999999999997,-0.8660254037844388,0.0,-0.3389076799462753,0.0,-0.40873061708160113,0.23357664233576642,0.6155738887499739,0.23529411764705882,0.6384229897870684,0.0,0.0,0.7428571428571429
7669732137000321812,,6986914527867225093,Yatayatma janu parena sir teso vaye ..,yatayatma janu parena sir teso vaye ..,2026-08-03 15:03:07,False,True,0,0,0,2,38,7,15,-0.7071067811865471,-0.7071067811865479,0.0,-0.3389076799462753,0.16666666666666666,1.3635430613210056,0.1386861313868613,-0.17459748165236227,0.13725490196078433,-0.19231609907053535,0.0,0.4283173410313946,0.0
7670812229898683137,7669732137000321812,6548010517326205952,medical lai janu parxa,medical lai janu parxa,2026-08-06 12:55:05,True,True,0,0,0,0,22,4,12,1.2246467991473532e-16,-1.0,0.0,-0.3389076799462753,0.0,-0.40873061708160113,0.08029197080291971,-0.6608567865153384,0.0784313725490196,-0.6907595523850976,0.0,0.0,-0.45714285714285713
7669818660877239047,7669732137000321812,7588871257367266322,parena,parena,2026-08-03 20:38:43,True,True,0,0,0,0,6,1,20,-0.8660254037844386,0.5000000000000001,0.0,-0.3389076799462753,0.0,-0.40873061708160113,0.021897810218978103,-1.1471160913783145,0.0196078431372549,-1.1892030056996599,0.0,0.0,-0.9142857142857143
7670551323066549000,,6963166272867943429,ok,ok,2026-08-05 20:01:48,False,True,0,0,0,0,2,1,20,-0.8660254037844386,0.5000000000000001,0.0,-0.3389076799462753,0.0,-0.40873061708160113,0.0072992700729927005,-1.2686809175940585,0.0196078431372549,-1.1892030056996599,0.0,0.0,-1.0285714285714285
7669688430662222610,,7176270434407908379,Sir mero aba car ko license ho bike ko pahila bata xa jhukera car ko new liecnse garera medical gare aba add bata garda no liecnse information founf bhanxa ke garni,sir mero aba car ko license ho bike ko pahila bata xa jhukera car ko new liecnse garera medical gare aba add bata garda no liecnse information founf bhanxa ke garni,2026-08-03 12:13:30,False,True,0,0,0,1,164,31,12,1.2246467991473532e-16,-1.0,0.0,-0.3389076799462753,0.08333333333333333,0.47740622211970224,0.5985401459854015,3.6546945441435743,0.6078431372549019,3.7952315274459627,0.0,0.27023815442731974,3.6
7669818821917819656,7669688430662222610,7588871257367266322,"office nai janu parxa hola , online portal ma eddit garne option xaina","office nai janu parxa hola , online portal ma eddit garne option xaina",2026-08-03 20:39:20,True,True,0,0,0,0,70,13,20,-0.8660254037844386,0.5000000000000001,0.0,-0.3389076799462753,0.0,-0.40873061708160113,0.25547445255474455,0.79792112807359,0.2549019607843137,0.804570807558589,0.0,0.0,0.9142857142857143
7669530461731685141,,6883022139093681158,sir triple pass bhayo aaba k gara nu para cha,sir triple pass bhayo aaba k gara nu para cha,2026-08-03 02:05:12,False,True,1,0,3,3,45,10,2,0.49999999999999994,0.8660254037844387,0.3,3.9420314351645707,0.25,2.2496799005223087,0.16423357664233576,0.03814096422518977,0.19607843137254902,0.3061273542440269,0.5781296526357756,0.5404763088546395,0.2
7669587379984532232,7669530461731685141,7588871257367266322,rajaswa tirnu parxa. arko video hernu hola,rajaswa tirnu parxa. arko video hernu hola,2026-08-03 05:41:23,True,True,0,0,1,0,42,7,5,0.9659258262890683,0.25881904510252074,0.1,1.0880720250906732,0.0,-0.40873061708160113,0.15328467153284672,-0.05303265543661825,0.13725490196078433,-0.19231609907053535,0.2890648263178878,0.0,0.11428571428571428
7669636259555476244,7669530461731685141,6883022139093681158,Kun video sir,kun video sir,2026-08-03 08:57:00,True,True,0,0,1,0,13,3,8,0.8660254037844387,-0.4999999999999998,0.1,1.0880720250906732,0.0,-0.40873061708160113,0.04744525547445255,-0.9343776455007624,0.058823529411764705,-0.8569073701566183,0.2890648263178878,0.0,-0.7142857142857143
7669638786476917522,7669530461731685141,7588871257367266322,profile ma gayera hernu hola Trail Pasd Payment Process vanera cha,profile ma gayera hernu hola trail pasd payment process vanera cha,2026-08-03 09:00:45,True,True,0,0,1,0,66,11,9,0.7071067811865476,-0.7071067811865475,0.1,1.0880720250906732,0.0,-0.40873061708160113,0.24087591240875914,0.6763563018578459,0.21568627450980393,0.4722751720155476,0.2890648263178878,0.0,0.8
7670290244796891922,,7058657363822543898,office approval vyo ki vyn vner kasari herne thaha paune hjr,office approval vyo ki vyn vner kasari herne thaha paune hjr,2026-08-05 03:08:48,False,True,0,0,0,1,60,11,3,0.7071067811865475,0.7071067811865476,0.0,-0.3389076799462753,0.08333333333333333,0.47740622211970224,0.21897810218978103,0.4940090625342299,0.21568627450980393,0.4722751720155476,0.0,0.27023815442731974,0.6285714285714286
7670464723343409938,7670290244796891922,7588871257367266322,Approved vanera dekhinxa office approval ma,approved vanera dekhinxa office approval ma,2026-08-05 14:25:50,True,True,0,0,0,0,43,6,14,-0.4999999999999997,-0.8660254037844388,0.0,-0.3389076799462753,0.0,-0.40873061708160113,0.15693430656934307,-0.022641448882682248,0.11764705882352941,-0.3584639168420561,0.0,0.0,0.14285714285714285
7669841992818262801,,6644902808696340485,medical chai kasari garne ho,medical chai kasari garne ho,2026-08-03 22:09:17,False,True,0,0,0,1,28,5,22,-0.5000000000000004,0.8660254037844384,0.0,-0.3389076799462753,0.08333333333333333,0.47740622211970224,0.10218978102189781,-0.47850954719172234,0.09803921568627451,-0.5246117346135768,0.0,0.27023815442731974,-0.2857142857142857
7670012054790898439,7669841992818262801,7588871257367266322,next video hernu hola,next video hernu hola,2026-08-04 09:09:14,True,True,0,0,0,0,21,4,9,0.7071067811865476,-0.7071067811865475,0.0,-0.3389076799462753,0.0,-0.40873061708160113,0.07664233576642336,-0.6912479930692744,0.0784313725490196,-0.6907595523850976,0.0,0.0,-0.4857142857142857
7669822294446048008,,7520101173699232776,Sir mero licen ma nagirta ko nbr begre ko raixa kasari change garne hola online bata ma aaile dubai ma xu😇,sir mero licen ma nagirta ko nbr begre ko raixa kasari change garne hola online bata ma aaile dubai ma xu😇,2026-08-03 20:52:54,False,True,0,0,0,1,106,21,20,-0.8660254037844386,0.5000000000000001,0.0,-0.3389076799462753,0.08333333333333333,0.47740622211970224,0.38686131386861317,1.8920045640152863,0.4117647058823529,2.133753349730755,0.0,0.27023815442731974,1.9428571428571428
7670012299583734535,7669822294446048008,7588871257367266322,"online ma change garne option aako xaina, aaye Video aune cha","online ma change garne option aako xaina, aaye video aune cha",2026-08-04 09:10:16,True,True,0,0,1,0,61,11,9,0.7071067811865476,-0.7071067811865475,0.1,1.0880720250906732,0.0,-0.40873061708160113,0.22262773722627738,0.5244002690881658,0.21568627450980393,0.4722751720155476,0.2890648263178878,0.0,0.6571428571428571
7669836662969287445,,6982476333659145222,office approval kati ghanta ma hunxa hjr,office approval kati ghanta ma hunxa hjr,2026-08-03 21:48:46,False,True,0,0,0,1,40,7,21,-0.7071067811865477,0.7071067811865474,0.0,-0.3389076799462753,0.08333333333333333,0.47740622211970224,0.145985401459854,-0.11381506854449026,0.13725490196078433,-0.19231609907053535,0.0,0.27023815442731974,0.05714285714285714
7670012136689861394,7669836662969287445,7588871257367266322,"tyo ta vanna sakinna, kamrchari rw application kati chan tei anusar.","tyo ta vanna sakinna, kamrchari rw application kati chan tei anusar.",2026-08-04 09:09:45,True,True,0,0,0,0,68,11,9,0.7071067811865476,-0.7071067811865475,0.0,-0.3389076799462753,0.0,-0.40873061708160113,0.24817518248175183,0.7371387149657179,0.21568627450980393,0.4722751720155476,0.0,0.0,0.8571428571428571
7669469805082739457,,7410829670142657542,❤️❤️❤️,❤️❤️❤️,2026-08-02 22:04:56,False,True,1,0,1,0,6,1,22,-0.5000000000000004,0.8660254037844384,0.1,1.0880720250906732,0.0,-0.40873061708160113,0.021897810218978103,-1.1471160913783145,0.0196078431372549,-1.1892030056996599,0.2890648263178878,0.0,-0.9142857142857143
7670197882494059271,,7444828731975713847,sir Mero yesto vaneko xa kati din wait garnu parney ho,sir mero yesto vaneko xa kati din wait garnu parney ho,2026-08-04 21:10:18,False,True,0,0,3,2,54,11,21,-0.7071067811865477,0.7071067811865474,0.3,3.9420314351645707,0.16666666666666666,1.3635430613210056,0.19708029197080293,0.3116618232106138,0.21568627450980393,0.4722751720155476,0.5781296526357756,0.4283173410313946,0.45714285714285713
7670465053816079124,7670197882494059271,7437487297153434625,merota atini dekhako xaina😥,merota atini dekhako xaina😥,2026-08-05 14:27:11,True,True,0,0,0,0,27,4,14,-0.4999999999999997,-0.8660254037844388,0.0,-0.3389076799462753,0.0,-0.40873061708160113,0.09854014598540146,-0.5089007537456584,0.0784313725490196,-0.6907595523850976,0.0,0.0,-0.3142857142857143
7670546887195935509,7670197882494059271,7530643234449556501,Same,same,2026-08-05 19:44:39,True,True,0,0,0,0,4,1,19,-0.9659258262890684,0.2588190451025203,0.0,-0.3389076799462753,0.0,-0.40873061708160113,0.014598540145985401,-1.2078985044861865,0.0196078431372549,-1.1892030056996599,0.0,0.0,-0.9714285714285714
7670544481804092181,,6909675627218174978,Vayo mero ta sabai 300 linxa medical ko,vayo mero ta sabai 300 linxa medical ko,2026-08-05 19:35:23,False,True,0,0,0,4,39,8,19,-0.9659258262890684,0.2588190451025203,0.0,-0.3389076799462753,0.3333333333333333,3.135816739723612,0.14233576642335766,-0.14420627509842626,0.1568627450980392,-0.02616828129901462,0.0,0.6274735630753033,0.02857142857142857
7670713585609442056,7670544481804092181,7266793549928137730,office approval katti dinma vayo?,office approval katti dinma vayo?,2026-08-06 06:31:41,True,True,0,0,0,0,33,5,6,1.0,6.123233995736766e-17,0.0,-0.3389076799462753,0.0,-0.40873061708160113,0.12043795620437957,-0.32655351442204233,0.09803921568627451,-0.5246117346135768,0.0,0.0,-0.14285714285714285
7670757972960166677,7670544481804092181,6909675627218174978,Mero ta within a hour ma vako ho office approval server khulney bitikai,mero ta within a hour ma vako ho office approval server khulney bitikai,2026-08-06 09:23:53,True,True,0,0,0,0,71,13,9,0.7071067811865476,-0.7071067811865475,0.0,-0.3389076799462753,0.0,-0.40873061708160113,0.2591240875912409,0.828312334627526,0.2549019607843137,0.804570807558589,0.0,0.0,0.9428571428571428
7670767508374536967,7670544481804092181,7266793549928137730,hamro tw 4 din vo vako xaina,hamro tw 4 din vo vako xaina,2026-08-06 10:00:46,True,True,0,0,0,0,28,7,10,0.49999999999999994,-0.8660254037844387,0.0,-0.3389076799462753,0.0,-0.40873061708160113,0.10218978102189781,-0.47850954719172234,0.13725490196078433,-0.19231609907053535,0.0,0.0,-0.2857142857142857
7670753780284506881,7670544481804092181,7469044759622698000,हाम्राे भा छैन त,हाम्राे भा छैन त,2026-08-06 09:14:57,True,True,0,0,0,0,16,4,9,0.7071067811865476,-0.7071067811865475,0.0,-0.3389076799462753,0.0,-0.40873061708160113,0.058394160583941604,-0.8432040258389544,0.0784313725490196,-0.6907595523850976,0.0,0.0,-0.6285714285714286
7670587285260337927,,6938340084610434050,Pahilai trial pass bhako le kasari rajeswo tirne ?,pahilai trial pass bhako le kasari rajeswo tirne ?,2026-08-05 22:21:30,False,True,0,0,1,0,50,9,22,-0.5000000000000004,0.8660254037844384,0.1,1.0880720250906732,0.0,-0.40873061708160113,0.18248175182481752,0.1900969969948698,0.17647058823529413,0.1399795364725061,0.2890648263178878,0.0,0.34285714285714286
7670464537895174932,,7437487297153434625,ho ho call gaeko uthaudaina😥,ho ho call gaeko uthaudaina😥,2026-08-05 14:25:14,False,True,0,0,0,0,28,5,14,-0.4999999999999997,-0.8660254037844388,0.0,-0.3389076799462753,0.0,-0.40873061708160113,0.10218978102189781,-0.47850954719172234,0.09803921568627451,-0.5246117346135768,0.0,0.0,-0.2857142857142857
7670749673920955143,,6899809388493636609,bibaran update kasari garni,bibaran update kasari garni,2026-08-06 08:51:32,False,True,0,0,0,0,27,4,8,0.8660254037844387,-0.4999999999999998,0.0,-0.3389076799462753,0.0,-0.40873061708160113,0.09854014598540146,-0.5089007537456584,0.0784313725490196,-0.6907595523850976,0.0,0.0,-0.3142857142857143
7669585523548046100,,7038877942915400730,application kasari edited garna ho,application kasari edited garna ho,2026-08-03 05:34:22,False,True,0,0,0,1,34,5,5,0.9659258262890683,0.25881904510252074,0.0,-0.3389076799462753,0.08333333333333333,0.47740622211970224,0.12408759124087591,-0.2961623078681063,0.09803921568627451,-0.5246117346135768,0.0,0.27023815442731974,-0.11428571428571428
7670466570234413831,7669585523548046100,7588871257367266322,online bata edit garna milne feature aako xaina,online bata edit garna milne feature aako xaina,2026-08-05 14:33:07,True,True,0,0,0,0,47,8,14,-0.4999999999999997,-0.8660254037844388,0.0,-0.3389076799462753,0.0,-0.40873061708160113,0.17153284671532848,0.09892337733306178,0.1568627450980392,-0.02616828129901462,0.0,0.0,0.2571428571428571
7670564458645504789,,7508242379829511186,daii inbox ma msg hernu na,daii inbox ma msg hernu na,2026-08-05 20:53:10,False,True,0,0,0,0,26,6,20,-0.8660254037844386,0.5000000000000001,0.0,-0.3389076799462753,0.0,-0.40873061708160113,0.0948905109489051,-0.5392919602995944,0.11764705882352941,-0.3584639168420561,0.0,0.0,-0.34285714285714286
7670622684971778834,,6643191688934342662,क्याटेगोरी थप्नको लागि फर्म कसरी भरिने र त्यसको एउटा भिडियो बनाइदिनु न।please,क्याटेगोरी थप्नको लागि फर्म कसरी भरिने र त्यसको एउटा भिडियो बनाइदिनु न।please,2026-08-06 00:38:48,False,True,0,0,0,0,77,12,0,0.0,1.0,0.0,-0.3389076799462753,0.0,-0.40873061708160113,0.28102189781021897,1.010659573951142,0.23529411764705882,0.6384229897870684,0.0,0.0,1.1142857142857143
7670168484643128082,,7118024697669338118,medical ma garxau xa ra?,medical ma garxau xa ra?,2026-08-04 19:16:19,False,True,0,0,0,0,24,5,19,-0.9659258262890684,0.2588190451025203,0.0,-0.3389076799462753,0.0,-0.40873061708160113,0.08759124087591241,-0.6000743734074664,0.09803921568627451,-0.5246117346135768,0.0,0.0,-0.4
7670480573413376788,,7433030183257818118,written exam ma atkeko xa sirmero,written exam ma atkeko xa sirmero,2026-08-05 15:27:26,False,True,0,0,0,0,33,6,15,-0.7071067811865471,-0.7071067811865479,0.0,-0.3389076799462753,0.0,-0.40873061708160113,0.12043795620437957,-0.32655351442204233,0.11764705882352941,-0.3584639168420561,0.0,0.0,-0.14285714285714285
7669589791973065479,,6743453499441857542,bara jilaa kochhaina,bara jilaa kochhaina,2026-08-03 05:50:44,False,True,0,0,0,0,20,3,5,0.9659258262890683,0.25881904510252074,0.0,-0.3389076799462753,0.0,-0.40873061708160113,0.072992700729927,-0.7216391996232104,0.058823529411764705,-0.8569073701566183,0.0,0.0,-0.5142857142857142
7670163772460712725,,7013596598219490306,yo vanda agadhi ko process chai kasari garne ho daii,yo vanda agadhi ko process chai kasari garne ho daii,2026-08-04 18:58:08,False,True,0,0,0,0,52,10,18,-1.0,-1.8369701987210297e-16,0.0,-0.3389076799462753,0.0,-0.40873061708160113,0.1897810218978102,0.25087941010274184,0.19607843137254902,0.3061273542440269,0.0,0.0,0.4
7669787533711180562,,7296752873659106309,mero mudium name xaina k garne hoo🙏😴,mero mudium name xaina k garne hoo🙏😴,2026-08-03 18:38:00,False,True,0,0,0,0,36,7,18,-1.0,-1.8369701987210297e-16,0.0,-0.3389076799462753,0.0,-0.40873061708160113,0.13138686131386862,-0.2353798947602343,0.13725490196078433,-0.19231609907053535,0.0,0.0,-0.05714285714285714
7670761645791757074,,6774988770686174213,payment nai khuleko xoin sir kasari grne,payment nai khuleko xoin sir kasari grne,2026-08-06 09:38:06,False,True,0,0,1,0,40,7,9,0.7071067811865476,-0.7071067811865475,0.1,1.0880720250906732,0.0,-0.40873061708160113,0.145985401459854,-0.11381506854449026,0.13725490196078433,-0.19231609907053535,0.2890648263178878,0.0,0.05714285714285714
7669776313624134416,,7622774177632076817,Medical vayera k garnu office le approved gardaina,medical vayera k garnu office le approved gardaina,2026-08-03 17:54:50,False,True,0,0,0,2,50,8,17,-0.9659258262890683,-0.25881904510252063,0.0,-0.3389076799462753,0.16666666666666666,1.3635430613210056,0.18248175182481752,0.1900969969948698,0.1568627450980392,-0.02616828129901462,0.0,0.4283173410313946,0.34285714285714286
7670411438449509138,7669776313624134416,6661066570209918981,Dinxa 3/4 dinma,dinxa 3/4 dinma,2026-08-05 10:59:07,True,True,0,0,0,0,15,3,10,0.49999999999999994,-0.8660254037844387,0.0,-0.3389076799462753,0.0,-0.40873061708160113,0.05474452554744526,-0.8735952323928904,0.058823529411764705,-0.8569073701566183,0.0,0.0,-0.6571428571428571
7670582934533194497,7669776313624134416,7165084901028152325,2 weeks hunu layo vako xaina mero,2 weeks hunu layo vako xaina mero,2026-08-05 22:04:28,True,True,0,0,0,0,33,7,22,-0.5000000000000004,0.8660254037844384,0.0,-0.3389076799462753,0.0,-0.40873061708160113,0.12043795620437957,-0.32655351442204233,0.13725490196078433,-0.19231609907053535,0.0,0.0,-0.14285714285714285
7669622332621144853,,6699321125903565830,Mero Yesto dekhauxa,mero yesto dekhauxa,2026-08-03 07:57:03,False,True,0,0,1,5,19,3,7,0.9659258262890683,-0.25881904510252063,0.1,1.0880720250906732,0.4166666666666667,4.021953578924916,0.06934306569343066,-0.7520304061771464,0.058823529411764705,-0.8569073701566183,0.2890648263178878,0.6985554954587144,-0.5428571428571428
7669997425935090439,7669622332621144853,7243403088101409793,mero ta 300 xa taa,mero ta 300 xa taa,2026-08-04 08:12:32,True,True,0,0,0,0,18,5,8,0.8660254037844387,-0.4999999999999998,0.0,-0.3389076799462753,0.0,-0.40873061708160113,0.06569343065693431,-0.7824216127310825,0.09803921568627451,-0.5246117346135768,0.0,0.0,-0.5714285714285714
7669773079664608007,7669622332621144853,6957540460139119617,same mero panii 😭,same mero panii 😭,2026-08-03 17:41:49,True,True,0,0,0,0,17,4,17,-0.9659258262890683,-0.25881904510252063,0.0,-0.3389076799462753,0.0,-0.40873061708160113,0.06204379562043796,-0.8128128192850185,0.0784313725490196,-0.6907595523850976,0.0,0.0,-0.6
7669703837918036744,7669622332621144853,7532896530447303697,medical garna jaa kaa hoo. doctor koo naam nai diyekoo xainaa yeta najik ko ma,medical garna jaa kaa hoo. doctor koo naam nai diyekoo xainaa yeta najik ko ma,2026-08-03 13:13:13,True,True,0,0,0,0,78,15,13,-0.2588190451025208,-0.9659258262890683,0.0,-0.3389076799462753,0.0,-0.40873061708160113,0.2846715328467153,1.041050780505078,0.29411764705882354,1.1368664431016304,0.0,0.0,1.1428571428571428
7669637293577683720,7669622332621144853,7422884648860845057,sem yrr,sem yrr,2026-08-03 08:55:02,True,True,0,0,0,0,7,2,8,0.8660254037844387,-0.4999999999999998,0.0,-0.3389076799462753,0.0,-0.40873061708160113,0.025547445255474453,-1.1167248848243785,0.0392156862745098,-1.023055187928139,0.0,0.0,-0.8857142857142857
7669655070872355591,7669622332621144853,6863806056834892806,Same me too,same me too,2026-08-03 10:04:05,True,True,0,0,0,0,11,3,10,0.49999999999999994,-0.8660254037844387,0.0,-0.3389076799462753,0.0,-0.40873061708160113,0.040145985401459854,-0.9951600586086344,0.058823529411764705,-0.8569073701566183,0.0,0.0,-0.7714285714285715
7669642874770637588,,7435286300406432775,medical test ma k k chainxa malai blood test ni grnu prxa re blood group ta thaxa tara card xain k feri blood test grnu prxa?,medical test ma k k chainxa malai blood test ni grnu prxa re blood group ta thaxa tara card xain k feri blood test grnu prxa?,2026-08-03 09:16:52,False,True,0,0,0,3,125,26,9,0.7071067811865476,-0.7071067811865475,0.0,-0.3389076799462753,0.25,2.2496799005223087,0.4562043795620438,2.4694374885400703,0.5098039215686274,2.964492438588359,0.0,0.5404763088546395,2.4857142857142858
7669651279534555911,7669642874770637588,7316511908336010246,Card ko jarurat pardaian vandiye matra hunxa kun group ho vanyrw,card ko jarurat pardaian vandiye matra hunxa kun group ho vanyrw,2026-08-03 09:49:12,True,True,0,0,1,0,64,11,9,0.7071067811865476,-0.7071067811865475,0.1,1.0880720250906732,0.0,-0.40873061708160113,0.23357664233576642,0.6155738887499739,0.21568627450980393,0.4722751720155476,0.2890648263178878,0.0,0.7428571428571429
7669808911428797191,7669642874770637588,6894583488005571590,eye test hunxa ki naii,eye test hunxa ki naii,2026-08-03 20:07:07,True,True,0,0,0,0,22,5,20,-0.8660254037844386,0.5000000000000001,0.0,-0.3389076799462753,0.0,-0.40873061708160113,0.08029197080291971,-0.6608567865153384,0.09803921568627451,-0.5246117346135768,0.0,0.0,-0.45714285714285713
7669823276570608404,7669642874770637588,7435286300406432775,hunxa,hunxa,2026-08-03 20:56:40,True,True,0,0,0,0,5,1,20,-0.8660254037844386,0.5000000000000001,0.0,-0.3389076799462753,0.0,-0.40873061708160113,0.01824817518248175,-1.1775072979322505,0.0196078431372549,-1.1892030056996599,0.0,0.0,-0.9428571428571428
7669659338915234581,,6882196518456247297,office approved kaseri hi,office approved kaseri hi,2026-08-03 10:20:38,False,True,0,0,0,1,25,4,10,0.49999999999999994,-0.8660254037844387,0.0,-0.3389076799462753,0.08333333333333333,0.47740622211970224,0.09124087591240876,-0.5696831668535304,0.0784313725490196,-0.6907595523850976,0.0,0.27023815442731974,-0.37142857142857144
7669669334529032978,7669659338915234581,7139150834549818395,mero ni vako xain band xa re,mero ni vako xain band xa re,2026-08-03 10:59:23,True,True,0,0,0,0,28,7,10,0.49999999999999994,-0.8660254037844387,0.0,-0.3389076799462753,0.0,-0.40873061708160113,0.10218978102189781,-0.47850954719172234,0.13725490196078433,-0.19231609907053535,0.0,0.0,-0.2857142857142857
7670178128837116692,,7455680306177623045,medical gareko aja ava lekhit kaile hunxa hola? tha vayena malai tha xa vne rply grnu na sir?,medical gareko aja ava lekhit kaile hunxa hola? tha vayena malai tha xa vne rply grnu na sir?,2026-08-04 19:53:43,False,True,0,0,0,0,93,18,19,-0.9659258262890684,0.2588190451025203,0.0,-0.3389076799462753,0.0,-0.40873061708160113,0.33941605839416056,1.4969188788141181,0.35294117647058826,1.6353098964161927,0.0,0.0,1.5714285714285714
7670187196204974868,,7505085196770673682,medical paxi exam date hamle chose garna pamxa ki. utai bata fixed ahunxa,medical paxi exam date hamle chose garna pamxa ki. utai bata fixed ahunxa,2026-08-04 20:28:54,False,True,0,0,0,0,73,13,20,-0.8660254037844386,0.5000000000000001,0.0,-0.3389076799462753,0.0,-0.40873061708160113,0.2664233576642336,0.889094747735398,0.2549019607843137,0.804570807558589,0.0,0.0,1.0
7670183326573380359,,307923889601310720,Office approved chahi kaile hunxa,office approved chahi kaile hunxa,2026-08-04 20:13:49,False,True,0,0,0,0,33,5,20,-0.8660254037844386,0.5000000000000001,0.0,-0.3389076799462753,0.0,-0.40873061708160113,0.12043795620437957,-0.32655351442204233,0.09803921568627451,-0.5246117346135768,0.0,0.0,-0.14285714285714285
7670189503886557970,,7295855684472964098,"mero medical ta vyo
aba exam fee online bata kasari bujauni",mero medical ta vyo aba exam fee online bata kasari bujauni,2026-08-04 20:37:52,False,True,0,0,0,0,59,11,20,-0.8660254037844386,0.5000000000000001,0.0,-0.3389076799462753,0.0,-0.40873061708160113,0.21532846715328466,0.46361785598029387,0.21568627450980393,0.4722751720155476,0.0,0.0,0.6
7670365202558747408,,6590163454681382917,Class -A vayo edit garera Class- K garna k garni office maa gayera ni vayena no edit option till date,class -a vayo edit garera class- k garna k garni office maa gayera ni vayena no edit option till date,2026-08-05 08:00:30,False,True,0,0,0,0,101,20,8,0.8660254037844387,-0.4999999999999998,0.0,-0.3389076799462753,0.0,-0.40873061708160113,0.3686131386861314,1.7400485312456062,0.39215686274509803,1.9676055319592343,0.0,0.0,1.8
7670164424724710161,,6964975053676299266,bro mero exam date chose ni lagdain,bro mero exam date chose ni lagdain,2026-08-04 19:00:28,False,True,0,0,0,0,35,7,19,-0.9659258262890684,0.2588190451025203,0.0,-0.3389076799462753,0.0,-0.40873061708160113,0.12773722627737227,-0.2657711013141703,0.13725490196078433,-0.19231609907053535,0.0,0.0,-0.08571428571428572
7670157685823767316,,6858504641090552834,ट्रायल पास भएपछि अनलाइन बाट कसरी राजस्व तिर्ने एउटा भिडियो बनाइदिनुहोस् न सर।,ट्रायल पास भएपछि अनलाइन बाट कसरी राजस्व तिर्ने एउटा भिडियो बनाइदिनुहोस् न सर।,2026-08-04 18:34:28,False,True,0,0,0,1,77,13,18,-1.0,-1.8369701987210297e-16,0.0,-0.3389076799462753,0.08333333333333333,0.47740622211970224,0.28102189781021897,1.010659573951142,0.2549019607843137,0.804570807558589,0.0,0.27023815442731974,1.1142857142857143
7670165086667309832,7670157685823767316,7588871257367266322,check new video,check new video,2026-08-04 19:03:08,True,True,0,0,0,0,15,3,19,-0.9659258262890684,0.2588190451025203,0.0,-0.3389076799462753,0.0,-0.40873061708160113,0.05474452554744526,-0.8735952323928904,0.058823529411764705,-0.8569073701566183,0.0,0.0,-0.6571428571428571
7669632545341309703,,6868667825499849730,rajaswo kasari tirne honi trial pass vako,rajaswo kasari tirne honi trial pass vako,2026-08-03 08:36:42,False,True,0,0,0,2,41,7,8,0.8660254037844387,-0.4999999999999998,0.0,-0.3389076799462753,0.16666666666666666,1.3635430613210056,0.14963503649635038,-0.08342386199055427,0.13725490196078433,-0.19231609907053535,0.0,0.4283173410313946,0.08571428571428572
7669633891891888904,7669632545341309703,7588871257367266322,arko video ma cha,arko video ma cha,2026-08-03 08:41:47,True,True,0,0,0,0,17,4,8,0.8660254037844387,-0.4999999999999998,0.0,-0.3389076799462753,0.0,-0.40873061708160113,0.06204379562043796,-0.8128128192850185,0.0784313725490196,-0.6907595523850976,0.0,0.0,-0.6
7669636866182562567,7669632545341309703,6868667825499849730,website ma dekhaudaina tw sir,website ma dekhaudaina tw sir,2026-08-03 08:53:31,True,True,0,0,0,0,29,5,8,0.8660254037844387,-0.4999999999999998,0.0,-0.3389076799462753,0.0,-0.40873061708160113,0.10583941605839416,-0.4481183406377863,0.09803921568627451,-0.5246117346135768,0.0,0.0,-0.2571428571428571
7669795872549192468,,6956785954041807874,Ani k garne aba doctor le phone nai pich up gardaina ta,ani k garne aba doctor le phone nai pich up gardaina ta,2026-08-03 19:10:20,False,True,0,0,0,1,55,12,19,-0.9659258262890684,0.2588190451025203,0.0,-0.3389076799462753,0.08333333333333333,0.47740622211970224,0.20072992700729927,0.3420530297645498,0.23529411764705882,0.6384229897870684,0.0,0.27023815442731974,0.4857142857142857
7669989213815554824,7669795872549192468,6956465540512695297,😂😂😂,😂😂😂,2026-08-04 07:40:38,True,True,0,0,0,0,3,1,7,0.9659258262890683,-0.25881904510252063,0.0,-0.3389076799462753,0.0,-0.40873061708160113,0.010948905109489052,-1.2382897110401225,0.0196078431372549,-1.1892030056996599,0.0,0.0,-1.0
7670451941231215378,,7470540373435597825,ok,ok,2026-08-05 13:36:13,False,True,0,0,0,0,2,1,13,-0.2588190451025208,-0.9659258262890683,0.0,-0.3389076799462753,0.0,-0.40873061708160113,0.0072992700729927005,-1.2686809175940585,0.0196078431372549,-1.1892030056996599,0.0,0.0,-1.0285714285714285
7669648711488684818,,7143801190290260997,150 fee tirna 1000 kharcha hunxa kasto system banayanxan balen sarkar le,150 fee tirna 1000 kharcha hunxa kasto system banayanxan balen sarkar le,2026-08-03 09:39:21,False,True,0,0,0,0,72,12,9,0.7071067811865476,-0.7071067811865475,0.0,-0.3389076799462753,0.0,-0.40873061708160113,0.26277372262773724,0.858703541181462,0.23529411764705882,0.6384229897870684,0.0,0.0,0.9714285714285714
7669629470030152466,,7637416724509869076,Mero ta 750 liyo doctor lya 😭😭,mero ta 750 liyo doctor lya 😭😭,2026-08-03 08:24:37,False,True,0,0,0,0,30,7,8,0.8660254037844387,-0.4999999999999998,0.0,-0.3389076799462753,0.0,-0.40873061708160113,0.10948905109489052,-0.4177271340838503,0.13725490196078433,-0.19231609907053535,0.0,0.0,-0.22857142857142856
7669628273110549268,,7178728231099499525,office approval kati din ma hunxa,office approval kati din ma hunxa,2026-08-03 08:20:11,False,True,0,0,0,0,33,6,8,0.8660254037844387,-0.4999999999999998,0.0,-0.3389076799462753,0.0,-0.40873061708160113,0.12043795620437957,-0.32655351442204233,0.11764705882352941,-0.3584639168420561,0.0,0.0,-0.14285714285714285
7669782693068227346,,7432575642157679617,daii lekhit ko results kasarii herneyy? vandinuna,daii lekhit ko results kasarii herneyy? vandinuna,2026-08-03 18:19:09,False,True,0,0,0,0,49,7,18,-1.0,-1.8369701987210297e-16,0.0,-0.3389076799462753,0.0,-0.40873061708160113,0.17883211678832117,0.1597057904409338,0.13725490196078433,-0.19231609907053535,0.0,0.0,0.3142857142857143
7669653829638357778,,6877117807953101829,rajaswo pani tirisake abo smart card kati samay paxi aauxa hola??,rajaswo pani tirisake abo smart card kati samay paxi aauxa hola??,2026-08-03 09:59:10,False,True,0,0,0,0,65,11,9,0.7071067811865476,-0.7071067811865475,0.0,-0.3389076799462753,0.0,-0.40873061708160113,0.23722627737226276,0.6459650953039099,0.21568627450980393,0.4722751720155476,0.0,0.0,0.7714285714285715
7670029167278703381,,7046413949059810310,Number mero name ma registrat garisakeko xa tai ni still new license ma num halda mero baba kai name aauxa tara mobile ma 9966 garera check garda merai name ma xa,number mero name ma registrat garisakeko xa tai ni still new license ma num halda mero baba kai name aauxa tara mobile ma 9966 garera check garda merai name ma xa,2026-08-04 10:15:51,False,True,0,0,0,0,162,31,10,0.49999999999999994,-0.8660254037844387,0.0,-0.3389076799462753,0.0,-0.40873061708160113,0.5912408759124088,3.5939121310357023,0.6078431372549019,3.7952315274459627,0.0,0.0,3.5428571428571427
7669849013957427988,,7637573120514540560,office approve ma aayara aatkiyoo ABA kahila hunxa?,office approve ma aayara aatkiyoo aba kahila hunxa?,2026-08-03 22:36:45,False,True,0,0,0,0,51,8,22,-0.5000000000000004,0.8660254037844384,0.0,-0.3389076799462753,0.0,-0.40873061708160113,0.18613138686131386,0.2204882035488058,0.1568627450980392,-0.02616828129901462,0.0,0.0,0.37142857142857144
7669618341716116245,,6915408378181878790,exam deyarw basako date kasari thaa paune trail ko,exam deyarw basako date kasari thaa paune trail ko,2026-08-03 07:41:38,False,True,0,0,0,0,50,9,7,0.9659258262890683,-0.25881904510252063,0.0,-0.3389076799462753,0.0,-0.40873061708160113,0.18248175182481752,0.1900969969948698,0.17647058823529413,0.1399795364725061,0.0,0.0,0.34285714285714286
7669989536714064648,,6956465540512695297,medical tw vayo but tyo application accept naai hudaina rw,medical tw vayo but tyo application accept naai hudaina rw,2026-08-04 07:41:59,False,True,0,0,0,0,58,10,7,0.9659258262890683,-0.25881904510252063,0.0,-0.3389076799462753,0.0,-0.40873061708160113,0.2116788321167883,0.43322664942635786,0.19607843137254902,0.3061273542440269,0.0,0.0,0.5714285714285714
7669819079910671122,,6770257361653744641,Outside nepal bata k process hunxa,outside nepal bata k process hunxa,2026-08-03 20:40:23,False,True,0,0,0,0,34,6,20,-0.8660254037844386,0.5000000000000001,0.0,-0.3389076799462753,0.0,-0.40873061708160113,0.12408759124087591,-0.2961623078681063,0.11764705882352941,-0.3584639168420561,0.0,0.0,-0.11428571428571428
7669598033801397013,,6561180186750238726,good,good,2026-08-03 06:22:42,False,True,1,0,1,0,4,1,6,1.0,6.123233995736766e-17,0.1,1.0880720250906732,0.0,-0.40873061708160113,0.014598540145985401,-1.2078985044861865,0.0196078431372549,-1.1892030056996599,0.2890648263178878,0.0,-0.9714285714285714
7669782486080471815,,6561368629434597382,ahh Sunnus na yatayat karelaye mai gayera medical garda hunna???,ahh sunnus na yatayat karelaye mai gayera medical garda hunna???,2026-08-03 18:18:27,False,True,0,0,0,0,64,10,18,-1.0,-1.8369701987210297e-16,0.0,-0.3389076799462753,0.0,-0.40873061708160113,0.23357664233576642,0.6155738887499739,0.19607843137254902,0.3061273542440269,0.0,0.0,0.7428571428571429
7669799839865488146,,6871163079846462470,Nid aakai xaina but digitally chahe website ma show hunxa tara nagarik app ma dekhaudaina,nid aakai xaina but digitally chahe website ma show hunxa tara nagarik app ma dekhaudaina,2026-08-03 19:25:40,False,True,0,0,0,0,89,15,19,-0.9659258262890684,0.2588190451025203,0.0,-0.3389076799462753,0.0,-0.40873061708160113,0.3248175182481752,1.375354052598374,0.29411764705882354,1.1368664431016304,0.0,0.0,1.457142857142857
7669655323166589717,,6697434794400056326,mero ta office approval mai adkya xa,mero ta office approval mai adkya xa,2026-08-03 10:05:05,False,True,0,0,1,4,36,7,10,0.49999999999999994,-0.8660254037844387,0.1,1.0880720250906732,0.3333333333333333,3.135816739723612,0.13138686131386862,-0.2353798947602343,0.13725490196078433,-0.19231609907053535,0.2890648263178878,0.6274735630753033,-0.05714285714285714
7669735431655539463,7669655323166589717,7576269923199403064,Kati din vo,kati din vo,2026-08-03 15:15:47,True,True,0,0,0,0,11,3,15,-0.7071067811865471,-0.7071067811865479,0.0,-0.3389076799462753,0.0,-0.40873061708160113,0.040145985401459854,-0.9951600586086344,0.058823529411764705,-0.8569073701566183,0.0,0.0,-0.7714285714285715
7669735768794170133,7669655323166589717,6697434794400056326,5-6 days vaisakyo medical test deko,5-6 days vaisakyo medical test deko,2026-08-03 15:17:14,True,True,0,0,0,0,35,6,15,-0.7071067811865471,-0.7071067811865479,0.0,-0.3389076799462753,0.0,-0.40873061708160113,0.12773722627737227,-0.2657711013141703,0.11764705882352941,-0.3584639168420561,0.0,0.0,-0.08571428571428572
7669755498451026708,7669655323166589717,6655841148445655045,मेरो पनि same problem छ 😡,मेरो पनि same problem छ 😡,2026-08-03 16:33:44,True,True,0,0,0,0,25,6,16,-0.8660254037844384,-0.5000000000000004,0.0,-0.3389076799462753,0.0,-0.40873061708160113,0.09124087591240876,-0.5696831668535304,0.11764705882352941,-0.3584639168420561,0.0,0.0,-0.37142857142857144
7669736131760456455,7669655323166589717,7576269923199403064,maile ne aaja medical pass gareko Mero ne office approval ma xa 😢😭,maile ne aaja medical pass gareko mero ne office approval ma xa 😢😭,2026-08-03 15:18:32,True,True,0,0,0,0,66,13,15,-0.7071067811865471,-0.7071067811865479,0.0,-0.3389076799462753,0.0,-0.40873061708160113,0.24087591240875914,0.6763563018578459,0.2549019607843137,0.804570807558589,0.0,0.0,0.8
7669835740422947605,,7406187105229898753,aaja bata medical start ho😳,aaja bata medical start ho😳,2026-08-03 21:45:04,False,True,0,0,0,0,27,5,21,-0.7071067811865477,0.7071067811865474,0.0,-0.3389076799462753,0.0,-0.40873061708160113,0.09854014598540146,-0.5089007537456584,0.09803921568627451,-0.5246117346135768,0.0,0.0,-0.3142857142857143
7669845095105856277,,7559615817396536327,bro Mero applicant ko name nai arkaai dekhounxa k bhako hoo yestoo,bro mero applicant ko name nai arkaai dekhounxa k bhako hoo yestoo,2026-08-03 22:21:27,False,True,0,0,0,0,66,12,22,-0.5000000000000004,0.8660254037844384,0.0,-0.3389076799462753,0.0,-0.40873061708160113,0.24087591240875914,0.6763563018578459,0.23529411764705882,0.6384229897870684,0.0,0.0,0.8
7669755588332061461,,7632856645630788616,office approval ma gayara rokeyeo,office approval ma gayara rokeyeo,2026-08-03 16:34:02,False,True,0,0,0,0,33,5,16,-0.8660254037844384,-0.5000000000000004,0.0,-0.3389076799462753,0.0,-0.40873061708160113,0.12043795620437957,-0.32655351442204233,0.09803921568627451,-0.5246117346135768,0.0,0.0,-0.14285714285714285
7669605491601326869,,6866038665166078977,retrial ko kasari ho vannu paro,retrial ko kasari ho vannu paro,2026-08-03 06:51:48,False,True,0,0,1,3,31,6,6,1.0,6.123233995736766e-17,0.1,1.0880720250906732,0.25,2.2496799005223087,0.11313868613138686,-0.3873359275299143,0.11764705882352941,-0.3584639168420561,0.2890648263178878,0.5404763088546395,-0.2
7669630134354625287,7669605491601326869,7588871257367266322,arko video ma cha hernu hola,arko video ma cha hernu hola,2026-08-03 08:27:24,True,True,0,0,0,0,28,6,8,0.8660254037844387,-0.4999999999999998,0.0,-0.3389076799462753,0.0,-0.40873061708160113,0.10218978102189781,-0.47850954719172234,0.11764705882352941,-0.3584639168420561,0.0,0.0,-0.2857142857142857
7669612717959529237,7669605491601326869,6960095359550243842,Hajur lai retinal ko barey kei thaha vaye malai ni vannu hola hai ma ni tej vayera license banauna sake xaina,hajur lai retinal ko barey kei thaha vaye malai ni vannu hola hai ma ni tej vayera license banauna sake xaina,2026-08-03 07:19:47,True,True,0,0,0,0,109,21,7,0.9659258262890683,-0.25881904510252063,0.0,-0.3389076799462753,0.0,-0.40873061708160113,0.3978102189781022,1.983178183677094,0.4117647058823529,2.133753349730755,0.0,0.0,2.0285714285714285
7669615259184038676,7669605491601326869,6866038665166078977,aaile sistem ma gako xina,aaile sistem ma gako xina,2026-08-03 07:29:38,True,True,0,0,0,0,25,5,7,0.9659258262890683,-0.25881904510252063,0.0,-0.3389076799462753,0.0,-0.40873061708160113,0.09124087591240876,-0.5696831668535304,0.09803921568627451,-0.5246117346135768,0.0,0.0,-0.37142857142857144
7669655157986444053,,7479829149630120967,Rasuwako Le nuwakot ko Dr Bata ni hunchha hola ni hoina?,rasuwako le nuwakot ko dr bata ni hunchha hola ni hoina?,2026-08-03 10:04:22,False,True,0,0,0,1,56,11,10,0.49999999999999994,-0.8660254037844387,0.0,-0.3389076799462753,0.08333333333333333,0.47740622211970224,0.20437956204379562,0.37244423631848583,0.21568627450980393,0.4722751720155476,0.0,0.27023815442731974,0.5142857142857142
7669663776594248456,7669655157986444053,7588871257367266322,1 2 din kurnu hola,1 2 din kurnu hola,2026-08-03 10:37:50,True,True,0,0,0,0,18,5,10,0.49999999999999994,-0.8660254037844387,0.0,-0.3389076799462753,0.0,-0.40873061708160113,0.06569343065693431,-0.7824216127310825,0.09803921568627451,-0.5246117346135768,0.0,0.0,-0.5714285714285714
7669582991337145096,,7547265999390901255,Trial pass gare ko xu ani rajasuwa kasri tirne,trial pass gare ko xu ani rajasuwa kasri tirne,2026-08-03 05:24:23,False,True,0,0,0,1,46,9,5,0.9659258262890683,0.25881904510252074,0.0,-0.3389076799462753,0.08333333333333333,0.47740622211970224,0.1678832116788321,0.06853217077912577,0.17647058823529413,0.1399795364725061,0.0,0.27023815442731974,0.22857142857142856
7669586719914099474,7669582991337145096,7588871257367266322,arko video ma cha,arko video ma cha,2026-08-03 05:38:52,True,True,0,0,0,0,17,4,5,0.9659258262890683,0.25881904510252074,0.0,-0.3389076799462753,0.0,-0.40873061708160113,0.06204379562043796,-0.8128128192850185,0.0784313725490196,-0.6907595523850976,0.0,0.0,-0.6
7669451337288975111,,6939947905237353478,nid xaina dai,nid xaina dai,2026-08-02 20:53:16,False,True,1,0,1,1,13,3,20,-0.8660254037844386,0.5000000000000001,0.1,1.0880720250906732,0.08333333333333333,0.47740622211970224,0.04744525547445255,-0.9343776455007624,0.058823529411764705,-0.8569073701566183,0.2890648263178878,0.27023815442731974,-0.7142857142857143
7669455555275375368,7669451337288975111,7588871257367266322,NID is compulsory for license.,nid is compulsory for license.,2026-08-02 21:09:42,True,True,0,0,0,0,30,5,21,-0.7071067811865477,0.7071067811865474,0.0,-0.3389076799462753,0.0,-0.40873061708160113,0.10948905109489052,-0.4177271340838503,0.09803921568627451,-0.5246117346135768,0.0,0.0,-0.22857142857142856
7669600012443796231,,7036349827475506181,Dai mero sub satpe sake sakeo thyo lisance generation huna matrai bake thyo fare first medical dakhai ra xa 😭,dai mero sub satpe sake sakeo thyo lisance generation huna matrai bake thyo fare first medical dakhai ra xa 😭,2026-08-03 06:30:27,False,True,0,0,1,0,109,20,6,1.0,6.123233995736766e-17,0.1,1.0880720250906732,0.0,-0.40873061708160113,0.3978102189781022,1.983178183677094,0.39215686274509803,1.9676055319592343,0.2890648263178878,0.0,2.0285714285714285
7669454204234629889,,7344187149782828033,Office approved kin dhilo hudaixa,office approved kin dhilo hudaixa,2026-08-02 21:04:27,False,True,1,0,1,1,33,5,21,-0.7071067811865477,0.7071067811865474,0.1,1.0880720250906732,0.08333333333333333,0.47740622211970224,0.12043795620437957,-0.32655351442204233,0.09803921568627451,-0.5246117346135768,0.2890648263178878,0.27023815442731974,-0.14285714285714285
7669455738485736200,7669454204234629889,7588871257367266322,"Staff thorai, application dherai vayera huna sakxa","staff thorai, application dherai vayera huna sakxa",2026-08-02 21:10:22,True,True,0,0,0,0,50,7,21,-0.7071067811865477,0.7071067811865474,0.0,-0.3389076799462753,0.0,-0.40873061708160113,0.18248175182481752,0.1900969969948698,0.13725490196078433,-0.19231609907053535,0.0,0.0,0.34285714285714286
7669799164918842133,,6948414256723739650,hello sir rajaswa tirna sikai dinuna sir,hello sir rajaswa tirna sikai dinuna sir,2026-08-03 19:28:10,False,True,0,0,0,1,40,7,19,-0.9659258262890684,0.2588190451025203,0.0,-0.3389076799462753,0.08333333333333333,0.47740622211970224,0.145985401459854,-0.11381506854449026,0.13725490196078433,-0.19231609907053535,0.0,0.27023815442731974,0.05714285714285714
7670165148666315527,7669799164918842133,7588871257367266322,check new video,check new video,2026-08-04 19:03:26,True,True,0,0,0,0,15,3,19,-0.9659258262890684,0.2588190451025203,0.0,-0.3389076799462753,0.0,-0.40873061708160113,0.05474452554744526,-0.8735952323928904,0.058823529411764705,-0.8569073701566183,0.0,0.0,-0.6571428571428571
7669450234674807560,,7532896530447303697,Pdf document expired hunxaa ki nai.,pdf document expired hunxaa ki nai.,2026-08-02 20:49:08,False,True,1,0,1,1,35,6,20,-0.8660254037844386,0.5000000000000001,0.1,1.0880720250906732,0.08333333333333333,0.47740622211970224,0.12773722627737227,-0.2657711013141703,0.11764705882352941,-0.3584639168420561,0.2890648263178878,0.27023815442731974,-0.08571428571428572
7669455661164249874,7669450234674807560,7588871257367266322,application tracking bata herna sakinxa,application tracking bata herna sakinxa,2026-08-02 21:10:06,True,True,0,0,0,0,39,5,21,-0.7071067811865477,0.7071067811865474,0.0,-0.3389076799462753,0.0,-0.40873061708160113,0.14233576642335766,-0.14420627509842626,0.09803921568627451,-0.5246117346135768,0.0,0.0,0.02857142857142857
7669526656465781520,,6911248387006628866,Kahile samma office approval hunxa aaba ...,kahile samma office approval hunxa aaba ...,2026-08-03 01:45:39,False,True,0,0,0,1,43,7,1,0.25881904510252074,0.9659258262890683,0.0,-0.3389076799462753,0.08333333333333333,0.47740622211970224,0.15693430656934307,-0.022641448882682248,0.13725490196078433,-0.19231609907053535,0.0,0.27023815442731974,0.14285714285714285
7669586858126672647,7669526656465781520,7588871257367266322,office employee le verify gare paxi time chai thyakkai vanna sakinna,office employee le verify gare paxi time chai thyakkai vanna sakinna,2026-08-03 05:39:32,True,True,0,0,0,0,68,11,5,0.9659258262890683,0.25881904510252074,0.0,-0.3389076799462753,0.0,-0.40873061708160113,0.24817518248175183,0.7371387149657179,0.21568627450980393,0.4722751720155476,0.0,0.0,0.8571428571428571
7669564282640614151,,7620482209850098708,sarbur khuileko horw sir,sarbur khuileko horw sir,2026-08-03 04:11:56,False,True,0,0,0,1,24,4,4,0.8660254037844386,0.5000000000000001,0.0,-0.3389076799462753,0.08333333333333333,0.47740622211970224,0.08759124087591241,-0.6000743734074664,0.0784313725490196,-0.6907595523850976,0.0,0.27023815442731974,-0.4
7669587172345791240,7669564282640614151,7588871257367266322,khulirako cha issue pani cha ali ali,khulirako cha issue pani cha ali ali,2026-08-03 05:40:50,True,True,0,0,0,0,36,7,5,0.9659258262890683,0.25881904510252074,0.0,-0.3389076799462753,0.0,-0.40873061708160113,0.13138686131386862,-0.2353798947602343,0.13725490196078433,-0.19231609907053535,0.0,0.0,-0.05714285714285714
7669613869875200788,,6999901051324875782,retrial kasari garni,retrial kasari garni,2026-08-03 07:24:17,False,True,0,0,0,1,20,3,7,0.9659258262890683,-0.25881904510252063,0.0,-0.3389076799462753,0.08333333333333333,0.47740622211970224,0.072992700729927,-0.7216391996232104,0.058823529411764705,-0.8569073701566183,0.0,0.27023815442731974,-0.5142857142857142
7669630385847894792,7669613869875200788,7588871257367266322,check previous video,check previous video,2026-08-03 08:28:07,True,True,0,0,0,0,20,3,8,0.8660254037844387,-0.4999999999999998,0.0,-0.3389076799462753,0.0,-0.40873061708160113,0.072992700729927,-0.7216391996232104,0.058823529411764705,-0.8569073701566183,0.0,0.0,-0.5142857142857142
7670434759541785364,,7584431272963114040,🥰🥰🥰,🥰🥰🥰,2026-08-05 12:29:45,False,True,0,0,0,0,3,1,12,1.2246467991473532e-16,-1.0,0.0,-0.3389076799462753,0.0,-0.40873061708160113,0.010948905109489052,-1.2382897110401225,0.0196078431372549,-1.1892030056996599,0.0,0.0,-1.0
7670419766537356052,,7526075818076161031,👍👍👍,👍👍👍,2026-08-05 11:31:35,False,True,0,0,0,0,3,1,11,0.258819045102521,-0.9659258262890682,0.0,-0.3389076799462753,0.0,-0.40873061708160113,0.010948905109489052,-1.2382897110401225,0.0196078431372549,-1.1892030056996599,0.0,0.0,-1.0
7670392353013760786,,7073652287898076187,💓💓💓,💓💓💓,2026-08-05 09:44:57,False,True,0,0,0,0,3,1,9,0.7071067811865476,-0.7071067811865475,0.0,-0.3389076799462753,0.0,-0.40873061708160113,0.010948905109489052,-1.2382897110401225,0.0196078431372549,-1.1892030056996599,0.0,0.0,-1.0
7669806109188915984,,6980010344585151493,👍,👍,2026-08-03 19:50:05,False,True,0,0,0,0,1,1,19,-0.9659258262890684,0.2588190451025203,0.0,-0.3389076799462753,0.0,-0.40873061708160113,0.0036496350364963502,-1.2990721241479946,0.0196078431372549,-1.1892030056996599,0.0,0.0,-1.0571428571428572
7669730691915563797,,7075328531622921242,😳😳😳,😳😳😳,2026-08-03 14:57:32,False,True,0,0,0,0,3,1,14,-0.4999999999999997,-0.8660254037844388,0.0,-0.3389076799462753,0.0,-0.40873061708160113,0.010948905109489052,-1.2382897110401225,0.0196078431372549,-1.1892030056996599,0.0,0.0,-1.0
7670536234862723858,,6923419669568128005,add category KO B KO Kate terana parxa plz reply,add category ko b ko kate terana parxa plz reply,2026-08-05 19:03:14,False,True,0,0,0,0,48,10,19,-0.9659258262890684,0.2588190451025203,0.0,-0.3389076799462753,0.0,-0.40873061708160113,0.17518248175182483,0.1293145838869978,0.19607843137254902,0.3061273542440269,0.0,0.0,0.2857142857142857
7670553966695416577,,6874762593577550853,office approve kasari hunx,office approve kasari hunx,2026-08-05 20:12:11,False,True,0,0,0,0,26,4,20,-0.8660254037844386,0.5000000000000001,0.0,-0.3389076799462753,0.0,-0.40873061708160113,0.0948905109489051,-0.5392919602995944,0.0784313725490196,-0.6907595523850976,0.0,0.0,-0.34285714285714286
7670724898951906068,,7187942342897386501,future plan k xa?,future plan k xa?,2026-08-06 07:15:31,False,True,0,0,0,0,17,4,7,0.9659258262890683,-0.25881904510252063,0.0,-0.3389076799462753,0.0,-0.40873061708160113,0.06204379562043796,-0.8128128192850185,0.0784313725490196,-0.6907595523850976,0.0,0.0,-0.6
7670505533305242388,,6955749158989644802,dai Mero retrial ko audaina,dai mero retrial ko audaina,2026-08-05 17:04:18,False,True,0,0,0,0,27,5,17,-0.9659258262890683,-0.25881904510252063,0.0,-0.3389076799462753,0.0,-0.40873061708160113,0.09854014598540146,-0.5089007537456584,0.09803921568627451,-0.5246117346135768,0.0,0.0,-0.3142857142857143
7670489545989833492,,6756885016825676801,Retrail form ani pay kasri grne?,retrail form ani pay kasri grne?,2026-08-05 16:02:15,False,True,0,0,0,0,32,6,16,-0.8660254037844384,-0.5000000000000004,0.0,-0.3389076799462753,0.0,-0.40873061708160113,0.11678832116788321,-0.35694472097597835,0.11764705882352941,-0.3584639168420561,0.0,0.0,-0.17142857142857143
7670515230824841991,,7202202599348372507,Driving License Smart card Lina jada documents haru k k liyera janu parxa ?,driving license smart card lina jada documents haru k k liyera janu parxa ?,2026-08-05 17:41:48,False,True,0,0,0,3,75,14,17,-0.9659258262890683,-0.25881904510252063,0.0,-0.3389076799462753,0.25,2.2496799005223087,0.2737226277372263,0.94987716084327,0.27450980392156865,0.9707186253301098,0.0,0.5404763088546395,1.0571428571428572
7670519401880388370,7670515230824841991,286306025199104000,Tei paila rajswa tireko bill matrai landa hunxa if milxa bane nagrita pani lanu,tei paila rajswa tireko bill matrai landa hunxa if milxa bane nagrita pani lanu,2026-08-05 17:58:05,True,True,0,0,1,0,79,14,17,-0.9659258262890683,-0.25881904510252063,0.1,1.0880720250906732,0.0,-0.40873061708160113,0.28832116788321166,1.071441987059014,0.27450980392156865,0.9707186253301098,0.2890648263178878,0.0,1.1714285714285715
7670520430300316423,7670515230824841991,7202202599348372507,Ani paisa Pani lagxa ra ?,ani paisa pani lagxa ra ?,2026-08-05 18:02:02,True,True,0,0,0,0,25,6,18,-1.0,-1.8369701987210297e-16,0.0,-0.3389076799462753,0.0,-0.40873061708160113,0.09124087591240876,-0.5696831668535304,0.11764705882352941,-0.3584639168420561,0.0,0.0,-0.37142857142857144
7670522479660909319,7670515230824841991,286306025199104000,Lagdhaina paisa,lagdhaina paisa,2026-08-05 18:10:03,True,True,0,0,1,0,15,2,18,-1.0,-1.8369701987210297e-16,0.1,1.0880720250906732,0.0,-0.40873061708160113,0.05474452554744526,-0.8735952323928904,0.0392156862745098,-1.023055187928139,0.2890648263178878,0.0,-0.6571428571428571
7670688179586646804,,6611323512136482822,rajaswo kasri tirne vedio banau na,rajaswo kasri tirne vedio banau na,2026-08-06 04:53:18,False,True,0,0,0,0,34,6,4,0.8660254037844386,0.5000000000000001,0.0,-0.3389076799462753,0.0,-0.40873061708160113,0.12408759124087591,-0.2961623078681063,0.11764705882352941,-0.3584639168420561,0.0,0.0,-0.11428571428571428
7670172073540502273,,7629217493949105168,ahile t rajasw tirnw mile xain,ahile t rajasw tirnw mile xain,2026-08-04 19:30:28,False,True,0,0,0,2,30,6,19,-0.9659258262890684,0.2588190451025203,0.0,-0.3389076799462753,0.16666666666666666,1.3635430613210056,0.10948905109489052,-0.4177271340838503,0.11764705882352941,-0.3584639168420561,0.0,0.4283173410313946,-0.22857142857142856
7670361540542300935,7670172073540502273,7588871257367266322,system ma issue vayera hola feri try garnu hola,system ma issue vayera hola feri try garnu hola,2026-08-05 07:45:39,True,True,0,0,0,0,47,9,7,0.9659258262890683,-0.25881904510252063,0.0,-0.3389076799462753,0.0,-0.40873061708160113,0.17153284671532848,0.09892337733306178,0.17647058823529413,0.1399795364725061,0.0,0.0,0.2571428571428571
7670401658962854672,7670172073540502273,7629217493949105168,tehi t dai aba approval dekhau x mero t pass vayeko rajasw tirnu parne x vairaxain,tehi t dai aba approval dekhau x mero t pass vayeko rajasw tirnu parne x vairaxain,2026-08-05 10:21:45,True,True,0,0,0,0,82,16,10,0.49999999999999994,-0.8660254037844387,0.0,-0.3389076799462753,0.0,-0.40873061708160113,0.29927007299270075,1.162615606720822,0.3137254901960784,1.3030142608731512,0.0,0.0,1.2571428571428571
7670633356887540501,,6939048754632786946,kati ho sir amount tirne?,kati ho sir amount tirne?,2026-08-06 01:20:23,False,True,0,0,0,0,25,5,1,0.25881904510252074,0.9659258262890683,0.0,-0.3389076799462753,0.0,-0.40873061708160113,0.09124087591240876,-0.5696831668535304,0.09803921568627451,-0.5246117346135768,0.0,0.0,-0.37142857142857144
7670784350614815506,,7403761447281394693,Dai rajasawa hui yatayahat gayar tirna milxa kinai ?,dai rajasawa hui yatayahat gayar tirna milxa kinai ?,2026-08-06 11:06:09,False,True,0,0,0,0,52,9,11,0.258819045102521,-0.9659258262890682,0.0,-0.3389076799462753,0.0,-0.40873061708160113,0.1897810218978102,0.25087941010274184,0.17647058823529413,0.1399795364725061,0.0,0.0,0.4
7670373282600928021,,6741377190325847045,,,2026-08-05 08:31:15,False,False,0,0,0,9,0,0,8,0.8660254037844387,-0.4999999999999998,0.0,-0.3389076799462753,0.75,7.566500935730129,0.0,-1.3294633307019306,0.0,-1.3553508234711804,0.0,0.8977117175026231,-1.0857142857142856
7670412421177295624,7670373282600928021,7588871257367266322,application tracking?,application tracking?,2026-08-05 11:02:52,True,True,0,0,0,0,21,2,11,0.258819045102521,-0.9659258262890682,0.0,-0.3389076799462753,0.0,-0.40873061708160113,0.07664233576642336,-0.6912479930692744,0.0392156862745098,-1.023055187928139,0.0,0.0,-0.4857142857142857
7670415056132571925,7670373282600928021,6741377190325847045,Yes correct application id rakhda ne yesto xa,yes correct application id rakhda ne yesto xa,2026-08-05 11:13:19,True,True,0,0,1,0,45,8,11,0.258819045102521,-0.9659258262890682,0.1,1.0880720250906732,0.0,-0.40873061708160113,0.16423357664233576,0.03814096422518977,0.1568627450980392,-0.02616828129901462,0.2890648263178878,0.0,0.2
7670415551071896338,7670373282600928021,7588871257367266322,update vaisakya xaina hola,update vaisakya xaina hola,2026-08-05 11:15:01,True,True,0,0,0,0,26,4,11,0.258819045102521,-0.9659258262890682,0.0,-0.3389076799462753,0.0,-0.40873061708160113,0.0948905109489051,-0.5392919602995944,0.0784313725490196,-0.6907595523850976,0.0,0.0,-0.34285714285714286
7670415824100885269,7670373282600928021,6741377190325847045,20 din vaisakyo aaile saamma ta vaisaknu parne ho,20 din vaisakyo aaile saamma ta vaisaknu parne ho,2026-08-05 11:16:21,True,True,0,0,1,0,49,9,11,0.258819045102521,-0.9659258262890682,0.1,1.0880720250906732,0.0,-0.40873061708160113,0.17883211678832117,0.1597057904409338,0.17647058823529413,0.1399795364725061,0.2890648263178878,0.0,0.3142857142857143
7670416375828415239,7670373282600928021,7588871257367266322,offical notice aako chaina,offical notice aako chaina,2026-08-05 11:18:19,True,True,0,0,0,0,26,4,11,0.258819045102521,-0.9659258262890682,0.0,-0.3389076799462753,0.0,-0.40873061708160113,0.0948905109489051,-0.5392919602995944,0.0784313725490196,-0.6907595523850976,0.0,0.0,-0.34285714285714286
7670505651629589269,7670373282600928021,6955749158989644802,tmro vyo ??,tmro vyo ??,2026-08-05 17:04:36,True,True,0,0,0,0,11,3,17,-0.9659258262890683,-0.25881904510252063,0.0,-0.3389076799462753,0.0,-0.40873061708160113,0.040145985401459854,-0.9951600586086344,0.058823529411764705,-0.8569073701566183,0.0,0.0,-0.7714285714285715
7670558318708867860,7670373282600928021,6741377190325847045,Same issue face gardai ho ?,same issue face gardai ho ?,2026-08-05 20:29:04,True,True,0,0,0,0,27,6,20,-0.8660254037844386,0.5000000000000001,0.0,-0.3389076799462753,0.0,-0.40873061708160113,0.09854014598540146,-0.5089007537456584,0.11764705882352941,-0.3584639168420561,0.0,0.0,-0.3142857142857143
7670568253290578709,7670373282600928021,6955749158989644802,aw yr sathi re trial dina application id halda estai vnxa,aw yr sathi re trial dina application id halda estai vnxa,2026-08-05 21:07:34,True,True,0,0,0,0,57,11,21,-0.7071067811865477,0.7071067811865474,0.0,-0.3389076799462753,0.0,-0.40873061708160113,0.20802919708029197,0.40283544287242185,0.21568627450980393,0.4722751720155476,0.0,0.0,0.5428571428571428
7670558227221725973,7670373282600928021,6741377190325847045,Xaena,xaena,2026-08-05 20:28:39,True,True,0,0,0,0,5,1,20,-0.8660254037844386,0.5000000000000001,0.0,-0.3389076799462753,0.0,-0.40873061708160113,0.01824817518248175,-1.1775072979322505,0.0196078431372549,-1.1892030056996599,0.0,0.0,-0.9428571428571428
7670189913615155986,,6966962058097542149,ani doctor lai vatna Kata jana,ani doctor lai vatna kata jana,2026-08-04 20:39:29,False,True,0,0,0,1,30,6,20,-0.8660254037844386,0.5000000000000001,0.0,-0.3389076799462753,0.08333333333333333,0.47740622211970224,0.10948905109489052,-0.4177271340838503,0.11764705882352941,-0.3584639168420561,0.0,0.27023815442731974,-0.22857142857142856
7670361497621070600,7670189913615155986,7588871257367266322,medical ko step bata dr ko list herna milxa afno najik ko dr ma jana sakinxa,medical ko step bata dr ko list herna milxa afno najik ko dr ma jana sakinxa,2026-08-05 07:45:19,True,True,0,0,0,0,76,16,7,0.9659258262890683,-0.25881904510252063,0.0,-0.3389076799462753,0.0,-0.40873061708160113,0.2773722627737226,0.980268367397206,0.3137254901960784,1.3030142608731512,0.0,0.0,1.0857142857142856
7670165729036272404,,6858504641090552834,thank you,thank you,2026-08-04 19:05:39,False,True,1,0,2,1,9,2,19,-0.9659258262890684,0.2588190451025203,0.2,2.5150517301276216,0.08333333333333333,0.47740622211970224,0.032846715328467155,-1.0559424717165065,0.0392156862745098,-1.023055187928139,0.45815690999132613,0.27023815442731974,-0.8285714285714286
7670361748051247879,7670165729036272404,7588871257367266322,,,2026-08-05 07:46:20,True,False,0,0,0,0,0,0,7,0.9659258262890683,-0.25881904510252063,0.0,-0.3389076799462753,0.0,-0.40873061708160113,0.0,-1.3294633307019306,0.0,-1.3553508234711804,0.0,0.0,-1.0857142857142856
7670165803081696008,,7547265999390901255,K garne aaba ta,k garne aaba ta,2026-08-04 19:05:49,False,True,0,0,0,1,15,4,19,-0.9659258262890684,0.2588190451025203,0.0,-0.3389076799462753,0.08333333333333333,0.47740622211970224,0.05474452554744526,-0.8735952323928904,0.0784313725490196,-0.6907595523850976,0.0,0.27023815442731974,-0.6571428571428571
7670361662892966663,7670165803081696008,7588871257367266322,?,?,2026-08-05 07:45:54,True,True,0,0,0,0,1,1,7,0.9659258262890683,-0.25881904510252063,0.0,-0.3389076799462753,0.0,-0.40873061708160113,0.0036496350364963502,-1.2990721241479946,0.0196078431372549,-1.1892030056996599,0.0,0.0,-1.0571428571428572
7670797683258917640,,7048792943230370821,,,2026-08-06 11:57:53,False,False,0,0,0,0,0,0,11,0.258819045102521,-0.9659258262890682,0.0,-0.3389076799462753,0.0,-0.40873061708160113,0.0,-1.3294633307019306,0.0,-1.3553508234711804,0.0,0.0,-1.0857142857142856
7670593841614930704,,6804023969526039557,😳😳😳,😳😳😳,2026-08-05 22:46:53,False,True,0,0,0,0,3,1,22,-0.5000000000000004,0.8660254037844384,0.0,-0.3389076799462753,0.0,-0.40873061708160113,0.010948905109489052,-1.2382897110401225,0.0196078431372549,-1.1892030056996599,0.0,0.0,-1.0
7670579430091473672,,6972135373306004486,👍👍👍,👍👍👍,2026-08-05 21:50:56,False,True,0,0,0,0,3,1,21,-0.7071067811865477,0.7071067811865474,0.0,-0.3389076799462753,0.0,-0.40873061708160113,0.010948905109489052,-1.2382897110401225,0.0196078431372549,-1.1892030056996599,0.0,0.0,-1.0
7670567111887192850,,7601045943458890753,🙏🙏🙏,🙏🙏🙏,2026-08-05 21:03:09,False,True,0,0,0,0,3,1,21,-0.7071067811865477,0.7071067811865474,0.0,-0.3389076799462753,0.0,-0.40873061708160113,0.010948905109489052,-1.2382897110401225,0.0196078431372549,-1.1892030056996599,0.0,0.0,-1.0
7670782865009738504,,7508010291108856840,ward no mistake xa k garnu paryo,ward no mistake xa k garnu paryo,2026-08-06 11:00:30,False,True,0,0,0,0,32,7,11,0.258819045102521,-0.9659258262890682,0.0,-0.3389076799462753,0.0,-0.40873061708160113,0.11678832116788321,-0.35694472097597835,0.13725490196078433,-0.19231609907053535,0.0,0.0,-0.17142857142857143
7670794095544189714,,7623987847364690961,Trail fail vako online varna sakinxa ki nai retrail ko form,trail fail vako online varna sakinxa ki nai retrail ko form,2026-08-06 11:43:58,False,True,0,0,0,0,59,11,11,0.258819045102521,-0.9659258262890682,0.0,-0.3389076799462753,0.0,-0.40873061708160113,0.21532846715328466,0.46361785598029387,0.21568627450980393,0.4722751720155476,0.0,0.0,0.6
7670712074893247240,,6708574794005054469,citizenship number chahi kasari change garne hola sir,citizenship number chahi kasari change garne hola sir,2026-08-06 06:25:53,False,True,0,0,0,1,53,8,6,1.0,6.123233995736766e-17,0.0,-0.3389076799462753,0.08333333333333333,0.47740622211970224,0.19343065693430658,0.2812706166566778,0.1568627450980392,-0.02616828129901462,0.0,0.27023815442731974,0.42857142857142855
7670768504468308743,7670712074893247240,7588871257367266322,yasko feature aaisakeko xaina,yasko feature aaisakeko xaina,2026-08-06 10:04:45,True,True,0,0,0,0,29,4,10,0.49999999999999994,-0.8660254037844387,0.0,-0.3389076799462753,0.0,-0.40873061708160113,0.10583941605839416,-0.4481183406377863,0.0784313725490196,-0.6907595523850976,0.0,0.0,-0.2571428571428571
7670733840482812692,,7560692519996048396,date of birth change garna k garnu parxa ?,date of birth change garna k garnu parxa ?,2026-08-06 07:50:28,False,True,0,0,0,1,42,9,7,0.9659258262890683,-0.25881904510252063,0.0,-0.3389076799462753,0.08333333333333333,0.47740622211970224,0.15328467153284672,-0.05303265543661825,0.17647058823529413,0.1399795364725061,0.0,0.27023815442731974,0.11428571428571428
7670768526992556818,7670733840482812692,7588871257367266322,yasto option aako xaina,yasto option aako xaina,2026-08-06 10:04:53,True,True,0,0,0,0,23,4,10,0.49999999999999994,-0.8660254037844387,0.0,-0.3389076799462753,0.0,-0.40873061708160113,0.08394160583941605,-0.6304655799614024,0.0784313725490196,-0.6907595523850976,0.0,0.0,-0.42857142857142855
7670499920784605972,,6939158531703211013,number twaa change vayoo update huna Kati time lagxa daii,number twaa change vayoo update huna kati time lagxa daii,2026-08-05 16:42:26,False,True,0,0,0,0,57,10,16,-0.8660254037844384,-0.5000000000000004,0.0,-0.3389076799462753,0.0,-0.40873061708160113,0.20802919708029197,0.40283544287242185,0.19607843137254902,0.3061273542440269,0.0,0.0,0.5428571428571428
7670477700004578069,,7456428915390841873,"dai office approval mai adkirachha, office nai janu parni hroa? 3 days vayo","dai office approval mai adkirachha, office nai janu parni hroa? 3 days vayo",2026-08-05 15:16:18,False,True,0,0,0,2,75,13,15,-0.7071067811865471,-0.7071067811865479,0.0,-0.3389076799462753,0.16666666666666666,1.3635430613210056,0.2737226277372263,0.94987716084327,0.2549019607843137,0.804570807558589,0.0,0.4283173410313946,1.0571428571428572
7670755761245635335,7670477700004578069,7576269923199403064,"no , office approval server system chale paxi hunxa aaile bugs glitch xa","no , office approval server system chale paxi hunxa aaile bugs glitch xa",2026-08-06 09:15:17,True,True,0,0,1,0,72,13,9,0.7071067811865476,-0.7071067811865475,0.1,1.0880720250906732,0.0,-0.40873061708160113,0.26277372262773724,0.858703541181462,0.2549019607843137,0.804570807558589,0.2890648263178878,0.0,0.9714285714285714
7670773738212885268,7670477700004578069,7456428915390841873,ye ❤️,ye ❤️,2026-08-06 10:25:06,True,True,0,0,0,0,5,2,10,0.49999999999999994,-0.8660254037844387,0.0,-0.3389076799462753,0.0,-0.40873061708160113,0.01824817518248175,-1.1775072979322505,0.0392156862745098,-1.023055187928139,0.0,0.0,-0.9428571428571428
7670468249595396885,,6995489761558545435,mero surname nai mistake aako xa kina hola 😳,mero surname nai mistake aako xa kina hola 😳,2026-08-05 14:39:35,False,True,0,0,0,2,44,9,14,-0.4999999999999997,-0.8660254037844388,0.0,-0.3389076799462753,0.16666666666666666,1.3635430613210056,0.16058394160583941,0.0077497576712537595,0.17647058823529413,0.1399795364725061,0.0,0.4283173410313946,0.17142857142857143
7670476066008564488,7670468249595396885,7588871257367266322,"transport office jana parxa hola , portal ma edit garne feature aaisakeko xaina","transport office jana parxa hola , portal ma edit garne feature aaisakeko xaina",2026-08-05 15:09:51,True,True,0,0,0,0,79,13,15,-0.7071067811865471,-0.7071067811865479,0.0,-0.3389076799462753,0.0,-0.40873061708160113,0.28832116788321166,1.071441987059014,0.2549019607843137,0.804570807558589,0.0,0.0,1.1714285714285715
7670480163779658517,7670468249595396885,6995489761558545435,transport office vaneko chai,transport office vaneko chai,2026-08-05 15:25:46,True,True,0,0,0,0,28,4,15,-0.7071067811865471,-0.7071067811865479,0.0,-0.3389076799462753,0.0,-0.40873061708160113,0.10218978102189781,-0.47850954719172234,0.0784313725490196,-0.6907595523850976,0.0,0.0,-0.2857142857142857
7670206425671156488,,6753093009032496133,sir 16 barsha change vayera 18 pugeko horw license nikalna lai,sir 16 barsha change vayera 18 pugeko horw license nikalna lai,2026-08-04 21:43:34,False,True,0,0,0,1,62,11,21,-0.7071067811865477,0.7071067811865474,0.0,-0.3389076799462753,0.08333333333333333,0.47740622211970224,0.22627737226277372,0.5547914756421019,0.21568627450980393,0.4722751720155476,0.0,0.27023815442731974,0.6857142857142857
7670362910975771399,7670206425671156488,7588871257367266322,officially aako ta xaina tara online system ma chai 18 to 60 vanera cha,officially aako ta xaina tara online system ma chai 18 to 60 vanera cha,2026-08-05 07:50:49,True,True,0,0,0,0,71,14,7,0.9659258262890683,-0.25881904510252063,0.0,-0.3389076799462753,0.0,-0.40873061708160113,0.2591240875912409,0.828312334627526,0.27450980392156865,0.9707186253301098,0.0,0.0,0.9428571428571428
7670468622842250004,,7165085379375137794,number change tw vayo aba smart card ma nih change garyako number aauxa ki naii,number change tw vayo aba smart card ma nih change garyako number aauxa ki naii,2026-08-05 14:41:07,False,True,0,0,0,1,79,15,14,-0.4999999999999997,-0.8660254037844388,0.0,-0.3389076799462753,0.08333333333333333,0.47740622211970224,0.28832116788321166,1.071441987059014,0.29411764705882354,1.1368664431016304,0.0,0.27023815442731974,1.1714285714285715
7670476130885321479,7670468622842250004,7588871257367266322,auxa,auxa,2026-08-05 15:10:07,True,True,0,0,0,0,4,1,15,-0.7071067811865471,-0.7071067811865479,0.0,-0.3389076799462753,0.0,-0.40873061708160113,0.014598540145985401,-1.2078985044861865,0.0196078431372549,-1.1892030056996599,0.0,0.0,-0.9714285714285714
7670405821662282503,,7218191523677438983,sir mero pani licence ma vay ko number harai sake xa aba kasri garne rinu,sir mero pani licence ma vay ko number harai sake xa aba kasri garne rinu,2026-08-05 10:37:14,False,True,0,0,0,1,73,15,10,0.49999999999999994,-0.8660254037844387,0.0,-0.3389076799462753,0.08333333333333333,0.47740622211970224,0.2664233576642336,0.889094747735398,0.29411764705882354,1.1368664431016304,0.0,0.27023815442731974,1.0
7670416579524035335,7670405821662282503,7588871257367266322,transport office nai janu parxa hola yasko lagi ta,transport office nai janu parxa hola yasko lagi ta,2026-08-05 11:19:01,True,True,0,0,0,0,50,9,11,0.258819045102521,-0.9659258262890682,0.0,-0.3389076799462753,0.0,-0.40873061708160113,0.18248175182481752,0.1900969969948698,0.17647058823529413,0.1399795364725061,0.0,0.0,0.34285714285714286
7670448807351698184,,7584399458407662600,"hlo sir aaaja bike sikney thauma form vorna rw. medial ani biometric ra likhit
aaja xa rw sir likhit Dina aruthau Jana pardaina sir",hlo sir aaaja bike sikney thauma form vorna rw. medial ani biometric ra likhit aaja xa rw sir likhit dina aruthau jana pardaina sir,2026-08-05 13:24:04,False,True,0,0,0,4,131,24,13,-0.2588190451025208,-0.9659258262890683,0.0,-0.3389076799462753,0.3333333333333333,3.135816739723612,0.4781021897810219,2.651784727863686,0.47058823529411764,2.6321968030453173,0.0,0.6274735630753033,2.657142857142857
7670449635156804370,7670448807351698184,7588871257367266322,transport office nai jana parxa,transport office nai jana parxa,2026-08-05 13:27:17,True,True,0,0,0,0,31,5,13,-0.2588190451025208,-0.9659258262890683,0.0,-0.3389076799462753,0.0,-0.40873061708160113,0.11313868613138686,-0.3873359275299143,0.09803921568627451,-0.5246117346135768,0.0,0.0,-0.2
7670450249118892808,7670448807351698184,7584399458407662600,bike sikney. thau medical rw biomatric hyaa nai xa aaunuhola likhit ni yetai hunxc sidai trial Dina laai chai jaana parxa Rey vaney kuro garnuhuntheo ani 1000 paisa Pani lagxa jasto Kura garnuhuntheo,bike sikney. thau medical rw biomatric hyaa nai xa aaunuhola likhit ni yetai hunxc sidai trial dina laai chai jaana parxa rey vaney kuro garnuhuntheo ani 1000 paisa pani lagxa jasto kura garnuhuntheo,2026-08-05 13:29:42,True,True,0,0,0,0,199,33,13,-0.2588190451025208,-0.9659258262890683,0.0,-0.3389076799462753,0.0,-0.40873061708160113,0.7262773722627737,4.718386773531335,0.6470588235294118,4.127527162989004,0.0,0.0,4.6
7670451426095285010,7670448807351698184,7588871257367266322,paisa khayera kaam garne broker haru bata kaam nagaraunu hola. online driving license ko portal bata matrai garnu hola,paisa khayera kaam garne broker haru bata kaam nagaraunu hola. online driving license ko portal bata matrai garnu hola,2026-08-05 13:34:14,True,True,0,0,0,0,118,19,13,-0.2588190451025208,-0.9659258262890683,0.0,-0.3389076799462753,0.0,-0.40873061708160113,0.4306569343065693,2.256699042662518,0.37254901960784315,1.8014577141877135,0.0,0.0,2.2857142857142856
7670457268051772168,7670448807351698184,7584399458407662600,aachakl form rw likhit dini date aaaxaina ni sir ani Kailey aauxa tw sir,aachakl form rw likhit dini date aaaxaina ni sir ani kailey aauxa tw sir,2026-08-05 13:56:54,True,True,0,0,0,0,72,14,13,-0.2588190451025208,-0.9659258262890683,0.0,-0.3389076799462753,0.0,-0.40873061708160113,0.26277372262773724,0.858703541181462,0.27450980392156865,0.9707186253301098,0.0,0.0,0.9714285714285714
7670180690163761928,,6673154273373160454,kasari garne video pathau nuss t,kasari garne video pathau nuss t,2026-08-04 20:03:38,False,True,0,0,0,1,32,6,20,-0.8660254037844386,0.5000000000000001,0.0,-0.3389076799462753,0.08333333333333333,0.47740622211970224,0.11678832116788321,-0.35694472097597835,0.11764705882352941,-0.3584639168420561,0.0,0.27023815442731974,-0.17142857142857143
7670361964589826834,7670180690163761928,7588871257367266322,application process ma detail enter gare paxi OTP enter garne thau ma dekhinxa Update Mobile Number vanera,application process ma detail enter gare paxi otp enter garne thau ma dekhinxa update mobile number vanera,2026-08-05 07:47:14,True,True,0,0,0,0,106,17,7,0.9659258262890683,-0.25881904510252063,0.0,-0.3389076799462753,0.0,-0.40873061708160113,0.38686131386861317,1.8920045640152863,0.3333333333333333,1.469162078644672,0.0,0.0,1.9428571428571428
7670459348527858452,,6569432207524904966,license name ma spelling mistake bhaxa kasari milauni ho vandinuna,license name ma spelling mistake bhaxa kasari milauni ho vandinuna,2026-08-05 14:05:10,False,True,0,0,0,1,66,10,14,-0.4999999999999997,-0.8660254037844388,0.0,-0.3389076799462753,0.08333333333333333,0.47740622211970224,0.24087591240875914,0.6763563018578459,0.19607843137254902,0.3061273542440269,0.0,0.27023815442731974,0.8
7670475955806307090,7670459348527858452,7588871257367266322,transport office jana parxa hola,transport office jana parxa hola,2026-08-05 15:09:26,True,True,0,0,0,0,32,5,15,-0.7071067811865471,-0.7071067811865479,0.0,-0.3389076799462753,0.0,-0.40873061708160113,0.11678832116788321,-0.35694472097597835,0.09803921568627451,-0.5246117346135768,0.0,0.0,-0.17142857142857143
7670195828959838983,,7571660010074227719,🤌,🤌,2026-08-04 21:02:22,False,True,1,0,1,1,1,1,21,-0.7071067811865477,0.7071067811865474,0.1,1.0880720250906732,0.08333333333333333,0.47740622211970224,0.0036496350364963502,-1.2990721241479946,0.0196078431372549,-1.1892030056996599,0.2890648263178878,0.27023815442731974,-1.0571428571428572
7670362067047973640,7670195828959838983,7588871257367266322,,,2026-08-05 07:47:34,True,False,0,0,0,0,0,0,7,0.9659258262890683,-0.25881904510252063,0.0,-0.3389076799462753,0.0,-0.40873061708160113,0.0,-1.3294633307019306,0.0,-1.3553508234711804,0.0,0.0,-1.0857142857142856
7670781056476218132,,6848987385541444614,office approbval vako xaena tesako lagi ke garnu parla sar,office approbval vako xaena tesako lagi ke garnu parla sar,2026-08-06 10:53:29,False,True,0,0,0,0,58,10,10,0.49999999999999994,-0.8660254037844387,0.0,-0.3389076799462753,0.0,-0.40873061708160113,0.2116788321167883,0.43322664942635786,0.19607843137254902,0.3061273542440269,0.0,0.0,0.5714285714285714
7670513350866584328,,6992526661187994650,Office approval na vako 1 hapta vaisakeyo kin ho,office approval na vako 1 hapta vaisakeyo kin ho,2026-08-05 17:34:30,False,True,0,0,0,0,48,9,17,-0.9659258262890683,-0.25881904510252063,0.0,-0.3389076799462753,0.0,-0.40873061708160113,0.17518248175182483,0.1293145838869978,0.17647058823529413,0.1399795364725061,0.0,0.0,0.2857142857142857
7668604516849681173,,7637573120514540560,yesh ma aayara aatkiyoo ABA kahila hunxa k garnu parxa ??,yesh ma aayara aatkiyoo aba kahila hunxa k garnu parxa ??,2026-07-31 14:07:22,False,True,0,0,1,1,57,11,14,-0.4999999999999997,-0.8660254037844388,0.1,1.0880720250906732,0.08333333333333333,0.47740622211970224,0.20802919708029197,0.40283544287242185,0.21568627450980393,0.4722751720155476,0.2890648263178878,0.27023815442731974,0.5428571428571428
7668965761063535368,7668604516849681173,7388073595840922641,Wait garne approved hunu deu aba,wait garne approved hunu deu aba,2026-08-01 13:29:11,True,True,0,0,1,0,32,6,13,-0.2588190451025208,-0.9659258262890683,0.1,1.0880720250906732,0.0,-0.40873061708160113,0.11678832116788321,-0.35694472097597835,0.11764705882352941,-0.3584639168420561,0.2890648263178878,0.0,-0.17142857142857143
7668643686099567367,,7508010291108856840,Daju mero ta license ma ward no nai bigrye xa k garney hola ? Please vandinu paryo,daju mero ta license ma ward no nai bigrye xa k garney hola ? please vandinu paryo,2026-07-31 16:39:12,False,True,0,0,1,3,82,17,16,-0.8660254037844384,-0.5000000000000004,0.1,1.0880720250906732,0.25,2.2496799005223087,0.29927007299270075,1.162615606720822,0.3333333333333333,1.469162078644672,0.2890648263178878,0.5404763088546395,1.2571428571428571
7669387534691369735,7668643686099567367,7371926301400105989,Ai lai sodna vandinxa,ai lai sodna vandinxa,2026-08-02 16:45:50,True,True,0,0,0,0,21,4,16,-0.8660254037844384,-0.5000000000000004,0.0,-0.3389076799462753,0.0,-0.40873061708160113,0.07664233576642336,-0.6912479930692744,0.0784313725490196,-0.6907595523850976,0.0,0.0,-0.4857142857142857
7669398199454696200,7668643686099567367,7508010291108856840,haha yata yat ja vanda raixa,haha yata yat ja vanda raixa,2026-08-02 17:27:09,True,True,0,0,1,0,28,6,17,-0.9659258262890683,-0.25881904510252063,0.1,1.0880720250906732,0.0,-0.40873061708160113,0.10218978102189781,-0.47850954719172234,0.11764705882352941,-0.3584639168420561,0.2890648263178878,0.0,-0.2857142857142857
7669420154699170567,7668643686099567367,7371926301400105989,😂😂😂,😂😂😂,2026-08-02 18:52:19,True,True,0,0,0,0,3,1,18,-1.0,-1.8369701987210297e-16,0.0,-0.3389076799462753,0.0,-0.40873061708160113,0.010948905109489052,-1.2382897110401225,0.0196078431372549,-1.1892030056996599,0.0,0.0,-1.0
7667475043845604103,,7060908934949438470,medical ko lagi doctor ko number rakhdinuvaxa Tara kunei number ma Pani call lagdaina . K garney hola?,medical ko lagi doctor ko number rakhdinuvaxa tara kunei number ma pani call lagdaina . k garney hola?,2026-07-28 13:04:27,False,True,0,0,1,2,102,18,13,-0.2588190451025208,-0.9659258262890683,0.1,1.0880720250906732,0.16666666666666666,1.3635430613210056,0.3722627737226277,1.7704397377995422,0.35294117647058826,1.6353098964161927,0.2890648263178878,0.4283173410313946,1.8285714285714285
7667979353549259538,7667475043845604103,7588871257367266322,1 2 din ma dr list update hunxa hola ani milxa,1 2 din ma dr list update hunxa hola ani milxa,2026-07-29 21:41:21,True,True,0,0,0,0,46,11,21,-0.7071067811865477,0.7071067811865474,0.0,-0.3389076799462753,0.0,-0.40873061708160113,0.1678832116788321,0.06853217077912577,0.21568627450980393,0.4722751720155476,0.0,0.0,0.22857142857142856
7667534626450490133,7667475043845604103,6869313149838984193,Tei ta same problem 🥺,tei ta same problem 🥺,2026-07-28 16:55:51,True,True,0,0,0,0,21,5,16,-0.8660254037844384,-0.5000000000000004,0.0,-0.3389076799462753,0.0,-0.40873061708160113,0.07664233576642336,-0.6912479930692744,0.09803921568627451,-0.5246117346135768,0.0,0.0,-0.4857142857142857
7669984768856212244,,6983321694857479194,छेपारो is sad ❤️‍🩹❤️‍🩹.,छेपारो is sad ❤️‍🩹❤️‍🩹.,2026-08-04 07:23:41,False,True,0,0,1,0,23,4,7,0.9659258262890683,-0.25881904510252063,0.1,1.0880720250906732,0.0,-0.40873061708160113,0.08394160583941605,-0.6304655799614024,0.0784313725490196,-0.6907595523850976,0.2890648263178878,0.0,-0.42857142857142855
7670272136711930645,,6931332360932983814,Sir ma aahile Nepal ma xain ma yahi September 20 samm aaudai xu tij dasain vanda aagi bike licence fom varna paula ki nai sir Nepal aayar,sir ma aahile nepal ma xain ma yahi september 20 samm aaudai xu tij dasain vanda aagi bike licence fom varna paula ki nai sir nepal aayar,2026-08-05 01:58:42,False,True,0,0,0,0,137,27,1,0.25881904510252074,0.9659258262890683,0.0,-0.3389076799462753,0.0,-0.40873061708160113,0.5,2.834131967187302,0.5294117647058824,3.1306402563598796,0.0,0.0,2.8285714285714287
7668185409395016455,,7296755691871552517,Dai trial pass vay paxi rajesokasri ternu online bata,dai trial pass vay paxi rajesokasri ternu online bata,2026-07-30 11:00:59,False,True,0,0,0,3,53,9,11,0.258819045102521,-0.9659258262890682,0.0,-0.3389076799462753,0.25,2.2496799005223087,0.19343065693430658,0.2812706166566778,0.17647058823529413,0.1399795364725061,0.0,0.5404763088546395,0.42857142857142855
7668186226080678674,7668185409395016455,7588871257367266322,application tracking option bata garna milxa,application tracking option bata garna milxa,2026-07-30 11:04:17,True,True,0,0,0,0,44,6,11,0.258819045102521,-0.9659258262890682,0.0,-0.3389076799462753,0.0,-0.40873061708160113,0.16058394160583941,0.0077497576712537595,0.11764705882352941,-0.3584639168420561,0.0,0.0,0.17142857142857143
7669762119843840776,7668185409395016455,7633811066556367879,Tya medical vaxa dai,tya medical vaxa dai,2026-08-03 16:59:24,True,True,0,0,0,0,20,4,16,-0.8660254037844384,-0.5000000000000004,0.0,-0.3389076799462753,0.0,-0.40873061708160113,0.072992700729927,-0.7216391996232104,0.0784313725490196,-0.6907595523850976,0.0,0.0,-0.5142857142857142
7668187126588146439,7668185409395016455,7296755691871552517,Daju payment kasri gatni aaba,daju payment kasri gatni aaba,2026-07-30 11:07:36,True,True,0,0,0,0,29,5,11,0.258819045102521,-0.9659258262890682,0.0,-0.3389076799462753,0.0,-0.40873061708160113,0.10583941605839416,-0.4481183406377863,0.09803921568627451,-0.5246117346135768,0.0,0.0,-0.2571428571428571
7668113312652264209,,7180386057443247130,maro yasto xa k garne hora aba sir,maro yasto xa k garne hora aba sir,2026-07-30 06:21:15,False,True,0,0,0,8,34,8,6,1.0,6.123233995736766e-17,0.0,-0.3389076799462753,0.6666666666666666,6.680364096528826,0.12408759124087591,-0.2961623078681063,0.1568627450980392,-0.02616828129901462,0.0,0.8566346820627895,-0.11428571428571428
7668186054768100104,7668113312652264209,7588871257367266322,dr lai phone garera medical garaunu hola. Dr le record entry gare paxi office approval ko lagi kurnu hola,dr lai phone garera medical garaunu hola. dr le record entry gare paxi office approval ko lagi kurnu hola,2026-07-30 11:03:28,True,True,0,0,1,0,105,19,11,0.258819045102521,-0.9659258262890682,0.1,1.0880720250906732,0.0,-0.40873061708160113,0.38321167883211676,1.8616133574613503,0.37254901960784315,1.8014577141877135,0.2890648263178878,0.0,1.9142857142857144
7668198580621132560,7668113312652264209,7180386057443247130,system ma लागू vako xina vannu hunxa ta phone gare ko sir💗,system ma लागू vako xina vannu hunxa ta phone gare ko sir💗,2026-07-30 11:52:09,True,True,0,0,0,0,58,12,11,0.258819045102521,-0.9659258262890682,0.0,-0.3389076799462753,0.0,-0.40873061708160113,0.2116788321167883,0.43322664942635786,0.23529411764705882,0.6384229897870684,0.0,0.0,0.5714285714285714
7668241510581027591,7668113312652264209,7118461648755967003,mero vayo ta,mero vayo ta,2026-07-30 14:38:47,True,True,0,0,0,0,12,3,14,-0.4999999999999997,-0.8660254037844388,0.0,-0.3389076799462753,0.0,-0.40873061708160113,0.043795620437956206,-0.9647688520546984,0.058823529411764705,-0.8569073701566183,0.0,0.0,-0.7428571428571429
7668262469132403457,7668113312652264209,7180386057443247130,inbox ma bolam na,inbox ma bolam na,2026-07-30 16:00:02,True,True,0,0,0,0,17,4,16,-0.8660254037844384,-0.5000000000000004,0.0,-0.3389076799462753,0.0,-0.40873061708160113,0.06204379562043796,-0.8128128192850185,0.0784313725490196,-0.6907595523850976,0.0,0.0,-0.6
7668357840130933522,7668113312652264209,7588871257367266322,system update ko kam sake paxi milxa,system update ko kam sake paxi milxa,2026-07-30 22:10:04,True,True,0,0,0,0,36,7,22,-0.5000000000000004,0.8660254037844384,0.0,-0.3389076799462753,0.0,-0.40873061708160113,0.13138686131386862,-0.2353798947602343,0.13725490196078433,-0.19231609907053535,0.0,0.0,-0.05714285714285714
7668270519087285000,7668113312652264209,7614106058151281684,Dr ko number ma call nai lagdina 7 8 din vayo hola maila form voreako aajai sama medical vako xaina,dr ko number ma call nai lagdina 7 8 din vayo hola maila form voreako aajai sama medical vako xaina,2026-07-30 16:31:12,True,True,0,0,0,0,99,20,16,-0.8660254037844384,-0.5000000000000004,0.0,-0.3389076799462753,0.0,-0.40873061708160113,0.3613138686131387,1.6792661181377342,0.39215686274509803,1.9676055319592343,0.0,0.0,1.7428571428571429
7670038918868108039,7668113312652264209,7229665733588239365,jhapa ko ma number nai xaina doctar mc ko,jhapa ko ma number nai xaina doctar mc ko,2026-08-04 10:53:30,True,True,0,0,0,0,41,9,10,0.49999999999999994,-0.8660254037844387,0.0,-0.3389076799462753,0.0,-0.40873061708160113,0.14963503649635038,-0.08342386199055427,0.17647058823529413,0.1399795364725061,0.0,0.0,0.08571428571428572
7668250595295740690,7668113312652264209,6721164284547646469,Num nai xaina ta,num nai xaina ta,2026-07-30 15:13:50,True,True,0,0,0,0,16,4,15,-0.7071067811865471,-0.7071067811865479,0.0,-0.3389076799462753,0.0,-0.40873061708160113,0.058394160583941604,-0.8432040258389544,0.0784313725490196,-0.6907595523850976,0.0,0.0,-0.6285714285714286
7668217943712711442,,7095549854919590939,lumbiniko server down x ho♥️,lumbiniko server down x ho♥️,2026-07-30 13:07:11,False,True,0,0,0,0,28,5,13,-0.2588190451025208,-0.9659258262890683,0.0,-0.3389076799462753,0.0,-0.40873061708160113,0.10218978102189781,-0.47850954719172234,0.09803921568627451,-0.5246117346135768,0.0,0.0,-0.2857142857142857
7669843656170291976,,7591901391447950357,mero to vornoi mildino to sir kino ho🙄😪,mero to vornoi mildino to sir kino ho🙄😪,2026-08-03 22:15:47,False,True,0,0,0,0,39,8,22,-0.5000000000000004,0.8660254037844384,0.0,-0.3389076799462753,0.0,-0.40873061708160113,0.14233576642335766,-0.14420627509842626,0.1568627450980392,-0.02616828129901462,0.0,0.0,0.02857142857142857
7667999804568699656,,6522287339984699394,Ani hamro aaba rajaswa online tirna kaile pauna yo hapta Pani na hune hora,ani hamro aaba rajaswa online tirna kaile pauna yo hapta pani na hune hora,2026-07-29 23:00:45,False,True,0,0,0,1,74,14,23,-0.25881904510252157,0.9659258262890681,0.0,-0.3389076799462753,0.08333333333333333,0.47740622211970224,0.27007299270072993,0.919485954289334,0.27450980392156865,0.9707186253301098,0.0,0.27023815442731974,1.0285714285714285
7668018283686642439,7667999804568699656,7588871257367266322,yayayat office le arko suchana nikalxa update ko kaam sake paxi. kaam suru vaye maile post garne chu,yayayat office le arko suchana nikalxa update ko kaam sake paxi. kaam suru vaye maile post garne chu,2026-07-30 00:12:29,True,True,0,0,0,0,100,18,0,0.0,1.0,0.0,-0.3389076799462753,0.0,-0.40873061708160113,0.36496350364963503,1.7096573246916702,0.35294117647058826,1.6353098964161927,0.0,0.0,1.7714285714285714
7667804834196636437,,7513123028935885842,sir bike KO ra scooter KO age Kati KO,sir bike ko ra scooter ko age kati ko,2026-07-29 10:24:14,False,True,0,0,0,4,37,9,10,0.49999999999999994,-0.8660254037844387,0.0,-0.3389076799462753,0.3333333333333333,3.135816739723612,0.13503649635036497,-0.2049886882062983,0.17647058823529413,0.1399795364725061,0.0,0.6274735630753033,-0.02857142857142857
7667898243032515335,7667804834196636437,7271201390541882370,18😂,18😂,2026-07-29 16:26:36,True,True,0,0,0,0,3,1,16,-0.8660254037844384,-0.5000000000000004,0.0,-0.3389076799462753,0.0,-0.40873061708160113,0.010948905109489052,-1.2382897110401225,0.0196078431372549,-1.1892030056996599,0.0,0.0,-1.0
7667939653840585493,7667804834196636437,7513123028935885842,hya kasto 18 vako horw🥺🫩,hya kasto 18 vako horw🥺🫩,2026-07-29 19:07:19,True,True,0,0,1,0,24,5,19,-0.9659258262890684,0.2588190451025203,0.1,1.0880720250906732,0.0,-0.40873061708160113,0.08759124087591241,-0.6000743734074664,0.09803921568627451,-0.5246117346135768,0.2890648263178878,0.0,-0.4
7667963007443845906,7667804834196636437,7271201390541882370,tai ta vaneko😭🙏,tai ta vaneko😭🙏,2026-07-29 20:37:49,True,True,0,0,0,0,15,3,20,-0.8660254037844386,0.5000000000000001,0.0,-0.3389076799462753,0.0,-0.40873061708160113,0.05474452554744526,-0.8735952323928904,0.058823529411764705,-0.8569073701566183,0.0,0.0,-0.6571428571428571
7667979483579695879,7667804834196636437,7588871257367266322,16 ho tara naya system ma 18 huna parne vanera aako cha. official notice naaunjel 16 nai ho,16 ho tara naya system ma 18 huna parne vanera aako cha. official notice naaunjel 16 nai ho,2026-07-29 21:41:49,True,True,0,0,0,0,91,18,21,-0.7071067811865477,0.7071067811865474,0.0,-0.3389076799462753,0.0,-0.40873061708160113,0.33211678832116787,1.436136465706246,0.35294117647058826,1.6353098964161927,0.0,0.0,1.5142857142857142
7668204061800760085,,6920788465097950209,dai trail likhit sabai pass vayesakiyo ani rajaso katna milirako xaina kasari rajaso katne hola,dai trail likhit sabai pass vayesakiyo ani rajaso katna milirako xaina kasari rajaso katne hola,2026-07-30 12:13:29,False,True,0,0,0,4,95,15,12,1.2246467991473532e-16,-1.0,0.0,-0.3389076799462753,0.3333333333333333,3.135816739723612,0.3467153284671533,1.5577012919219901,0.29411764705882354,1.1368664431016304,0.0,0.6274735630753033,1.6285714285714286
7668357458029200135,7668204061800760085,7588871257367266322,system update ko sake paxi milxa,system update ko sake paxi milxa,2026-07-30 22:08:36,True,True,0,0,1,0,32,6,22,-0.5000000000000004,0.8660254037844384,0.1,1.0880720250906732,0.0,-0.40873061708160113,0.11678832116788321,-0.35694472097597835,0.11764705882352941,-0.3584639168420561,0.2890648263178878,0.0,-0.17142857142857143
7668359669404697364,7668204061800760085,6920788465097950209,kailay sama yasto system hunxa kailay khulxa ho ?..,kailay sama yasto system hunxa kailay khulxa ho ?..,2026-07-30 22:17:13,True,True,0,0,0,0,51,9,22,-0.5000000000000004,0.8660254037844384,0.0,-0.3389076799462753,0.0,-0.40873061708160113,0.18613138686131386,0.2204882035488058,0.17647058823529413,0.1399795364725061,0.0,0.0,0.37142857142857144
7668361625083921170,7668204061800760085,7588871257367266322,next week samma ma sakinxa hola,next week samma ma sakinxa hola,2026-07-30 22:24:44,True,True,0,0,0,0,31,6,22,-0.5000000000000004,0.8660254037844384,0.0,-0.3389076799462753,0.0,-0.40873061708160113,0.11313868613138686,-0.3873359275299143,0.11764705882352941,-0.3584639168420561,0.0,0.0,-0.2
7669772930973680404,7668204061800760085,6920788465097950209,kailay dakhi hunxa hola dai,kailay dakhi hunxa hola dai,2026-08-03 17:41:28,True,True,0,0,0,0,27,5,17,-0.9659258262890683,-0.25881904510252063,0.0,-0.3389076799462753,0.0,-0.40873061708160113,0.09854014598540146,-0.5089007537456584,0.09803921568627451,-0.5246117346135768,0.0,0.0,-0.3142857142857143
7669361345472676625,,6613281255168442373,If i incorrectly selected the category how do i fix?,if i incorrectly selected the category how do i fix?,2026-08-02 15:04:05,False,True,0,0,0,0,52,10,15,-0.7071067811865471,-0.7071067811865479,0.0,-0.3389076799462753,0.0,-0.40873061708160113,0.1897810218978102,0.25087941010274184,0.19607843137254902,0.3061273542440269,0.0,0.0,0.4
7668287023018574612,,7392652598950249479,2083 ma license banauna kati barsa pugna parxa ?,2083 ma license banauna kati barsa pugna parxa ?,2026-07-30 17:35:18,False,True,0,0,0,1,48,9,17,-0.9659258262890683,-0.25881904510252063,0.0,-0.3389076799462753,0.08333333333333333,0.47740622211970224,0.17518248175182483,0.1293145838869978,0.17647058823529413,0.1399795364725061,0.0,0.27023815442731974,0.2857142857142857
7668357324674827016,7668287023018574612,7588871257367266322,"ailey samma 16 nai cha , officially 18 vanera aako xaina","ailey samma 16 nai cha , officially 18 vanera aako xaina",2026-07-30 22:07:59,True,True,0,0,0,0,56,11,22,-0.5000000000000004,0.8660254037844384,0.0,-0.3389076799462753,0.0,-0.40873061708160113,0.20437956204379562,0.37244423631848583,0.21568627450980393,0.4722751720155476,0.0,0.0,0.5142857142857142
7668277747487720200,,7052254838335456282,dai ani k paila mailay chalako number aaru ko name ma thiyo apply garda samma ani applay garda aaru ko name aayo ani mailay ntc ko office ma gayara tai chalako sim mero name ko banaya tara tya apply garako name chamge vayana kasari chamge garni ho natra cancel kasari garni😳,dai ani k paila mailay chalako number aaru ko name ma thiyo apply garda samma ani applay garda aaru ko name aayo ani mailay ntc ko office ma gayara tai chalako sim mero name ko banaya tara tya apply garako name chamge vayana kasari chamge garni ho natra cancel kasari garni😳,2026-07-30 16:59:10,False,True,0,0,0,0,274,51,16,-0.8660254037844384,-0.5000000000000004,0.0,-0.3389076799462753,0.0,-0.40873061708160113,1.0,6.997727265076535,1.0,7.118187882876377,0.0,0.0,6.742857142857143
7669077797449466631,,7207428605587981339,sir sab details halyo tara passport ko pic mageko xa but ma sanga xaina!! Now what to do sir?,sir sab details halyo tara passport ko pic mageko xa but ma sanga xaina!! now what to do sir?,2026-08-01 20:43:48,False,True,0,0,0,1,93,19,20,-0.8660254037844386,0.5000000000000001,0.0,-0.3389076799462753,0.08333333333333333,0.47740622211970224,0.33941605839416056,1.4969188788141181,0.37254901960784315,1.8014577141877135,0.0,0.27023815442731974,1.5714285714285714
7669702467865101064,7669077797449466631,6981546659742336005,nagirta bata garnus na Ani kina password bata gareko,nagirta bata garnus na ani kina password bata gareko,2026-08-03 13:07:55,True,True,0,0,0,0,52,9,13,-0.2588190451025208,-0.9659258262890683,0.0,-0.3389076799462753,0.0,-0.40873061708160113,0.1897810218978102,0.25087941010274184,0.17647058823529413,0.1399795364725061,0.0,0.0,0.4
7667956708853940999,,7002928613298635778,medical ko lagi tyo num ma contact gayerah gako blood group ane cbc sugar vnerah sabai report nikaldiyoo ane rs800 ligyoo ane approval ko lagi xutei 150 ligyo.. sabai ko yestai ho ki mero matra ho?,medical ko lagi tyo num ma contact gayerah gako blood group ane cbc sugar vnerah sabai report nikaldiyoo ane rs800 ligyoo ane approval ko lagi xutei 150 ligyo.. sabai ko yestai ho ki mero matra ho?,2026-07-29 20:13:27,False,True,0,0,0,4,197,36,20,-0.8660254037844386,0.5000000000000001,0.0,-0.3389076799462753,0.3333333333333333,3.135816739723612,0.718978102189781,4.657604360423463,0.7058823529411765,4.625970616303566,0.0,0.6274735630753033,4.542857142857143
7667978919798227719,7667956708853940999,7588871257367266322,sarkari clinic or private? kata janu paryo?,sarkari clinic or private? kata janu paryo?,2026-07-29 21:39:34,True,True,0,0,1,0,43,7,21,-0.7071067811865477,0.7071067811865474,0.1,1.0880720250906732,0.0,-0.40873061708160113,0.15693430656934307,-0.022641448882682248,0.13725490196078433,-0.19231609907053535,0.2890648263178878,0.0,0.14285714285714285
7668497865086550802,7667956708853940999,7002928613298635778,private,private,2026-07-31 07:13:34,True,True,0,0,0,0,7,1,7,0.9659258262890683,-0.25881904510252063,0.0,-0.3389076799462753,0.0,-0.40873061708160113,0.025547445255474453,-1.1167248848243785,0.0196078431372549,-1.1892030056996599,0.0,0.0,-0.8857142857142857
7668358287217492744,7667956708853940999,7588871257367266322,150 matrai ho,150 matrai ho,2026-07-30 22:11:44,True,True,0,0,0,0,13,3,22,-0.5000000000000004,0.8660254037844384,0.0,-0.3389076799462753,0.0,-0.40873061708160113,0.04744525547445255,-0.9343776455007624,0.058823529411764705,-0.8569073701566183,0.0,0.0,-0.7142857142857143
7668497982547067656,7667956708853940999,7002928613298635778,150 approval ko report ko 800 rey,150 approval ko report ko 800 rey,2026-07-31 07:13:54,True,True,0,0,0,0,33,7,7,0.9659258262890683,-0.25881904510252063,0.0,-0.3389076799462753,0.0,-0.40873061708160113,0.12043795620437957,-0.32655351442204233,0.13725490196078433,-0.19231609907053535,0.0,0.0,-0.14285714285714285
7668291947026989845,,6995489761558545435,medical garna jada name mistake dikhayo kina hola,medical garna jada name mistake dikhayo kina hola,2026-07-30 17:54:25,False,True,0,0,0,0,49,8,17,-0.9659258262890683,-0.25881904510252063,0.0,-0.3389076799462753,0.0,-0.40873061708160113,0.17883211678832117,0.1597057904409338,0.1568627450980392,-0.02616828129901462,0.0,0.0,0.3142857142857143
7669171484125020948,,6884925845639939074,Renew को के के गनु पर्छ,renew को के के गनु पर्छ,2026-08-02 02:47:39,False,True,0,0,0,0,23,6,2,0.49999999999999994,0.8660254037844387,0.0,-0.3389076799462753,0.0,-0.40873061708160113,0.08394160583941605,-0.6304655799614024,0.11764705882352941,-0.3584639168420561,0.0,0.0,-0.42857142857142855
7668212241107534612,,7504302287251588103,कैले सम्म खुल्छ होला मैले नि laisan निकाल्ने भनेकाे हाे कूनै जानकारी पाम न सर,कैले सम्म खुल्छ होला मैले नि laisan निकाल्ने भनेकाे हाे कूनै जानकारी पाम न सर,2026-07-30 12:45:06,False,True,0,0,0,1,77,15,12,1.2246467991473532e-16,-1.0,0.0,-0.3389076799462753,0.08333333333333333,0.47740622211970224,0.28102189781021897,1.010659573951142,0.29411764705882354,1.1368664431016304,0.0,0.27023815442731974,1.1142857142857143
7668358014102176530,7668212241107534612,7588871257367266322,next week samma ma chalxa hola,next week samma ma chalxa hola,2026-07-30 22:10:44,True,True,0,0,0,0,30,6,22,-0.5000000000000004,0.8660254037844384,0.0,-0.3389076799462753,0.0,-0.40873061708160113,0.10948905109489052,-0.4177271340838503,0.11764705882352941,-0.3584639168420561,0.0,0.0,-0.22857142857142856
7669060186929300242,,6939947905237353478,Dai ma Saudi ma ho ra nid xaina renew garna milxa ki nai ?,dai ma saudi ma ho ra nid xaina renew garna milxa ki nai ?,2026-08-01 19:35:28,False,True,0,0,0,0,58,14,19,-0.9659258262890684,0.2588190451025203,0.0,-0.3389076799462753,0.0,-0.40873061708160113,0.2116788321167883,0.43322664942635786,0.27450980392156865,0.9707186253301098,0.0,0.0,0.5714285714285714
7667939814180881160,,6761987663601140742,J gardani merota vayena,j gardani merota vayena,2026-07-29 19:07:56,False,True,0,0,0,2,23,4,19,-0.9659258262890684,0.2588190451025203,0.0,-0.3389076799462753,0.16666666666666666,1.3635430613210056,0.08394160583941605,-0.6304655799614024,0.0784313725490196,-0.6907595523850976,0.0,0.4283173410313946,-0.42857142857142855
7667979030843474696,7667939814180881160,7588871257367266322,issue k hola sir?,issue k hola sir?,2026-07-29 21:40:03,True,True,0,0,0,0,17,4,21,-0.7071067811865477,0.7071067811865474,0.0,-0.3389076799462753,0.0,-0.40873061708160113,0.06204379562043796,-0.8128128192850185,0.0784313725490196,-0.6907595523850976,0.0,0.0,-0.6
7668132168484750087,7667939814180881160,6761987663601140742,"date of birth, application id sab thik cha, Tara failed Matra vancha jati garda Ni","date of birth, application id sab thik cha, tara failed matra vancha jati garda ni",2026-07-30 07:34:26,True,True,0,0,0,0,82,15,7,0.9659258262890683,-0.25881904510252063,0.0,-0.3389076799462753,0.0,-0.40873061708160113,0.29927007299270075,1.162615606720822,0.29411764705882354,1.1368664431016304,0.0,0.0,1.2571428571428571
7668124860132770581,,7653058097460708373,SIR BILLBOOK KO RENEW KO VIDEO PLEASE..,sir billbook ko renew ko video please..,2026-07-30 07:06:16,False,True,1,0,2,1,39,7,7,0.9659258262890683,-0.25881904510252063,0.2,2.5150517301276216,0.08333333333333333,0.47740622211970224,0.14233576642335766,-0.14420627509842626,0.13725490196078433,-0.19231609907053535,0.45815690999132613,0.27023815442731974,0.02857142857142857
7668186204013069064,7668124860132770581,7588871257367266322,huss,huss,2026-07-30 11:03:58,True,True,0,0,0,0,4,1,11,0.258819045102521,-0.9659258262890682,0.0,-0.3389076799462753,0.0,-0.40873061708160113,0.014598540145985401,-1.2078985044861865,0.0196078431372549,-1.1892030056996599,0.0,0.0,-0.9714285714285714
7668466496339706644,,7589713656511693845,Online form vareko Aaba medical ko lagi kata janu sir,online form vareko aaba medical ko lagi kata janu sir,2026-07-31 05:12:00,False,True,0,0,0,1,53,10,5,0.9659258262890683,0.25881904510252074,0.0,-0.3389076799462753,0.08333333333333333,0.47740622211970224,0.19343065693430658,0.2812706166566778,0.19607843137254902,0.3061273542440269,0.0,0.27023815442731974,0.42857142857142855
7668547659599233810,7668466496339706644,7588871257367266322,dr ko number haru cha najik ko dr sanga kura garera janu hola,dr ko number haru cha najik ko dr sanga kura garera janu hola,2026-07-31 10:26:43,True,True,0,0,0,0,61,13,10,0.49999999999999994,-0.8660254037844387,0.0,-0.3389076799462753,0.0,-0.40873061708160113,0.22262773722627738,0.5244002690881658,0.2549019607843137,0.804570807558589,0.0,0.0,0.6571428571428571
7668353064260649748,,7096418805811741722,maiiiley jukkkiyarw nagariktako front page ko matra photo upload garexu aba k garney 😳,maiiiley jukkkiyarw nagariktako front page ko matra photo upload garexu aba k garney 😳,2026-07-30 21:51:34,False,True,0,0,0,0,86,14,21,-0.7071067811865477,0.7071067811865474,0.0,-0.3389076799462753,0.0,-0.40873061708160113,0.31386861313868614,1.284180432936566,0.27450980392156865,0.9707186253301098,0.0,0.0,1.3714285714285714
7667790863338357511,,7415637277655581702,maile tw birth date AD ma rakda poni tei vanxa,maile tw birth date ad ma rakda poni tei vanxa,2026-07-29 09:29:53,False,True,0,0,0,1,46,10,9,0.7071067811865476,-0.7071067811865475,0.0,-0.3389076799462753,0.08333333333333333,0.47740622211970224,0.1678832116788321,0.06853217077912577,0.19607843137254902,0.3061273542440269,0.0,0.27023815442731974,0.22857142857142856
7667979157921792776,7667790863338357511,7588871257367266322,Age 18 pugna parne cha naya system ma. official notice auna baki cha,age 18 pugna parne cha naya system ma. official notice auna baki cha,2026-07-29 21:40:31,True,True,0,0,0,0,68,13,21,-0.7071067811865477,0.7071067811865474,0.0,-0.3389076799462753,0.0,-0.40873061708160113,0.24817518248175183,0.7371387149657179,0.2549019607843137,0.804570807558589,0.0,0.0,0.8571428571428571
7668326879304696594,,6875135088184165377,hamro ta najik kunai Dr xainah k garne hola?? aba k hetauda bata chitwan Janu medical garna,hamro ta najik kunai dr xainah k garne hola?? aba k hetauda bata chitwan janu medical garna,2026-07-30 20:09:50,False,True,0,0,0,1,91,17,20,-0.8660254037844386,0.5000000000000001,0.0,-0.3389076799462753,0.08333333333333333,0.47740622211970224,0.33211678832116787,1.436136465706246,0.3333333333333333,1.469162078644672,0.0,0.27023815442731974,1.5142857142857142
7668357204341097234,7668326879304696594,7588871257367266322,list update hudai cha 1 2 ma check garnu hola,list update hudai cha 1 2 ma check garnu hola,2026-07-30 22:07:33,True,True,0,0,0,0,45,10,22,-0.5000000000000004,0.8660254037844384,0.0,-0.3389076799462753,0.0,-0.40873061708160113,0.16423357664233576,0.03814096422518977,0.19607843137254902,0.3061273542440269,0.0,0.0,0.2
7668355170971812616,,7628605495871849479,sir ahela ma 16 xu mahela offline form fullfill garna milcha ra official news ho ena ni,sir ahela ma 16 xu mahela offline form fullfill garna milcha ra official news ho ena ni,2026-07-30 21:59:41,False,True,0,0,1,3,87,17,21,-0.7071067811865477,0.7071067811865474,0.1,1.0880720250906732,0.25,2.2496799005223087,0.3175182481751825,1.314571639490502,0.3333333333333333,1.469162078644672,0.2890648263178878,0.5404763088546395,1.4
7668356965144740626,7668355170971812616,7588871257367266322,officially 18 vanera naaunjel 16 nai ho,officially 18 vanera naaunjel 16 nai ho,2026-07-30 22:06:40,True,True,0,0,0,0,39,7,22,-0.5000000000000004,0.8660254037844384,0.0,-0.3389076799462753,0.0,-0.40873061708160113,0.14233576642335766,-0.14420627509842626,0.13725490196078433,-0.19231609907053535,0.0,0.0,0.02857142857142857
7668746166944105236,7668355170971812616,7049746920533672986,16 ma milxa sir,16 ma milxa sir,2026-07-31 23:17:05,True,True,0,0,0,0,15,4,23,-0.25881904510252157,0.9659258262890681,0.0,-0.3389076799462753,0.0,-0.40873061708160113,0.05474452554744526,-0.8735952323928904,0.0784313725490196,-0.6907595523850976,0.0,0.0,-0.6571428571428571
7668363483718107911,7668355170971812616,7628605495871849479,mahela lina milcha ra sir,mahela lina milcha ra sir,2026-07-30 22:31:59,True,True,0,0,0,0,25,5,22,-0.5000000000000004,0.8660254037844384,0.0,-0.3389076799462753,0.0,-0.40873061708160113,0.09124087591240876,-0.5696831668535304,0.09803921568627451,-0.5246117346135768,0.0,0.0,-0.37142857142857144
7668197250555806482,,7068314356517815322,"Daii Ava new lisence KO lagi from Garda hunxa dada..???
reply please 🙏🏻🥺",daii ava new lisence ko lagi from garda hunxa dada..??? reply please 🙏🏻🥺,2026-07-30 11:46:50,False,True,0,0,0,0,72,13,11,0.258819045102521,-0.9659258262890682,0.0,-0.3389076799462753,0.0,-0.40873061708160113,0.26277372262773724,0.858703541181462,0.2549019607843137,0.804570807558589,0.0,0.0,0.9714285714285714
7668683958045967111,,6887148164795122694,trail pass vyekole kasari payment garne,trail pass vyekole kasari payment garne,2026-07-31 19:15:31,False,True,0,0,1,1,39,6,19,-0.9659258262890684,0.2588190451025203,0.1,1.0880720250906732,0.08333333333333333,0.47740622211970224,0.14233576642335766,-0.14420627509842626,0.11764705882352941,-0.3584639168420561,0.2890648263178878,0.27023815442731974,0.02857142857142857
7668901816704172820,7668683958045967111,6764887864275796997,malai ni vannu hai,malai ni vannu hai,2026-08-01 09:20:58,True,True,0,0,0,0,18,4,9,0.7071067811865476,-0.7071067811865475,0.0,-0.3389076799462753,0.0,-0.40873061708160113,0.06569343065693431,-0.7824216127310825,0.0784313725490196,-0.6907595523850976,0.0,0.0,-0.5714285714285714
7668699255583310613,,6878592834506425350,Maro ni same vairaki hunxa k Karan hunxa hola,maro ni same vairaki hunxa k karan hunxa hola,2026-07-31 20:14:57,False,True,0,0,0,0,45,9,20,-0.8660254037844386,0.5000000000000001,0.0,-0.3389076799462753,0.0,-0.40873061708160113,0.16423357664233576,0.03814096422518977,0.17647058823529413,0.1399795364725061,0.0,0.0,0.2
7668245371273642772,,6763845577588425733,category K rakhnu parni A bayaxa k garni,category k rakhnu parni a bayaxa k garni,2026-07-30 14:53:43,False,True,0,0,0,1,40,8,14,-0.4999999999999997,-0.8660254037844388,0.0,-0.3389076799462753,0.08333333333333333,0.47740622211970224,0.145985401459854,-0.11381506854449026,0.1568627450980392,-0.02616828129901462,0.0,0.27023815442731974,0.05714285714285714
7668357550333690631,7668245371273642772,7588871257367266322,add category bata K lagi varnu hola,add category bata k lagi varnu hola,2026-07-30 22:08:56,True,True,0,0,0,0,35,7,22,-0.5000000000000004,0.8660254037844384,0.0,-0.3389076799462753,0.0,-0.40873061708160113,0.12773722627737227,-0.2657711013141703,0.13725490196078433,-0.19231609907053535,0.0,0.0,-0.08571428571428572
7668109511789871890,,7171645805748012059,system hang vako xa tw,system hang vako xa tw,2026-07-30 06:06:34,False,True,0,0,0,1,22,5,6,1.0,6.123233995736766e-17,0.0,-0.3389076799462753,0.08333333333333333,0.47740622211970224,0.08029197080291971,-0.6608567865153384,0.09803921568627451,-0.5246117346135768,0.0,0.27023815442731974,-0.45714285714285713
7668186150356665096,7668109511789871890,7588871257367266322,retry garnu hola ramro internet connection ma,retry garnu hola ramro internet connection ma,2026-07-30 11:03:49,True,True,0,0,0,0,45,7,11,0.258819045102521,-0.9659258262890682,0.0,-0.3389076799462753,0.0,-0.40873061708160113,0.16423357664233576,0.03814096422518977,0.13725490196078433,-0.19231609907053535,0.0,0.0,0.2
7668858496964920085,,7276116746070868993,dai number aafhano name leunu lai ke garnu hola vanidisna,dai number aafhano name leunu lai ke garnu hola vanidisna,2026-08-01 06:33:17,False,True,0,0,0,0,57,10,6,1.0,6.123233995736766e-17,0.0,-0.3389076799462753,0.0,-0.40873061708160113,0.20802919708029197,0.40283544287242185,0.19607843137254902,0.3061273542440269,0.0,0.0,0.5428571428571428
7668550361134121736,,7394086747188331537,Sir maila 16 ma tryal pass vaisake aaba rasoda trina milxa ke nai 18 pugaxaina,sir maila 16 ma tryal pass vaisake aaba rasoda trina milxa ke nai 18 pugaxaina,2026-07-31 10:37:13,False,True,0,0,0,0,78,15,10,0.49999999999999994,-0.8660254037844387,0.0,-0.3389076799462753,0.0,-0.40873061708160113,0.2846715328467153,1.041050780505078,0.29411764705882354,1.1368664431016304,0.0,0.0,1.1428571428571428
7668347750794822416,,6637089680318103554,Expire licence ko payment garna mildainara?,expire licence ko payment garna mildainara?,2026-07-30 21:30:53,False,True,0,0,0,1,43,6,21,-0.7071067811865477,0.7071067811865474,0.0,-0.3389076799462753,0.08333333333333333,0.47740622211970224,0.15693430656934307,-0.022641448882682248,0.11764705882352941,-0.3584639168420561,0.0,0.27023815442731974,0.14285714285714285
7668357047662854920,7668347750794822416,7588871257367266322,renew garnu parxa sabai process system batai garna milxa,renew garnu parxa sabai process system batai garna milxa,2026-07-30 22:06:58,True,True,0,0,0,0,56,9,22,-0.5000000000000004,0.8660254037844384,0.0,-0.3389076799462753,0.0,-0.40873061708160113,0.20437956204379562,0.37244423631848583,0.17647058823529413,0.1399795364725061,0.0,0.0,0.5142857142857142
7668908083675284232,,7404450661616223249,age tw 16 nai ho ne Haina sir REPLAI plz,age tw 16 nai ho ne haina sir replai plz,2026-08-01 09:45:22,False,True,0,0,0,0,40,10,9,0.7071067811865476,-0.7071067811865475,0.0,-0.3389076799462753,0.0,-0.40873061708160113,0.145985401459854,-0.11381506854449026,0.19607843137254902,0.3061273542440269,0.0,0.0,0.05714285714285714
7668706452911162120,,6956636395075224578,retrail ko lagi,retrail ko lagi,2026-07-31 20:42:47,False,True,0,0,0,0,15,3,20,-0.8660254037844386,0.5000000000000001,0.0,-0.3389076799462753,0.0,-0.40873061708160113,0.05474452554744526,-0.8735952323928904,0.058823529411764705,-0.8569073701566183,0.0,0.0,-0.6571428571428571
7668570538654237448,,6728714884874568709,office approval ma adkiyo Mero,office approval ma adkiyo mero,2026-07-31 11:55:25,False,True,0,0,0,0,30,5,11,0.258819045102521,-0.9659258262890682,0.0,-0.3389076799462753,0.0,-0.40873061708160113,0.10948905109489052,-0.4177271340838503,0.09803921568627451,-0.5246117346135768,0.0,0.0,-0.22857142857142856
7668717779720094472,,6650691092348092421,purano 2 years aagadi ko trial fail le feri purano register Batai garni ki k ho new process,purano 2 years aagadi ko trial fail le feri purano register batai garni ki k ho new process,2026-07-31 21:26:50,False,True,0,0,0,0,91,18,21,-0.7071067811865477,0.7071067811865474,0.0,-0.3389076799462753,0.0,-0.40873061708160113,0.33211678832116787,1.436136465706246,0.35294117647058826,1.6353098964161927,0.0,0.0,1.5142857142857142
7668240310389015314,,6614330515980517381,mero ta scookar ko thauma motarcycal vaer k garne hola,mero ta scookar ko thauma motarcycal vaer k garne hola,2026-07-30 14:34:03,False,True,0,0,0,2,54,10,14,-0.4999999999999997,-0.8660254037844388,0.0,-0.3389076799462753,0.16666666666666666,1.3635430613210056,0.19708029197080293,0.3116618232106138,0.19607843137254902,0.3061273542440269,0.0,0.4283173410313946,0.45714285714285713
7668358165012660999,7668240310389015314,7588871257367266322,system update paxi edit garna milxa hola,system update paxi edit garna milxa hola,2026-07-30 22:11:15,True,True,0,0,0,0,40,7,22,-0.5000000000000004,0.8660254037844384,0.0,-0.3389076799462753,0.0,-0.40873061708160113,0.145985401459854,-0.11381506854449026,0.13725490196078433,-0.19231609907053535,0.0,0.0,0.05714285714285714
7668547333014192904,7668240310389015314,6614330515980517381,system update kahile hunx,system update kahile hunx,2026-07-31 10:25:27,True,True,0,0,0,0,25,4,10,0.49999999999999994,-0.8660254037844387,0.0,-0.3389076799462753,0.0,-0.40873061708160113,0.09124087591240876,-0.5696831668535304,0.0784313725490196,-0.6907595523850976,0.0,0.0,-0.37142857142857144
7667773004008571666,,7064951590591874074,Radhe Radhe यातायात कार्यालय काठमाडौंको अहिले सम्म समस्याको समाधान भएको छैन।। राजस्व कसरी तिर्ने होला सर हामीले ???,radhe radhe यातायात कार्यालय काठमाडौंको अहिले सम्म समस्याको समाधान भएको छैन।। राजस्व कसरी तिर्ने होला सर हामीले ???,2026-07-29 08:20:35,False,True,0,0,0,1,115,18,8,0.8660254037844387,-0.4999999999999998,0.0,-0.3389076799462753,0.08333333333333333,0.47740622211970224,0.4197080291970803,2.16552542300071,0.35294117647058826,1.6353098964161927,0.0,0.27023815442731974,2.2
7667979285055128338,7667773004008571666,7588871257367266322,sabai pradesh ko kaam sangai vairaheko cha. 1 2 din samma ma hunxa hola,sabai pradesh ko kaam sangai vairaheko cha. 1 2 din samma ma hunxa hola,2026-07-29 21:40:58,True,True,0,0,0,0,71,14,21,-0.7071067811865477,0.7071067811865474,0.0,-0.3389076799462753,0.0,-0.40873061708160113,0.2591240875912409,0.828312334627526,0.27450980392156865,0.9707186253301098,0.0,0.0,0.9428571428571428
7668624614559105813,,7479829149630120967,on-line application open bhaeko ho Ra ?,on-line application open bhaeko ho ra ?,2026-07-31 15:25:24,False,True,0,0,0,0,39,7,15,-0.7071067811865471,-0.7071067811865479,0.0,-0.3389076799462753,0.0,-0.40873061708160113,0.14233576642335766,-0.14420627509842626,0.13725490196078433,-0.19231609907053535,0.0,0.0,0.02857142857142857
7668866566697026305,,7278865185703134213,"dai maro aabo retail ko lagi grnu xa
but sim parents ko name ma xa aabo k grnu prla
?",dai maro aabo retail ko lagi grnu xa but sim parents ko name ma xa aabo k grnu prla ?,2026-08-01 07:04:16,False,True,0,0,0,0,85,20,7,0.9659258262890683,-0.25881904510252063,0.0,-0.3389076799462753,0.0,-0.40873061708160113,0.3102189781021898,1.25378922638263,0.39215686274509803,1.9676055319592343,0.0,0.0,1.3428571428571427
7667201107274728212,,7634191957477491732,Radhe radhe ko tw aajhaii pani bhako xainw 🥲,radhe radhe ko tw aajhaii pani bhako xainw 🥲,2026-07-27 19:21:29,False,True,0,0,1,1,44,9,19,-0.9659258262890684,0.2588190451025203,0.1,1.0880720250906732,0.08333333333333333,0.47740622211970224,0.16058394160583941,0.0077497576712537595,0.17647058823529413,0.1399795364725061,0.2890648263178878,0.27023815442731974,0.17142857142857143
7668018462367499026,7667201107274728212,7588871257367266322,yo week samma ma hunxa hola,yo week samma ma hunxa hola,2026-07-30 00:13:06,True,True,0,0,0,0,27,6,0,0.0,1.0,0.0,-0.3389076799462753,0.0,-0.40873061708160113,0.09854014598540146,-0.5089007537456584,0.11764705882352941,-0.3584639168420561,0.0,0.0,-0.3142857142857143
7668291777056473874,,6956498689621115909,Nepal corrupt system,nepal corrupt system,2026-07-30 17:53:37,False,True,0,0,0,0,20,3,17,-0.9659258262890683,-0.25881904510252063,0.0,-0.3389076799462753,0.0,-0.40873061708160113,0.072992700729927,-0.7216391996232104,0.058823529411764705,-0.8569073701566183,0.0,0.0,-0.5142857142857142
7668333382044238613,,7007269544172782597,@Ramesh Sharma application tracking bata kasari rajeswo tirni naya license ko?,@ramesh sharma application tracking bata kasari rajeswo tirni naya license ko?,2026-07-30 20:35:07,False,True,0,0,0,0,78,11,20,-0.8660254037844386,0.5000000000000001,0.0,-0.3389076799462753,0.0,-0.40873061708160113,0.2846715328467153,1.041050780505078,0.21568627450980393,0.4722751720155476,0.0,0.0,1.1428571428571428
7667254141244228359,,6695243401078735878,🥰🥰🥰,🥰🥰🥰,2026-07-27 22:47:05,False,True,1,0,2,0,3,1,22,-0.5000000000000004,0.8660254037844384,0.2,2.5150517301276216,0.0,-0.40873061708160113,0.010948905109489052,-1.2382897110401225,0.0196078431372549,-1.1892030056996599,0.45815690999132613,0.0,-1.0
